family,n_qubits,depth_setting,instance,seed,effective_hilbert_dim,expressibility_kl,meyer_wallach_mean,meyer_wallach_std,gradient_variance_mean_local_z,gradient_variance_median_local_z,log10_gradient_variance_mean_local_z,mean_abs_gradient_local_z,near_zero_gradient_fraction_local_z,gradient_variance_mean_staggered_z,gradient_variance_median_staggered_z,log10_gradient_variance_mean_staggered_z,mean_abs_gradient_staggered_z,near_zero_gradient_fraction_staggered_z,parameter_count,logical_depth,compiled_depth,total_gate_count,two_qubit_gate_count,connectivity_edges,connectivity_density,mean_degree,max_degree,degree_std,n_components,largest_component_fraction,global_efficiency,avg_shortest_path,diameter,avg_shortest_path_lcc,diameter_lcc,clustering_coefficient,mean_edges_per_layer,std_edges_per_layer,edge_coverage,edge_reuse_fraction
brickwall,4,1,0,204142,16.0,0.2487592168806217,0.3614003912900286,0.2394546742161803,0.0438068948530722,3.4148884454163526e-33,-1.358457529656095,0.0545475181122119,0.9166666666666666,0.0109365711331365,1.117083383614293e-33,-1.9611188179818464,0.044863407329743,0.6666666666666666,12.0,2.0,2.0,6.0,2.0,2.0,0.3333333333333333,1.0,1.0,0.0,2.0,0.5,0.3333333333333333,,,1.0,1.0,0.0,2.0,0.0,0.3333333333333333,0.0
brickwall,4,1,1,204143,16.0,0.2230505096154713,0.3921116389952992,0.2322174603963122,0.0388504966000123,3.362830687864144e-33,-1.4106034255305917,0.049530907887292,0.9166666666666666,0.0097643053647917,1.0265947433926325e-33,-2.0103586470989394,0.0431511438710459,0.6666666666666666,12.0,2.0,2.0,6.0,2.0,2.0,0.3333333333333333,1.0,1.0,0.0,2.0,0.5,0.3333333333333333,,,1.0,1.0,0.0,2.0,0.0,0.3333333333333333,0.0
brickwall,4,1,2,204144,16.0,0.2428520190272187,0.3427736767503501,0.2336574701213949,0.0375113969630251,5.304389326695368e-33,-1.4258367619746792,0.049505399560835,0.9166666666666666,0.011439379170203,1.0627674424681937e-33,-1.941597544622653,0.0444992828589676,0.6666666666666666,12.0,2.0,2.0,6.0,2.0,2.0,0.3333333333333333,1.0,1.0,0.0,2.0,0.5,0.3333333333333333,,,1.0,1.0,0.0,2.0,0.0,0.3333333333333333,0.0
brickwall,4,1,3,204145,16.0,0.1962125643315708,0.3819630913109295,0.2321949837085861,0.0366453748693762,4.7968221120275205e-33,-1.4359808312674078,0.0495359741279667,0.9166666666666666,0.0106365778238038,1.0650747100014212e-33,-1.973198077990228,0.0426874962699569,0.6666666666666666,12.0,2.0,2.0,6.0,2.0,2.0,0.3333333333333333,1.0,1.0,0.0,2.0,0.5,0.3333333333333333,,,1.0,1.0,0.0,2.0,0.0,0.3333333333333333,0.0
brickwall,4,1,4,204146,16.0,0.2283431081873839,0.3511220095154935,0.2309020548165645,0.0412508383531842,4.148744988607698e-33,-1.384567220727098,0.0522343430367876,0.9166666666666666,0.0099486959583939,5.858039953384092e-34,-2.0022338413838137,0.0414663581570398,0.6666666666666666,12.0,2.0,2.0,6.0,2.0,2.0,0.3333333333333333,1.0,1.0,0.0,2.0,0.5,0.3333333333333333,,,1.0,1.0,0.0,2.0,0.0,0.3333333333333333,0.0
brickwall,4,1,5,204147,16.0,0.2017368155701137,0.4000475872981889,0.1985679702188785,0.0407563454772716,4.031866327922071e-33,-1.3898047650534973,0.0515060379935579,0.9166666666666666,0.0115346358580225,1.0084291496915517e-33,-1.9379961113594184,0.0454922391179466,0.6666666666666666,12.0,2.0,2.0,6.0,2.0,2.0,0.3333333333333333,1.0,1.0,0.0,2.0,0.5,0.3333333333333333,,,1.0,1.0,0.0,2.0,0.0,0.3333333333333333,0.0
brickwall,4,1,6,204148,16.0,0.2486073691568611,0.3508356004135496,0.224622229981217,0.0425427095153352,3.8603249544381545e-33,-1.371174853641436,0.0533814460508371,0.9166666666666666,0.0101745035651832,1.4212751499222432e-33,-1.992486771700896,0.0423871754191748,0.6666666666666666,12.0,2.0,2.0,6.0,2.0,2.0,0.3333333333333333,1.0,1.0,0.0,2.0,0.5,0.3333333333333333,,,1.0,1.0,0.0,2.0,0.0,0.3333333333333333,0.0
brickwall,4,1,7,204149,16.0,0.2197927180816782,0.4031251518265212,0.2147450445732745,0.0483644070258754,3.903379577442633e-33,-1.315474132546253,0.0592289245567229,0.9166666666666666,0.010324653063208,1.3363228646767119e-33,-1.9861245329176445,0.0432395941685945,0.6666666666666666,12.0,2.0,2.0,6.0,2.0,2.0,0.3333333333333333,1.0,1.0,0.0,2.0,0.5,0.3333333333333333,,,1.0,1.0,0.0,2.0,0.0,0.3333333333333333,0.0
brickwall,4,1,8,204150,16.0,0.2427630170954622,0.3890974986171878,0.2170671947671597,0.032804900524628,4.792530642917942e-33,-1.4840612748300352,0.0465102277564177,0.9166666666666666,0.0106662410532742,1.1693518949772153e-33,-1.9719886056405915,0.0442901270497898,0.6666666666666666,12.0,2.0,2.0,6.0,2.0,2.0,0.3333333333333333,1.0,1.0,0.0,2.0,0.5,0.3333333333333333,,,1.0,1.0,0.0,2.0,0.0,0.3333333333333333,0.0
brickwall,4,1,9,204151,16.0,0.2399648543838438,0.3567609633911004,0.2285757324341082,0.0415775550056765,4.7529385580811975e-33,-1.3811410532143535,0.0530034848084787,0.9166666666666666,0.0104060144440672,1.3607377122390872e-33,-1.9827155756171544,0.0434778351476543,0.6666666666666666,12.0,2.0,2.0,6.0,2.0,2.0,0.3333333333333333,1.0,1.0,0.0,2.0,0.5,0.3333333333333333,,,1.0,1.0,0.0,2.0,0.0,0.3333333333333333,0.0
brickwall,4,2,0,204242,16.0,0.071399713906063,0.5696581476468512,0.1703446285538157,0.028362341599973,4.9793513568085296e-33,-1.5472579165790126,0.0562474863403344,0.75,0.0069222710808767,0.0025487929802955,-2.1597513974395044,0.0445462417296337,0.3333333333333333,24.0,4.0,4.0,11.0,3.0,3.0,0.5,1.5,2.0,0.5,1.0,1.0,0.7222222222222222,1.6666666666666667,3.0,1.6666666666666667,3.0,0.0,1.5,0.5,0.5,0.0
brickwall,4,2,1,204243,16.0,0.0654212802551746,0.5536892363723553,0.1888224475933959,0.0280258329253388,6.051737157236682e-33,-1.552441471346617,0.0525468583533181,0.75,0.0068142638990645,0.003310382360304,-2.166581051324611,0.044207921716873,0.3333333333333333,24.0,4.0,4.0,11.0,3.0,3.0,0.5,1.5,2.0,0.5,1.0,1.0,0.7222222222222222,1.6666666666666667,3.0,1.6666666666666667,3.0,0.0,1.5,0.5,0.5,0.0
brickwall,4,2,2,204244,16.0,0.0786771414307644,0.535444459987287,0.2138344727673448,0.0298811195024691,5.773104871959403e-33,-1.5246031356171137,0.0561346412820538,0.75,0.0071572006918863,0.0030928237137062,-2.1452568047566074,0.0458553325302459,0.3333333333333333,24.0,4.0,4.0,11.0,3.0,3.0,0.5,1.5,2.0,0.5,1.0,1.0,0.7222222222222222,1.6666666666666667,3.0,1.6666666666666667,3.0,0.0,1.5,0.5,0.5,0.0
brickwall,4,2,3,204245,16.0,0.0766678881429284,0.531684018213065,0.1937457927551495,0.0309216633173512,4.715835996791551e-33,-1.5097371528482035,0.0561174731834983,0.75,0.0072511809245872,0.0028869521905077,-2.1395912586336,0.0455384967245911,0.3333333333333333,24.0,4.0,4.0,11.0,3.0,3.0,0.5,1.5,2.0,0.5,1.0,1.0,0.7222222222222222,1.6666666666666667,3.0,1.6666666666666667,3.0,0.0,1.5,0.5,0.5,0.0
brickwall,4,2,4,204246,16.0,0.0807754267446155,0.543235781441984,0.1917680217755808,0.0268823070078248,5.111524207696566e-33,-1.5705334633795602,0.0527518121225092,0.75,0.0069941213078719,0.0028909565549603,-2.155266839444204,0.0455416059653224,0.3333333333333333,24.0,4.0,4.0,11.0,3.0,3.0,0.5,1.5,2.0,0.5,1.0,1.0,0.7222222222222222,1.6666666666666667,3.0,1.6666666666666667,3.0,0.0,1.5,0.5,0.5,0.0
brickwall,4,2,5,204247,16.0,0.0665853960780988,0.5876159826085741,0.1967867950667805,0.0268576322254931,6.5369170420402e-33,-1.5709322774725694,0.0529945965489931,0.75,0.0071792114170751,0.002714523299345,-2.143923257153438,0.0456497471499708,0.3333333333333333,24.0,4.0,4.0,11.0,3.0,3.0,0.5,1.5,2.0,0.5,1.0,1.0,0.7222222222222222,1.6666666666666667,3.0,1.6666666666666667,3.0,0.0,1.5,0.5,0.5,0.0
brickwall,4,2,6,204248,16.0,0.074364369584053,0.5143721438787717,0.1987291300139612,0.0303941709587063,5.525455791038695e-33,-1.5172096980755414,0.0575760753516334,0.75,0.006072825996798,0.0032118767266174,-2.2166091624330173,0.042478744357511,0.3333333333333333,24.0,4.0,4.0,11.0,3.0,3.0,0.5,1.5,2.0,0.5,1.0,1.0,0.7222222222222222,1.6666666666666667,3.0,1.6666666666666667,3.0,0.0,1.5,0.5,0.5,0.0
brickwall,4,2,7,204249,16.0,0.0750637260160972,0.5674741730320674,0.1959602615314832,0.0271988910526624,6.83692490866026e-33,-1.5654488025660709,0.0534330453825888,0.75,0.0072065450281701,0.0026637105916286,-2.1422728954502417,0.0455323780023963,0.3333333333333333,24.0,4.0,4.0,11.0,3.0,3.0,0.5,1.5,2.0,0.5,1.0,1.0,0.7222222222222222,1.6666666666666667,3.0,1.6666666666666667,3.0,0.0,1.5,0.5,0.5,0.0
brickwall,4,2,8,204250,16.0,0.0683760304429047,0.5341992730796542,0.1903817403982704,0.0317595321056752,4.800675931296484e-33,-1.4981259044004882,0.058052513698083,0.75,0.0072122015666391,0.0034085884795489,-2.141932144116046,0.0462016144822741,0.3333333333333333,24.0,4.0,4.0,11.0,3.0,3.0,0.5,1.5,2.0,0.5,1.0,1.0,0.7222222222222222,1.6666666666666667,3.0,1.6666666666666667,3.0,0.0,1.5,0.5,0.5,0.0
brickwall,4,2,9,204251,16.0,0.0615645164307264,0.5536314988807417,0.2096466265134385,0.0288099672472649,4.174944138015609e-33,-1.5404572354488544,0.0543289601715835,0.75,0.0070921413118054,0.003113162515101,-2.149222619612869,0.045180316614764,0.3333333333333333,24.0,4.0,4.0,11.0,3.0,3.0,0.5,1.5,2.0,0.5,1.0,1.0,0.7222222222222222,1.6666666666666667,3.0,1.6666666666666667,3.0,0.0,1.5,0.5,0.5,0.0
brickwall,4,3,0,204342,16.0,0.0167910088710405,0.6659510594177447,0.1538599312318053,0.0310734851045782,4.9875626617410296e-33,-1.5076100349070525,0.0619233815543618,0.75,0.00612691015537,0.0039997156076913,-2.21275848808866,0.0470038623614762,0.2222222222222222,36.0,6.0,6.0,17.0,5.0,3.0,0.5,1.5,2.0,0.5,1.0,1.0,0.7222222222222222,1.6666666666666667,3.0,1.6666666666666667,3.0,0.0,1.6666666666666667,0.4714045207910317,0.5,0.4
brickwall,4,3,1,204343,16.0,0.0173808878878992,0.6898978824739163,0.1558893409402259,0.0284245925400398,5.578056275728922e-33,-1.5463057521065635,0.0596646598641232,0.75,0.0058879618557356,0.0048934803386192,-2.230035012172118,0.0475428053353935,0.2222222222222222,36.0,6.0,6.0,17.0,5.0,3.0,0.5,1.5,2.0,0.5,1.0,1.0,0.7222222222222222,1.6666666666666667,3.0,1.6666666666666667,3.0,0.0,1.6666666666666667,0.4714045207910317,0.5,0.4
brickwall,4,3,2,204344,16.0,0.0147673198940716,0.6849845710158584,0.1561164686341212,0.02922059773245,5.690097805529298e-33,-1.5343109044438303,0.0604757043359376,0.75,0.0053564765139217,0.0043834998019712,-2.2711207949607344,0.0451532449331007,0.2222222222222222,36.0,6.0,6.0,17.0,5.0,3.0,0.5,1.5,2.0,0.5,1.0,1.0,0.7222222222222222,1.6666666666666667,3.0,1.6666666666666667,3.0,0.0,1.6666666666666667,0.4714045207910317,0.5,0.4
brickwall,4,3,3,204345,16.0,0.0167790616403477,0.6720607289935842,0.1752460265645558,0.0281897567346585,5.9257649641908674e-33,-1.5499086718847392,0.0575086031337112,0.75,0.0062407453038231,0.0051181964939617,-2.204763541405863,0.047774517514785,0.2222222222222222,36.0,6.0,6.0,17.0,5.0,3.0,0.5,1.5,2.0,0.5,1.0,1.0,0.7222222222222222,1.6666666666666667,3.0,1.6666666666666667,3.0,0.0,1.6666666666666667,0.4714045207910317,0.5,0.4
brickwall,4,3,4,204346,16.0,0.0136992732968288,0.6666098841638332,0.1846142065350724,0.0283952035336534,5.789218124491669e-33,-1.546755013994934,0.0595924323777797,0.75,0.0061212206281416,0.0049869286283531,-2.213161966872704,0.0479554841657859,0.2222222222222222,36.0,6.0,6.0,17.0,5.0,3.0,0.5,1.5,2.0,0.5,1.0,1.0,0.7222222222222222,1.6666666666666667,3.0,1.6666666666666667,3.0,0.0,1.6666666666666667,0.4714045207910317,0.5,0.4
brickwall,4,3,5,204347,16.0,0.0236667727410539,0.6767597026620575,0.1401978573670787,0.0304167945133091,5.541009270352658e-33,-1.5168865561782845,0.0611307219962252,0.75,0.0054278111811222,0.0050532612074014,-2.2653752686805047,0.0446173820320577,0.2222222222222222,36.0,6.0,6.0,17.0,5.0,3.0,0.5,1.5,2.0,0.5,1.0,1.0,0.7222222222222222,1.6666666666666667,3.0,1.6666666666666667,3.0,0.0,1.6666666666666667,0.4714045207910317,0.5,0.4
brickwall,4,3,6,204348,16.0,0.0215519411614408,0.6876287998046763,0.1598706568506552,0.0264376154591034,5.214946481391554e-33,-1.577777718613572,0.0569746918227875,0.75,0.0057278714433832,0.0035816155329056,-2.242006737916645,0.0444675370848196,0.2222222222222222,36.0,6.0,6.0,17.0,5.0,3.0,0.5,1.5,2.0,0.5,1.0,1.0,0.7222222222222222,1.6666666666666667,3.0,1.6666666666666667,3.0,0.0,1.6666666666666667,0.4714045207910317,0.5,0.4
brickwall,4,3,7,204349,16.0,0.0098396889977861,0.6634024815442008,0.1533852453353186,0.0275075022552699,5.59016379808136e-33,-1.56054884276194,0.0585826318866994,0.75,0.0057594986643941,0.0044239697727955,-2.2396153180981395,0.0457497260430661,0.2222222222222222,36.0,6.0,6.0,17.0,5.0,3.0,0.5,1.5,2.0,0.5,1.0,1.0,0.7222222222222222,1.6666666666666667,3.0,1.6666666666666667,3.0,0.0,1.6666666666666667,0.4714045207910317,0.5,0.4
brickwall,4,3,8,204350,16.0,0.0199972891678766,0.658427781128898,0.1543516304488113,0.025928936417047,5.442429720514885e-33,-1.5862152972561363,0.0555739766218973,0.75,0.0060608604203632,0.005365683061499,-2.2174657175349526,0.0475792481742244,0.2222222222222222,36.0,6.0,6.0,17.0,5.0,3.0,0.5,1.5,2.0,0.5,1.0,1.0,0.7222222222222222,1.6666666666666667,3.0,1.6666666666666667,3.0,0.0,1.6666666666666667,0.4714045207910317,0.5,0.4
brickwall,4,3,9,204351,16.0,0.0128447381713218,0.6938056053459792,0.1279831084641254,0.0283719441993845,4.722396380062863e-33,-1.5471109029727803,0.0586230314081233,0.75,0.0058484205179651,0.0048864900974003,-2.232961407926751,0.0461518279056724,0.2222222222222222,36.0,6.0,6.0,17.0,5.0,3.0,0.5,1.5,2.0,0.5,1.0,1.0,0.7222222222222222,1.6666666666666667,3.0,1.6666666666666667,3.0,0.0,1.6666666666666667,0.4714045207910317,0.5,0.4
brickwall,4,4,0,204442,16.0,0.0063627994886035,0.7010878234039839,0.1556628084884503,0.0216864978917019,0.0029186188222719,-1.663810575653374,0.0656960834308824,0.4791666666666667,0.0057493877266173,0.0054800644323595,-2.2403784024598803,0.0504335392861802,0.1666666666666666,48.0,8.0,8.0,22.0,6.0,3.0,0.5,1.5,2.0,0.5,1.0,1.0,0.7222222222222222,1.6666666666666667,3.0,1.6666666666666667,3.0,0.0,1.5,0.5,0.5,0.5
brickwall,4,4,1,204443,16.0,0.0070648157192812,0.6915949388027596,0.1516549433050157,0.0217625262341879,0.0027245712260417,-1.6622906923430238,0.064261204208325,0.4791666666666667,0.005242209333495,0.0048907746683323,-2.2804856406640126,0.0482627389955073,0.1666666666666666,48.0,8.0,8.0,22.0,6.0,3.0,0.5,1.5,2.0,0.5,1.0,1.0,0.7222222222222222,1.6666666666666667,3.0,1.6666666666666667,3.0,0.0,1.5,0.5,0.5,0.5
brickwall,4,4,2,204444,16.0,0.0064633122421924,0.6892818813509877,0.1530091968893843,0.02319373534412,0.0035776491667336,-1.6346293027332186,0.0680042894939208,0.4791666666666667,0.0055148675618647,0.0053965417633475,-2.258464912569567,0.0493520782374907,0.1666666666666666,48.0,8.0,8.0,22.0,6.0,3.0,0.5,1.5,2.0,0.5,1.0,1.0,0.7222222222222222,1.6666666666666667,3.0,1.6666666666666667,3.0,0.0,1.5,0.5,0.5,0.5
brickwall,4,4,3,204445,16.0,0.0049700658335152,0.7128001168163594,0.1296093352603059,0.0231325122482523,0.0020208942000603,-1.6357771992092616,0.0684822778208993,0.4791666666666667,0.0052405859369704,0.0045752115360212,-2.2806201529081296,0.0482068067564736,0.1666666666666666,48.0,8.0,8.0,22.0,6.0,3.0,0.5,1.5,2.0,0.5,1.0,1.0,0.7222222222222222,1.6666666666666667,3.0,1.6666666666666667,3.0,0.0,1.5,0.5,0.5,0.5
brickwall,4,4,4,204446,16.0,0.0040805975987404,0.7148802988439271,0.1487976275227045,0.0220318937459191,0.0015362081107361,-1.656948171571187,0.0671536974324943,0.4791666666666667,0.0055506082857069,0.0054901595567071,-2.2556594203637945,0.0498134344939914,0.1666666666666666,48.0,8.0,8.0,22.0,6.0,3.0,0.5,1.5,2.0,0.5,1.0,1.0,0.7222222222222222,1.6666666666666667,3.0,1.6666666666666667,3.0,0.0,1.5,0.5,0.5,0.5
brickwall,4,4,5,204447,16.0,0.0053205607297217,0.7271879825947372,0.1294759203298615,0.0223608016641688,0.0041640913827289,-1.6505126304777515,0.0658666378884206,0.4791666666666667,0.0053963269523447,0.0051302735231752,-2.267901745194063,0.0486314803382092,0.1666666666666666,48.0,8.0,8.0,22.0,6.0,3.0,0.5,1.5,2.0,0.5,1.0,1.0,0.7222222222222222,1.6666666666666667,3.0,1.6666666666666667,3.0,0.0,1.5,0.5,0.5,0.5
brickwall,4,4,6,204448,16.0,0.0031057819774367,0.7215961503161114,0.1452431625537902,0.0210923982196765,0.0017055459057142,-1.6758740378822226,0.0651540495505023,0.4791666666666667,0.0058168291175943,0.0062956438088029,-2.235313694388997,0.0506982565494743,0.1666666666666666,48.0,8.0,8.0,22.0,6.0,3.0,0.5,1.5,2.0,0.5,1.0,1.0,0.7222222222222222,1.6666666666666667,3.0,1.6666666666666667,3.0,0.0,1.5,0.5,0.5,0.5
brickwall,4,4,7,204449,16.0,0.0050748720990577,0.7082289881249169,0.1418002432848281,0.0227520766667906,0.0032738524858777,-1.6429789575225835,0.0680281117974944,0.4791666666666667,0.0053508575523372,0.0051126448803589,-2.2715766104268584,0.0485150854651635,0.1666666666666666,48.0,8.0,8.0,22.0,6.0,3.0,0.5,1.5,2.0,0.5,1.0,1.0,0.7222222222222222,1.6666666666666667,3.0,1.6666666666666667,3.0,0.0,1.5,0.5,0.5,0.5
brickwall,4,4,8,204450,16.0,0.0073771466175181,0.6976982738764523,0.1425371861847717,0.0215885756184773,0.0014658501005695,-1.665776010812696,0.0634948755780274,0.4791666666666667,0.0054376946694646,0.0055302541509053,-2.264585182016906,0.0499953158604487,0.1666666666666666,48.0,8.0,8.0,22.0,6.0,3.0,0.5,1.5,2.0,0.5,1.0,1.0,0.7222222222222222,1.6666666666666667,3.0,1.6666666666666667,3.0,0.0,1.5,0.5,0.5,0.5
brickwall,4,4,9,204451,16.0,0.004221936322242,0.7033626198715585,0.1453602279632792,0.0256794986676112,0.0032933892150894,-1.5904134591084536,0.0724354528932447,0.4791666666666667,0.0052053790279833,0.0048915935944176,-2.283547641990427,0.0483036376085829,0.1666666666666666,48.0,8.0,8.0,22.0,6.0,3.0,0.5,1.5,2.0,0.5,1.0,1.0,0.7222222222222222,1.6666666666666667,3.0,1.6666666666666667,3.0,0.0,1.5,0.5,0.5,0.5
brickwall,4,5,0,204542,16.0,0.002557372413612,0.7537713055045058,0.1223964180632322,0.0217025953171555,9.044410701571838e-33,-1.6634883276942176,0.0669729470325009,0.5333333333333333,0.0054039309406738,0.0053821791022186,-2.267290209664052,0.0507037028253312,0.1333333333333333,60.0,10.0,10.0,28.0,8.0,3.0,0.5,1.5,2.0,0.5,1.0,1.0,0.7222222222222222,1.6666666666666667,3.0,1.6666666666666667,3.0,0.0,1.6,0.4898979485566356,0.5,0.625
brickwall,4,5,1,204543,16.0,0.0016412307948645,0.7717454048601717,0.1128944103382474,0.0230024240203474,9.707203223570494e-33,-1.638226395148077,0.0674347589898629,0.5333333333333333,0.0055091004379483,0.0050099766670659,-2.2589193098105347,0.0509780423779354,0.1333333333333333,60.0,10.0,10.0,28.0,8.0,3.0,0.5,1.5,2.0,0.5,1.0,1.0,0.7222222222222222,1.6666666666666667,3.0,1.6666666666666667,3.0,0.0,1.6,0.4898979485566356,0.5,0.625
brickwall,4,5,2,204544,16.0,0.0018034164988155,0.757823824066677,0.1172447080261898,0.0203142295767316,9.341577941079263e-33,-1.6921996437741342,0.064392421034694,0.5333333333333333,0.0055995663532854,0.0055326319894356,-2.2518456047201303,0.0516668943490699,0.1333333333333333,60.0,10.0,10.0,28.0,8.0,3.0,0.5,1.5,2.0,0.5,1.0,1.0,0.7222222222222222,1.6666666666666667,3.0,1.6666666666666667,3.0,0.0,1.6,0.4898979485566356,0.5,0.625
brickwall,4,5,3,204545,16.0,0.0017333869993004,0.767843724921503,0.1198987529761624,0.0208893408858996,9.4488090339726e-33,-1.6800752629460982,0.0646222882197534,0.5333333333333333,0.0048621332538637,0.0048253018326844,-2.31317314285494,0.0477308646532028,0.1333333333333333,60.0,10.0,10.0,28.0,8.0,3.0,0.5,1.5,2.0,0.5,1.0,1.0,0.7222222222222222,1.6666666666666667,3.0,1.6666666666666667,3.0,0.0,1.6,0.4898979485566356,0.5,0.625
brickwall,4,5,4,204546,16.0,0.0018549487026138,0.7720434788855441,0.1193809798467127,0.0204691978958382,9.747867008168431e-33,-1.688899175228871,0.0644697821574033,0.5333333333333333,0.005401049286989,0.0049672272584702,-2.267521859569444,0.0499850684500009,0.1333333333333333,60.0,10.0,10.0,28.0,8.0,3.0,0.5,1.5,2.0,0.5,1.0,1.0,0.7222222222222222,1.6666666666666667,3.0,1.6666666666666667,3.0,0.0,1.6,0.4898979485566356,0.5,0.625
brickwall,4,5,5,204547,16.0,0.0033990204200397,0.7575547967866396,0.1207763250182355,0.0213855825141918,1.0373042139702207e-32,-1.6698789156548368,0.0650633103012736,0.5333333333333333,0.0052724246265582,0.0056309237035827,-2.277989620124048,0.0500558348421868,0.1333333333333333,60.0,10.0,10.0,28.0,8.0,3.0,0.5,1.5,2.0,0.5,1.0,1.0,0.7222222222222222,1.6666666666666667,3.0,1.6666666666666667,3.0,0.0,1.6,0.4898979485566356,0.5,0.625
brickwall,4,5,6,204548,16.0,0.0026984482334073,0.7606335638018616,0.1110967162874001,0.0208756095664275,7.044732319368605e-33,-1.6803608342888772,0.063110595086386,0.5333333333333333,0.0052950540778129,0.0053255605594505,-2.276129600131413,0.0488737319805508,0.1333333333333333,60.0,10.0,10.0,28.0,8.0,3.0,0.5,1.5,2.0,0.5,1.0,1.0,0.7222222222222222,1.6666666666666667,3.0,1.6666666666666667,3.0,0.0,1.6,0.4898979485566356,0.5,0.625
brickwall,4,5,7,204549,16.0,0.0020300419197971,0.7689773061564038,0.1202549750939224,0.0208260346081826,9.324441455880097e-33,-1.6813934142446525,0.0641603755887246,0.5333333333333333,0.0054508146970365,0.005256135653655,-2.263538581762872,0.0504370093420279,0.1333333333333333,60.0,10.0,10.0,28.0,8.0,3.0,0.5,1.5,2.0,0.5,1.0,1.0,0.7222222222222222,1.6666666666666667,3.0,1.6666666666666667,3.0,0.0,1.6,0.4898979485566356,0.5,0.625
brickwall,4,5,8,204550,16.0,0.0026214441729976,0.7504838451826692,0.1340822832766275,0.020862616201739,6.638142896624662e-33,-1.6806312313488383,0.0658255027318572,0.5333333333333333,0.0055913904173187,0.005290989260051,-2.252480182188215,0.0512945618417047,0.1333333333333333,60.0,10.0,10.0,28.0,8.0,3.0,0.5,1.5,2.0,0.5,1.0,1.0,0.7222222222222222,1.6666666666666667,3.0,1.6666666666666667,3.0,0.0,1.6,0.4898979485566356,0.5,0.625
brickwall,4,5,9,204551,16.0,0.0040626185047896,0.7620560798285761,0.1248294867528281,0.0224258498495729,9.985974731022464e-33,-1.6492510899567137,0.0655738244992753,0.5333333333333333,0.0061606943960355,0.0064723600797748,-2.210370334041716,0.0539380686928561,0.1333333333333333,60.0,10.0,10.0,28.0,8.0,3.0,0.5,1.5,2.0,0.5,1.0,1.0,0.7222222222222222,1.6666666666666667,3.0,1.6666666666666667,3.0,0.0,1.6,0.4898979485566356,0.5,0.625
brickwall,6,1,0,206142,64.0,0.1988346703484242,0.3438663981008181,0.1986069697206416,0.028500122956241,4.833720758687495e-33,-1.545153266338795,0.0359113879588593,0.9444444444444444,0.0043738041816401,1.0327696731886245e-33,-2.3591406645395407,0.0281194944037689,0.6666666666666666,18.0,2.0,2.0,9.0,3.0,3.0,0.2,1.0,1.0,0.0,3.0,0.3333333333333333,0.2,,,1.0,1.0,0.0,3.0,0.0,0.2,0.0
brickwall,6,1,1,206143,64.0,0.2335962099832341,0.3744090389603633,0.1883962675242751,0.0280975621899023,4.776490342895877e-33,-1.5513313588636328,0.0359985670084852,0.9444444444444444,0.0044504624196108,7.736968541646043e-34,-2.351594861861395,0.028323063256544,0.6672222222222223,18.0,2.0,2.0,9.0,3.0,3.0,0.2,1.0,1.0,0.0,3.0,0.3333333333333333,0.2,,,1.0,1.0,0.0,3.0,0.0,0.2,0.0
brickwall,6,1,2,206144,64.0,0.2200845197578071,0.3633970741018842,0.1964248890785734,0.0231019140711642,6.102294723088279e-33,-1.6363520358608044,0.030804523857591,0.9444444444444444,0.005011181059588,9.920333018779089e-34,-2.300059905427665,0.0303499466654989,0.6666666666666666,18.0,2.0,2.0,9.0,3.0,3.0,0.2,1.0,1.0,0.0,3.0,0.3333333333333333,0.2,,,1.0,1.0,0.0,3.0,0.0,0.2,0.0
brickwall,6,1,3,206145,64.0,0.1645646690931918,0.3611924073918857,0.1793635720311443,0.0295621874461903,5.7111898015731697e-33,-1.5292634335836484,0.0371316160673897,0.9444444444444444,0.0045105923089917,7.327881537745953e-34,-2.3457664249432324,0.0287573168074092,0.6666666666666666,18.0,2.0,2.0,9.0,3.0,3.0,0.2,1.0,1.0,0.0,3.0,0.3333333333333333,0.2,,,1.0,1.0,0.0,3.0,0.0,0.2,0.0
brickwall,6,1,4,206146,64.0,0.1841142562441401,0.4153860816577057,0.1753869034428657,0.0299510814407209,5.3002447024094456e-33,-1.5235874919638692,0.0371952631502124,0.9444444444444444,0.0043703183218542,1.0183321401136418e-33,-2.359486929073068,0.0285121575809046,0.6666666666666666,18.0,2.0,2.0,9.0,3.0,3.0,0.2,1.0,1.0,0.0,3.0,0.3333333333333333,0.2,,,1.0,1.0,0.0,3.0,0.0,0.2,0.0
brickwall,6,1,5,206147,64.0,0.1980834075048685,0.3994839955577929,0.1900231614403927,0.0282633036001463,4.92303697580313e-33,-1.548777076335299,0.0361174454243917,0.9444444444444444,0.0045577809060209,7.719653767970377e-34,-2.341246555327877,0.0286738226790091,0.6666666666666666,18.0,2.0,2.0,9.0,3.0,3.0,0.2,1.0,1.0,0.0,3.0,0.3333333333333333,0.2,,,1.0,1.0,0.0,3.0,0.0,0.2,0.0
brickwall,6,1,6,206148,64.0,0.1999524003309465,0.3748465580779925,0.1651737971577695,0.027225540955555,6.239922076927492e-33,-1.565023482309433,0.0341593996457467,0.9444444444444444,0.0047473867446853,9.840912504672057e-34,-2.3235453871480543,0.029117437668101,0.6666666666666666,18.0,2.0,2.0,9.0,3.0,3.0,0.2,1.0,1.0,0.0,3.0,0.3333333333333333,0.2,,,1.0,1.0,0.0,3.0,0.0,0.2,0.0
brickwall,6,1,7,206149,64.0,0.1805546930381402,0.3815625945418733,0.1728848088803979,0.0280591245341481,4.868907073306058e-33,-1.551925883411718,0.0365143159242769,0.9444444444444444,0.00478692472925,1.0844411257952082e-33,-2.3199434014147173,0.0297190393638831,0.6666666666666666,18.0,2.0,2.0,9.0,3.0,3.0,0.2,1.0,1.0,0.0,3.0,0.3333333333333333,0.2,,,1.0,1.0,0.0,3.0,0.0,0.2,0.0
brickwall,6,1,8,206150,64.0,0.1836533107166661,0.386586382044781,0.1820553497091689,0.0238776706936434,6.940535794514327e-33,-1.6220080416229687,0.0312929120786463,0.9444444444444444,0.0047274189203814,1.0073841939349756e-33,-2.325375910972161,0.0296212740141467,0.6666666666666666,18.0,2.0,2.0,9.0,3.0,3.0,0.2,1.0,1.0,0.0,3.0,0.3333333333333333,0.2,,,1.0,1.0,0.0,3.0,0.0,0.2,0.0
brickwall,6,1,9,206151,64.0,0.2166124954404476,0.3890177240175357,0.1700344846433129,0.0264877223537456,5.221464703544401e-33,-1.5769553845388384,0.0341420136980232,0.9444444444444444,0.0046391032776667,6.585033113810788e-34,-2.3335659589273514,0.028379819990414,0.6666666666666666,18.0,2.0,2.0,9.0,3.0,3.0,0.2,1.0,1.0,0.0,3.0,0.3333333333333333,0.2,,,1.0,1.0,0.0,3.0,0.0,0.2,0.0
brickwall,6,2,0,206242,64.0,0.0797463737590794,0.6061031748374702,0.1472645913007312,0.020909721407181,4.554384851073415e-33,-1.6796517535108777,0.0383242961255513,0.8333333333333334,0.0029470662813088,0.0013833026970549,-2.5306100964938243,0.0283341126357743,0.3333333333333333,36.0,4.0,4.0,17.0,5.0,5.0,0.3333333333333333,1.6666666666666667,2.0,0.4714045207910317,1.0,1.0,0.58,2.333333333333333,5.0,2.333333333333333,5.0,0.0,2.5,0.5,0.3333333333333333,0.0
brickwall,6,2,1,206243,64.0,0.094864992445871,0.6227885490211329,0.1530264423114214,0.0184496876842113,4.140343815809463e-33,-1.7340109811673412,0.0362705537225624,0.8333333333333334,0.0028500163086419,0.0013176322193402,-2.545152654822043,0.0283660144600218,0.3333333333333333,36.0,4.0,4.0,17.0,5.0,5.0,0.3333333333333333,1.6666666666666667,2.0,0.4714045207910317,1.0,1.0,0.58,2.333333333333333,5.0,2.333333333333333,5.0,0.0,2.5,0.5,0.3333333333333333,0.0
brickwall,6,2,2,206244,64.0,0.108509271906617,0.6151830621696761,0.1587351812614756,0.0181384200498577,4.8938871165231575e-33,-1.7414005449226602,0.0346852881763003,0.8333333333333334,0.0028386802057205,0.0010055871465152,-2.546883530585701,0.0280064256699737,0.3333333333333333,36.0,4.0,4.0,17.0,5.0,5.0,0.3333333333333333,1.6666666666666667,2.0,0.4714045207910317,1.0,1.0,0.58,2.333333333333333,5.0,2.333333333333333,5.0,0.0,2.5,0.5,0.3333333333333333,0.0
brickwall,6,2,3,206245,64.0,0.1052882114343536,0.5991240632555528,0.1672848620265373,0.0185211124852791,5.3292950441265114e-33,-1.732332930628849,0.0343892972930592,0.8333333333333334,0.0031481887989117,0.0012162506624727,-2.501939230611926,0.0298685964179962,0.3333333333333333,36.0,4.0,4.0,17.0,5.0,5.0,0.3333333333333333,1.6666666666666667,2.0,0.4714045207910317,1.0,1.0,0.58,2.333333333333333,5.0,2.333333333333333,5.0,0.0,2.5,0.5,0.3333333333333333,0.0
brickwall,6,2,4,206246,64.0,0.0945618290021151,0.5987020624726206,0.1619137732896382,0.0201446450529248,4.360378902218861e-33,-1.6958403804430984,0.0385717613059491,0.8333333333333334,0.0031723000307146,0.0014330082645171,-2.498625744582144,0.0301595995486134,0.3333333333333333,36.0,4.0,4.0,17.0,5.0,5.0,0.3333333333333333,1.6666666666666667,2.0,0.4714045207910317,1.0,1.0,0.58,2.333333333333333,5.0,2.333333333333333,5.0,0.0,2.5,0.5,0.3333333333333333,0.0
brickwall,6,2,5,206247,64.0,0.0917278355357361,0.6241488689711183,0.1472514582203443,0.0195456158707387,4.601376775105729e-33,-1.708950640655143,0.0365947241281908,0.8333333333333334,0.002989728439302,0.0011040140000667,-2.524368257384156,0.0281234113313743,0.3333333333333333,36.0,4.0,4.0,17.0,5.0,5.0,0.3333333333333333,1.6666666666666667,2.0,0.4714045207910317,1.0,1.0,0.58,2.333333333333333,5.0,2.333333333333333,5.0,0.0,2.5,0.5,0.3333333333333333,0.0
brickwall,6,2,6,206248,64.0,0.0935284202276829,0.5966410545204767,0.1484353797773605,0.0194321266840403,5.432982507789443e-33,-1.711479666893729,0.0362404362692276,0.8333333333333334,0.0032588604323569,0.001303106507114,-2.4869342387233098,0.0298534156425486,0.3333333333333333,36.0,4.0,4.0,17.0,5.0,5.0,0.3333333333333333,1.6666666666666667,2.0,0.4714045207910317,1.0,1.0,0.58,2.333333333333333,5.0,2.333333333333333,5.0,0.0,2.5,0.5,0.3333333333333333,0.0
brickwall,6,2,7,206249,64.0,0.0804038597877499,0.5958690265290646,0.1692119351501254,0.0198609346046703,4.32251134444143e-33,-1.702000318574736,0.0376123274425934,0.8333333333333334,0.0030154966997776,0.0010452366162338,-2.520641142493688,0.0288654954208396,0.3333333333333333,36.0,4.0,4.0,17.0,5.0,5.0,0.3333333333333333,1.6666666666666667,2.0,0.4714045207910317,1.0,1.0,0.58,2.333333333333333,5.0,2.333333333333333,5.0,0.0,2.5,0.5,0.3333333333333333,0.0
brickwall,6,2,8,206250,64.0,0.0994827749703163,0.6029883719719535,0.1540232345632768,0.0175898881621162,5.1729596511854605e-33,-1.75473692181202,0.0347225329705114,0.8333333333333334,0.0029185844753246,0.0009288165105674,-2.5348277319798536,0.0287062255648889,0.3333333333333333,36.0,4.0,4.0,17.0,5.0,5.0,0.3333333333333333,1.6666666666666667,2.0,0.4714045207910317,1.0,1.0,0.58,2.333333333333333,5.0,2.333333333333333,5.0,0.0,2.5,0.5,0.3333333333333333,0.0
brickwall,6,2,9,206251,64.0,0.0786332792404985,0.6028609641775208,0.1396946190478992,0.0196251077007587,5.52908159359132e-33,-1.707187951208602,0.0367745551423027,0.8333333333333334,0.0031655523972845,0.0013345884242277,-2.4995504934951533,0.029541597609055,0.3333333333333333,36.0,4.0,4.0,17.0,5.0,5.0,0.3333333333333333,1.6666666666666667,2.0,0.4714045207910317,1.0,1.0,0.58,2.333333333333333,5.0,2.333333333333333,5.0,0.0,2.5,0.5,0.3333333333333333,0.0
brickwall,6,3,0,206342,64.0,0.0416726860609948,0.7277704697743418,0.1095358443750737,0.0193746144628937,4.085575506882621e-33,-1.712766930798619,0.0406951515604738,0.8333333333333334,0.0021620515799879,0.0018012231165279,-2.665133949311043,0.0276586122098209,0.2222222222222222,54.0,6.0,6.0,26.0,8.0,5.0,0.3333333333333333,1.6666666666666667,2.0,0.4714045207910317,1.0,1.0,0.58,2.333333333333333,5.0,2.333333333333333,5.0,0.0,2.6666666666666665,0.4714045207910317,0.3333333333333333,0.375
brickwall,6,3,1,206343,64.0,0.0454756729128507,0.7306738758187338,0.1040366238833027,0.018290169538578,4.2293694541742585e-33,-1.7377822688632407,0.038250505314702,0.8333333333333334,0.0024262706026975,0.0020080269629955,-2.615060763772625,0.0289984434100728,0.2222222222222222,54.0,6.0,6.0,26.0,8.0,5.0,0.3333333333333333,1.6666666666666667,2.0,0.4714045207910317,1.0,1.0,0.58,2.333333333333333,5.0,2.333333333333333,5.0,0.0,2.6666666666666665,0.4714045207910317,0.3333333333333333,0.375
brickwall,6,3,2,206344,64.0,0.0346442033316837,0.7125615486369133,0.1275946038184255,0.0185291476070038,5.030447507712541e-33,-1.732144558991378,0.0369942754266462,0.8333333333333334,0.0023619248531308,0.0017305332100344,-2.6267339239916696,0.028493816578022,0.2222222222222222,54.0,6.0,6.0,26.0,8.0,5.0,0.3333333333333333,1.6666666666666667,2.0,0.4714045207910317,1.0,1.0,0.58,2.333333333333333,5.0,2.333333333333333,5.0,0.0,2.6666666666666665,0.4714045207910317,0.3333333333333333,0.375
brickwall,6,3,3,206345,64.0,0.0331524710334768,0.7217236893372723,0.1400961618550062,0.0166047679615005,3.8369266816362716e-33,-1.7797671889450903,0.0363758939211962,0.8333333333333334,0.0023170433937591,0.0018444679947751,-2.635065832634853,0.0281097994711079,0.2222222222222222,54.0,6.0,6.0,26.0,8.0,5.0,0.3333333333333333,1.6666666666666667,2.0,0.4714045207910317,1.0,1.0,0.58,2.333333333333333,5.0,2.333333333333333,5.0,0.0,2.6666666666666665,0.4714045207910317,0.3333333333333333,0.375
brickwall,6,3,4,206346,64.0,0.0342321591012837,0.7317098677054784,0.1314064042960195,0.0168312878749705,4.0757656304883176e-33,-1.7738826519627375,0.036011690029097,0.8333333333333334,0.0021600870583787,0.0017538222097339,-2.665528745047415,0.028234887292328,0.2222222222222222,54.0,6.0,6.0,26.0,8.0,5.0,0.3333333333333333,1.6666666666666667,2.0,0.4714045207910317,1.0,1.0,0.58,2.333333333333333,5.0,2.333333333333333,5.0,0.0,2.6666666666666665,0.4714045207910317,0.3333333333333333,0.375
brickwall,6,3,5,206347,64.0,0.0378298849890516,0.713505064687575,0.126860221634232,0.0164909249851351,4.1876319326611226e-33,-1.782754983853748,0.0353984704852407,0.8333333333333334,0.0023073462641448,0.0019566270549929,-2.636887225885056,0.0284024975118705,0.2222222222222222,54.0,6.0,6.0,26.0,8.0,5.0,0.3333333333333333,1.6666666666666667,2.0,0.4714045207910317,1.0,1.0,0.58,2.333333333333333,5.0,2.333333333333333,5.0,0.0,2.6666666666666665,0.4714045207910317,0.3333333333333333,0.375
brickwall,6,3,6,206348,64.0,0.0276170886456492,0.7337087302215757,0.1236860311095263,0.0176341983477344,4.237218453988667e-33,-1.7536442786145106,0.0372112401489932,0.8333333333333334,0.0023458088389219,0.0019286852658828,-2.6297073816424508,0.028738417611854,0.2222222222222222,54.0,6.0,6.0,26.0,8.0,5.0,0.3333333333333333,1.6666666666666667,2.0,0.4714045207910317,1.0,1.0,0.58,2.333333333333333,5.0,2.333333333333333,5.0,0.0,2.6666666666666665,0.4714045207910317,0.3333333333333333,0.375
brickwall,6,3,7,206349,64.0,0.035038904739375,0.7235525573499321,0.1133704777512548,0.0187838913674034,4.2619397425405147e-33,-1.726214432073964,0.0398553638056755,0.8333333333333334,0.0021238916840293,0.001432917605446,-2.6728676355321257,0.0267371741736104,0.2222222222222222,54.0,6.0,6.0,26.0,8.0,5.0,0.3333333333333333,1.6666666666666667,2.0,0.4714045207910317,1.0,1.0,0.58,2.333333333333333,5.0,2.333333333333333,5.0,0.0,2.6666666666666665,0.4714045207910317,0.3333333333333333,0.375
brickwall,6,3,8,206350,64.0,0.0326323841357002,0.7364479131023947,0.1270358534688568,0.0184258559164237,4.023112713372973e-33,-1.734572329186895,0.0398280755158193,0.8333333333333334,0.0023468886319969,0.0021391593022261,-2.629507518691465,0.0287310277803474,0.2222222222222222,54.0,6.0,6.0,26.0,8.0,5.0,0.3333333333333333,1.6666666666666667,2.0,0.4714045207910317,1.0,1.0,0.58,2.333333333333333,5.0,2.333333333333333,5.0,0.0,2.6666666666666665,0.4714045207910317,0.3333333333333333,0.375
brickwall,6,3,9,206351,64.0,0.0470350230527674,0.723322734424176,0.1208720564043258,0.0184752222185181,3.701736702542339e-33,-1.7334103292418892,0.0377045962505013,0.8333333333333334,0.0022809998660302,0.0019243965556212,-2.6418747402307257,0.0282897334130385,0.2222222222222222,54.0,6.0,6.0,26.0,8.0,5.0,0.3333333333333333,1.6666666666666667,2.0,0.4714045207910317,1.0,1.0,0.58,2.333333333333333,5.0,2.333333333333333,5.0,0.0,2.6666666666666665,0.4714045207910317,0.3333333333333333,0.375
brickwall,6,4,0,206442,64.0,0.019021602891732,0.7677022783768576,0.1124988557124356,0.0159407232024519,4.891250121912954e-33,-1.797491979319495,0.0446713512006712,0.6527777777777778,0.0020272966938734,0.0019116266214628,-2.693082687871939,0.0289001128656907,0.1666666666666666,72.0,8.0,8.0,34.0,10.0,5.0,0.3333333333333333,1.6666666666666667,2.0,0.4714045207910317,1.0,1.0,0.58,2.333333333333333,5.0,2.333333333333333,5.0,0.0,2.5,0.5,0.3333333333333333,0.5
brickwall,6,4,1,206443,64.0,0.012641745155479,0.8002083623928633,0.0890828595256972,0.0156227524640554,4.16272627180068e-33,-1.8062424483945776,0.0446004241570602,0.6527777777777778,0.0019523701127899,0.00169843407966,-2.709437849217608,0.0287879978490297,0.1666666666666666,72.0,8.0,8.0,34.0,10.0,5.0,0.3333333333333333,1.6666666666666667,2.0,0.4714045207910317,1.0,1.0,0.58,2.333333333333333,5.0,2.333333333333333,5.0,0.0,2.5,0.5,0.3333333333333333,0.5
brickwall,6,4,2,206444,64.0,0.010669685689189,0.7796703355470153,0.1052289680669742,0.015037110398041,3.961359049233357e-33,-1.8228356117999205,0.0437507100436307,0.6527777777777778,0.0018722434380971,0.001689376910367,-2.7276376828689477,0.0274745458763607,0.1666666666666666,72.0,8.0,8.0,34.0,10.0,5.0,0.3333333333333333,1.6666666666666667,2.0,0.4714045207910317,1.0,1.0,0.58,2.333333333333333,5.0,2.333333333333333,5.0,0.0,2.5,0.5,0.3333333333333333,0.5
brickwall,6,4,3,206445,64.0,0.0123278108496835,0.7734363606804806,0.0944202226995989,0.0150556660263039,3.4868407858762776e-33,-1.822300027587248,0.0442612456077138,0.6527777777777778,0.0020622349892195,0.0020747708583139,-2.6856618488941013,0.0289017285946595,0.1666666666666666,72.0,8.0,8.0,34.0,10.0,5.0,0.3333333333333333,1.6666666666666667,2.0,0.4714045207910317,1.0,1.0,0.58,2.333333333333333,5.0,2.333333333333333,5.0,0.0,2.5,0.5,0.3333333333333333,0.5
brickwall,6,4,4,206446,64.0,0.0165668469585562,0.7764465478374212,0.0931775017543376,0.0167715647942039,3.830215103274165e-33,-1.775426415641708,0.0471056091308782,0.6527777777777778,0.0020104030880135,0.0018923533401107,-2.696716857331205,0.0292911366579863,0.1666666666666666,72.0,8.0,8.0,34.0,10.0,5.0,0.3333333333333333,1.6666666666666667,2.0,0.4714045207910317,1.0,1.0,0.58,2.333333333333333,5.0,2.333333333333333,5.0,0.0,2.5,0.5,0.3333333333333333,0.5
brickwall,6,4,5,206447,64.0,0.0153580046497493,0.7695013798291914,0.1098733288110368,0.0144139182140189,4.292682922927618e-33,-1.841217946498933,0.0433973003425375,0.6527777777777778,0.0021338727949371,0.0020312724168347,-2.670831473432382,0.0295127236663792,0.1666666666666666,72.0,8.0,8.0,34.0,10.0,5.0,0.3333333333333333,1.6666666666666667,2.0,0.4714045207910317,1.0,1.0,0.58,2.333333333333333,5.0,2.333333333333333,5.0,0.0,2.5,0.5,0.3333333333333333,0.5
brickwall,6,4,6,206448,64.0,0.0135690031177213,0.7874094794130428,0.0946096270276888,0.0148594207740551,4.476922705282047e-33,-1.827998119211676,0.0448102582084095,0.6527777777777778,0.0018789704294362,0.0017368596390105,-2.726080054616723,0.0280841565153425,0.1666666666666666,72.0,8.0,8.0,34.0,10.0,5.0,0.3333333333333333,1.6666666666666667,2.0,0.4714045207910317,1.0,1.0,0.58,2.333333333333333,5.0,2.333333333333333,5.0,0.0,2.5,0.5,0.3333333333333333,0.5
brickwall,6,4,7,206449,64.0,0.0168352703957307,0.7828640845628629,0.1043714185095091,0.0155694531556855,4.360156784221923e-33,-1.8077266408447807,0.0459027720538164,0.6527777777777778,0.002068117454734,0.0019458453745631,-2.684424799961876,0.0296360994941391,0.1666666666666666,72.0,8.0,8.0,34.0,10.0,5.0,0.3333333333333333,1.6666666666666667,2.0,0.4714045207910317,1.0,1.0,0.58,2.333333333333333,5.0,2.333333333333333,5.0,0.0,2.5,0.5,0.3333333333333333,0.5
brickwall,6,4,8,206450,64.0,0.0146121035052436,0.7682122865928683,0.1066300007283077,0.0151318033798085,4.1751331211488e-33,-1.8201093104944777,0.045794941026889,0.6527777777777778,0.0019754040290791,0.00173160062488,-2.70434406476958,0.0286353335911232,0.1666666666666666,72.0,8.0,8.0,34.0,10.0,5.0,0.3333333333333333,1.6666666666666667,2.0,0.4714045207910317,1.0,1.0,0.58,2.333333333333333,5.0,2.333333333333333,5.0,0.0,2.5,0.5,0.3333333333333333,0.5
brickwall,6,4,9,206451,64.0,0.0142530071701128,0.780568805469415,0.1086457987964059,0.0146644148338557,4.303972266419817e-33,-1.8337352623457424,0.0439367661064285,0.6527777777777778,0.0019373068975665,0.0018764691450006,-2.7128015752736365,0.0282975203920969,0.1666666666666666,72.0,8.0,8.0,34.0,10.0,5.0,0.3333333333333333,1.6666666666666667,2.0,0.4714045207910317,1.0,1.0,0.58,2.333333333333333,5.0,2.333333333333333,5.0,0.0,2.5,0.5,0.3333333333333333,0.5
brickwall,6,5,0,206542,64.0,0.0061983940445402,0.8194418329918604,0.0873154596128741,0.0142368572463707,4.188151788866173e-33,-1.8465858696314104,0.0439301510012752,0.6888888888888889,0.0017812506873994,0.0017509164512799,-2.7492749550495312,0.0278869436668865,0.1333333333333333,90.0,10.0,10.0,43.0,13.0,5.0,0.3333333333333333,1.6666666666666667,2.0,0.4714045207910317,1.0,1.0,0.58,2.333333333333333,5.0,2.333333333333333,5.0,0.0,2.6,0.4898979485566356,0.3333333333333333,0.6153846153846154
brickwall,6,5,1,206543,64.0,0.0053407148896703,0.8249832156100864,0.0799661082489042,0.0142913299302602,4.013380274675332e-33,-1.844927354519173,0.0427330295147151,0.6888888888888889,0.0016859365489787,0.0016776933595175,-2.773158774282429,0.0274480056340214,0.1333333333333333,90.0,10.0,10.0,43.0,13.0,5.0,0.3333333333333333,1.6666666666666667,2.0,0.4714045207910317,1.0,1.0,0.58,2.333333333333333,5.0,2.333333333333333,5.0,0.0,2.6,0.4898979485566356,0.3333333333333333,0.6153846153846154
brickwall,6,5,2,206544,64.0,0.0083732948535769,0.8267796416783452,0.0761812479500096,0.0144253381434462,3.782184673901123e-33,-1.840873997783212,0.043676015513058,0.6888888888888889,0.0017552593218925,0.0016455925181487,-2.7556587118208578,0.0278064819818378,0.1333333333333333,90.0,10.0,10.0,43.0,13.0,5.0,0.3333333333333333,1.6666666666666667,2.0,0.4714045207910317,1.0,1.0,0.58,2.333333333333333,5.0,2.333333333333333,5.0,0.0,2.6,0.4898979485566356,0.3333333333333333,0.6153846153846154
brickwall,6,5,3,206545,64.0,0.0064259910661643,0.8329281717152575,0.0865388526700056,0.0149713358133364,4.02230799911422e-33,-1.824739448121956,0.0436268060155899,0.6888888888888889,0.0016305475416361,0.0015632603915808,-2.7876665340127365,0.0267563847678722,0.1333333333333333,90.0,10.0,10.0,43.0,13.0,5.0,0.3333333333333333,1.6666666666666667,2.0,0.4714045207910317,1.0,1.0,0.58,2.333333333333333,5.0,2.333333333333333,5.0,0.0,2.6,0.4898979485566356,0.3333333333333333,0.6153846153846154
brickwall,6,5,4,206546,64.0,0.0066027874322613,0.8320787188462883,0.0828761805974705,0.0143999676542519,3.8189825508625486e-33,-1.8416384834322272,0.0437713648333392,0.6888888888888889,0.0017200418457476,0.0015269346596256,-2.7644609873039503,0.02730142368885,0.1333333333333333,90.0,10.0,10.0,43.0,13.0,5.0,0.3333333333333333,1.6666666666666667,2.0,0.4714045207910317,1.0,1.0,0.58,2.333333333333333,5.0,2.333333333333333,5.0,0.0,2.6,0.4898979485566356,0.3333333333333333,0.6153846153846154
brickwall,6,5,5,206547,64.0,0.0079023162722134,0.8374653866876643,0.0875650858594425,0.0150873875054897,3.680192023436727e-33,-1.821385955067068,0.0449076038594176,0.6888888888888889,0.0018481285968841,0.0016702417024431,-2.73326781289184,0.0284030232500187,0.1333333333333333,90.0,10.0,10.0,43.0,13.0,5.0,0.3333333333333333,1.6666666666666667,2.0,0.4714045207910317,1.0,1.0,0.58,2.333333333333333,5.0,2.333333333333333,5.0,0.0,2.6,0.4898979485566356,0.3333333333333333,0.6153846153846154
brickwall,6,5,6,206548,64.0,0.0044816595295305,0.8368263412023516,0.0809343240943812,0.0147116785650986,3.778579621533496e-33,-1.8323377725498156,0.0442156340083673,0.6888888888888889,0.0017628467581995,0.0014735025245389,-2.7537854386711254,0.0279584814222091,0.1333333333333333,90.0,10.0,10.0,43.0,13.0,5.0,0.3333333333333333,1.6666666666666667,2.0,0.4714045207910317,1.0,1.0,0.58,2.333333333333333,5.0,2.333333333333333,5.0,0.0,2.6,0.4898979485566356,0.3333333333333333,0.6153846153846154
brickwall,6,5,7,206549,64.0,0.0051744579146392,0.8297267672954746,0.0802334532520462,0.0133206780570346,3.8292343262972946e-33,-1.8754736678884183,0.0422873381211805,0.6888888888888889,0.0016195562346994,0.0015731857201326,-2.790603967693542,0.0271242768880125,0.1333333333333333,90.0,10.0,10.0,43.0,13.0,5.0,0.3333333333333333,1.6666666666666667,2.0,0.4714045207910317,1.0,1.0,0.58,2.333333333333333,5.0,2.333333333333333,5.0,0.0,2.6,0.4898979485566356,0.3333333333333333,0.6153846153846154
brickwall,6,5,8,206550,64.0,0.0044461258108765,0.8329772232580052,0.0852361630958164,0.0139902670958952,3.7512846592781195e-33,-1.8541739940738504,0.0433502418095606,0.6888888888888889,0.001737593396556,0.0016572491058607,-2.7600518425543794,0.02774846761699,0.1333333333333333,90.0,10.0,10.0,43.0,13.0,5.0,0.3333333333333333,1.6666666666666667,2.0,0.4714045207910317,1.0,1.0,0.58,2.333333333333333,5.0,2.333333333333333,5.0,0.0,2.6,0.4898979485566356,0.3333333333333333,0.6153846153846154
brickwall,6,5,9,206551,64.0,0.0068810437215734,0.8321903950952028,0.0801884660488024,0.0134235937354558,3.878264942603869e-33,-1.872131200222142,0.0418117086396382,0.6888888888888889,0.0018373938657043,0.0017386809684622,-2.7357977378874083,0.0285510647502819,0.1333333333333333,90.0,10.0,10.0,43.0,13.0,5.0,0.3333333333333333,1.6666666666666667,2.0,0.4714045207910317,1.0,1.0,0.58,2.333333333333333,5.0,2.333333333333333,5.0,0.0,2.6,0.4898979485566356,0.3333333333333333,0.6153846153846154
brickwall,8,1,0,208142,256.0,0.1939386710756943,0.3620508865625926,0.1466594123189893,0.0210305452629802,6.902499448978825e-33,-1.6771494671313858,0.0262116249881784,0.9583333333333334,0.002463588443313,4.841442713721867e-34,-2.608431841851279,0.0213819374019618,0.6666666666666666,24.0,2.0,2.0,12.0,4.0,4.0,0.1428571428571428,1.0,1.0,0.0,4.0,0.25,0.1428571428571428,,,1.0,1.0,0.0,4.0,0.0,0.1428571428571428,0.0
brickwall,8,1,1,208143,256.0,0.1930672970166205,0.3674263931072323,0.1567459069379077,0.0208987230675727,6.633355753205122e-33,-1.6798802488960662,0.0263476950164554,0.9583333333333334,0.0026427869707857,7.460861951822274e-34,-2.5779378429753423,0.0217058278507353,0.6666666666666666,24.0,2.0,2.0,12.0,4.0,4.0,0.1428571428571428,1.0,1.0,0.0,4.0,0.25,0.1428571428571428,,,1.0,1.0,0.0,4.0,0.0,0.1428571428571428,0.0
brickwall,8,1,2,208144,256.0,0.2088146888675512,0.3771184606615703,0.1511791500866764,0.0213987516218413,7.000683348555803e-33,-1.6696115621442629,0.026713150827529,0.9583333333333334,0.0025734817855019,7.728800486745226e-34,-2.5894789012370025,0.0216112801406993,0.6666666666666666,24.0,2.0,2.0,12.0,4.0,4.0,0.1428571428571428,1.0,1.0,0.0,4.0,0.25,0.1428571428571428,,,1.0,1.0,0.0,4.0,0.0,0.1428571428571428,0.0
brickwall,8,1,3,208145,256.0,0.2441709099264878,0.3925302135455372,0.1507129488794516,0.0224600413393152,5.9038654577709876e-33,-1.6485894487237154,0.027523700692759,0.9583333333333334,0.0025929344777693,7.801554055849176e-34,-2.586208457508609,0.0217727708610245,0.6666666666666666,24.0,2.0,2.0,12.0,4.0,4.0,0.1428571428571428,1.0,1.0,0.0,4.0,0.25,0.1428571428571428,,,1.0,1.0,0.0,4.0,0.0,0.1428571428571428,0.0
brickwall,8,1,4,208146,256.0,0.166935961875563,0.3840839197975546,0.161576123599552,0.0212262583803343,7.145352752137945e-33,-1.6731265535487718,0.0269707853112644,0.9583333333333334,0.0025481105958948,5.683813342135425e-34,-2.593781726201481,0.0212411174075205,0.6666666666666666,24.0,2.0,2.0,12.0,4.0,4.0,0.1428571428571428,1.0,1.0,0.0,4.0,0.25,0.1428571428571428,,,1.0,1.0,0.0,4.0,0.0,0.1428571428571428,0.0
brickwall,8,1,5,208147,256.0,0.2508411321314592,0.3707023897752972,0.1742472491290037,0.0185451963279857,7.881245514100909e-33,-1.7317685646697172,0.0246512604920778,0.9583333333333334,0.0023733077354605,8.435595265863084e-34,-2.6246459452435658,0.0206155953881325,0.6666666666666666,24.0,2.0,2.0,12.0,4.0,4.0,0.1428571428571428,1.0,1.0,0.0,4.0,0.25,0.1428571428571428,,,1.0,1.0,0.0,4.0,0.0,0.1428571428571428,0.0
brickwall,8,1,6,208148,256.0,0.231075262772994,0.3741992341757091,0.1587974709752709,0.0194896436310511,7.800462781313732e-33,-1.710196101902542,0.0249201681735877,0.9583333333333334,0.0026772348265548,6.909439078132382e-34,-2.572313534153289,0.0225440888847325,0.6666666666666666,24.0,2.0,2.0,12.0,4.0,4.0,0.1428571428571428,1.0,1.0,0.0,4.0,0.25,0.1428571428571428,,,1.0,1.0,0.0,4.0,0.0,0.1428571428571428,0.0
brickwall,8,1,7,208149,256.0,0.1844287893046172,0.3982950754440834,0.1457817225440856,0.0198039487382067,6.984215134448401e-33,-1.7032482064943983,0.0262086652021484,0.9583333333333334,0.0025112277502234,9.356170029123492e-34,-2.6001138981274186,0.0207696564279855,0.6666666666666666,24.0,2.0,2.0,12.0,4.0,4.0,0.1428571428571428,1.0,1.0,0.0,4.0,0.25,0.1428571428571428,,,1.0,1.0,0.0,4.0,0.0,0.1428571428571428,0.0
brickwall,8,1,8,208150,256.0,0.1992967005765852,0.3825918729447552,0.1708845883301301,0.0209992527451864,6.221316224101842e-33,-1.6777961592858994,0.0267505128671748,0.9583333333333334,0.0027157349607529,8.058242511917725e-34,-2.5661126168286112,0.022135776511657,0.6666666666666666,24.0,2.0,2.0,12.0,4.0,4.0,0.1428571428571428,1.0,1.0,0.0,4.0,0.25,0.1428571428571428,,,1.0,1.0,0.0,4.0,0.0,0.1428571428571428,0.0
brickwall,8,1,9,208151,256.0,0.245317367234075,0.3548539306950539,0.1378100385088539,0.0194650336582582,6.949511243667101e-33,-1.710744840978278,0.0248474021395451,0.9583333333333334,0.0025133304460471,5.796182230010572e-34,-2.599750407762288,0.020875383034145,0.6666666666666666,24.0,2.0,2.0,12.0,4.0,4.0,0.1428571428571428,1.0,1.0,0.0,4.0,0.25,0.1428571428571428,,,1.0,1.0,0.0,4.0,0.0,0.1428571428571428,0.0
brickwall,8,2,0,208242,256.0,0.1325981641698771,0.6516054581601834,0.1506314506863773,0.0143347439840327,4.509080205160849e-33,-1.843610059070112,0.0274251432785879,0.875,0.0015513711071384,0.0007876036994663,-2.8092843011522426,0.0208692821624678,0.3333333333333333,48.0,4.0,4.0,23.0,7.0,7.0,0.25,1.75,2.0,0.4330127018922193,1.0,1.0,0.4908163265306121,3.0,7.0,3.0,7.0,0.0,3.5,0.5,0.25,0.0
brickwall,8,2,1,208243,256.0,0.1118757795750522,0.632924482164146,0.1364568787008523,0.0137829835473485,5.646567866480972e-33,-1.8606567622616148,0.0260669551717413,0.875,0.0016606417333505,0.0006737249570614,-2.779724052082944,0.0211705366734555,0.3333333333333333,48.0,4.0,4.0,23.0,7.0,7.0,0.25,1.75,2.0,0.4330127018922193,1.0,1.0,0.4908163265306121,3.0,7.0,3.0,7.0,0.0,3.5,0.5,0.25,0.0
brickwall,8,2,2,208244,256.0,0.1092639529221839,0.6417589721734538,0.12980956106905,0.0143737146732708,5.6733464154629696e-33,-1.8424309803957792,0.0267429710562723,0.875,0.0015732791650833,0.0005764826419486,-2.8031942086557304,0.0204127880955199,0.3333333333333333,48.0,4.0,4.0,23.0,7.0,7.0,0.25,1.75,2.0,0.4330127018922193,1.0,1.0,0.4908163265306121,3.0,7.0,3.0,7.0,0.0,3.5,0.5,0.25,0.0
brickwall,8,2,3,208245,256.0,0.1334906769350068,0.6316363051602988,0.1325276443681793,0.0145901144333828,5.479432481243241e-33,-1.8359413018288369,0.0272588632200137,0.875,0.0015494506527597,0.0006659715061281,-2.8098222507092467,0.0202592710887815,0.3333333333333333,48.0,4.0,4.0,23.0,7.0,7.0,0.25,1.75,2.0,0.4330127018922193,1.0,1.0,0.4908163265306121,3.0,7.0,3.0,7.0,0.0,3.5,0.5,0.25,0.0
brickwall,8,2,4,208246,256.0,0.114759909716145,0.6247827714082534,0.1569097038089361,0.0130862329382805,5.6232660240955706e-33,-1.88318535341642,0.0258372073110851,0.875,0.001705491127992,0.0005613564027677,-2.7681505354615674,0.0211892878838261,0.3333333333333333,48.0,4.0,4.0,23.0,7.0,7.0,0.25,1.75,2.0,0.4330127018922193,1.0,1.0,0.4908163265306121,3.0,7.0,3.0,7.0,0.0,3.5,0.5,0.25,0.0
brickwall,8,2,5,208247,256.0,0.1102339945395748,0.6158108946053936,0.1483741002296391,0.0143679040175686,5.791190373771639e-33,-1.842606581900292,0.0277242976110252,0.875,0.0015174833866526,0.0007490016802838,-2.81887605486528,0.0203414844684641,0.3333333333333333,48.0,4.0,4.0,23.0,7.0,7.0,0.25,1.75,2.0,0.4330127018922193,1.0,1.0,0.4908163265306121,3.0,7.0,3.0,7.0,0.0,3.5,0.5,0.25,0.0
brickwall,8,2,6,208248,256.0,0.141115592785979,0.6122857076577387,0.1290259407000181,0.0155423914760714,4.766530105428889e-33,-1.8084821563875293,0.0286978453596659,0.875,0.0014650552338373,0.000524047969105,-2.8341460017272198,0.0201202569674889,0.3333333333333333,48.0,4.0,4.0,23.0,7.0,7.0,0.25,1.75,2.0,0.4330127018922193,1.0,1.0,0.4908163265306121,3.0,7.0,3.0,7.0,0.0,3.5,0.5,0.25,0.0
brickwall,8,2,7,208249,256.0,0.1244120449526843,0.6414571256291763,0.1421909664056655,0.0143338513318786,4.5004407729673847e-33,-1.8436371042671724,0.0274711018929883,0.875,0.0016495530122866,0.000516297071237,-2.782633722814232,0.0209425156539396,0.3333333333333333,48.0,4.0,4.0,23.0,7.0,7.0,0.25,1.75,2.0,0.4330127018922193,1.0,1.0,0.4908163265306121,3.0,7.0,3.0,7.0,0.0,3.5,0.5,0.25,0.0
brickwall,8,2,8,208250,256.0,0.1030429561234873,0.6355877656475992,0.1376540501348552,0.0142525705372418,4.80729668870322e-33,-1.846106800956415,0.0274224397895004,0.875,0.0015611212452795,0.0005706762256212,-2.8065633659247515,0.0206648304457536,0.3333333333333333,48.0,4.0,4.0,23.0,7.0,7.0,0.25,1.75,2.0,0.4330127018922193,1.0,1.0,0.4908163265306121,3.0,7.0,3.0,7.0,0.0,3.5,0.5,0.25,0.0
brickwall,8,2,9,208251,256.0,0.109387404706044,0.6515509476120287,0.1193595632266622,0.0134025642642406,6.0172330777527696e-33,-1.8728121016898072,0.0268807599544522,0.875,0.0016198566364787,0.0006433282008495,-2.790523420482879,0.0211087741898451,0.3333333333333333,48.0,4.0,4.0,23.0,7.0,7.0,0.25,1.75,2.0,0.4330127018922193,1.0,1.0,0.4908163265306121,3.0,7.0,3.0,7.0,0.0,3.5,0.5,0.25,0.0
brickwall,8,3,0,208342,256.0,0.0526431937030154,0.7396049996752048,0.1046243126300277,0.0139875354357101,5.097093497925178e-33,-1.8542588002302496,0.029682188818496,0.875,0.0012541123054723,0.0011121896675346,-2.901663570791565,0.0207971093347169,0.2222222222222222,72.0,6.0,6.0,35.0,11.0,7.0,0.25,1.75,2.0,0.4330127018922193,1.0,1.0,0.4908163265306121,3.0,7.0,3.0,7.0,0.0,3.6666666666666665,0.4714045207910317,0.25,0.3636363636363636
brickwall,8,3,1,208343,256.0,0.043813756843851,0.7628075286097712,0.0955526970741543,0.0135115284494073,4.785319916873714e-33,-1.869295519993729,0.0288400536958402,0.875,0.0011763294328054,0.0009770334111893,-2.929471036411168,0.0196406107924095,0.2222222222222222,72.0,6.0,6.0,35.0,11.0,7.0,0.25,1.75,2.0,0.4330127018922193,1.0,1.0,0.4908163265306121,3.0,7.0,3.0,7.0,0.0,3.6666666666666665,0.4714045207910317,0.25,0.3636363636363636
brickwall,8,3,2,208344,256.0,0.0341919326717211,0.7495901651202144,0.0902310941069956,0.0150457036122648,4.6933470063988076e-33,-1.8225874976694092,0.030865583916446,0.875,0.0011914229830658,0.0009691152992464,-2.923934026427534,0.0202696046585014,0.2222222222222222,72.0,6.0,6.0,35.0,11.0,7.0,0.25,1.75,2.0,0.4330127018922193,1.0,1.0,0.4908163265306121,3.0,7.0,3.0,7.0,0.0,3.6666666666666665,0.4714045207910317,0.25,0.3636363636363636
brickwall,8,3,3,208345,256.0,0.042086018927445,0.7590846949771022,0.0987052107028206,0.0139135209675592,5.590934608915508e-33,-1.8565629531651573,0.0295648583285903,0.875,0.0012081624296386,0.0010416258162429,-2.9178746737003247,0.0205549569997319,0.2222222222222222,72.0,6.0,6.0,35.0,11.0,7.0,0.25,1.75,2.0,0.4330127018922193,1.0,1.0,0.4908163265306121,3.0,7.0,3.0,7.0,0.0,3.6666666666666665,0.4714045207910317,0.25,0.3636363636363636
brickwall,8,3,4,208346,256.0,0.0526992375760916,0.7589351867587857,0.0976514611968119,0.0136040420078656,4.8068536998004506e-33,-1.8663320356810928,0.0287381417628475,0.875,0.0011557301093713,0.0009058234924421,-2.937143572226544,0.0197420386460637,0.2222222222222222,72.0,6.0,6.0,35.0,11.0,7.0,0.25,1.75,2.0,0.4330127018922193,1.0,1.0,0.4908163265306121,3.0,7.0,3.0,7.0,0.0,3.6666666666666665,0.4714045207910317,0.25,0.3636363636363636
brickwall,8,3,5,208347,256.0,0.0475380077424385,0.757912590031236,0.0994030436737022,0.0137638929585855,5.422343151144141e-33,-1.8612587135341363,0.0289855577152002,0.875,0.0011200543225731,0.0009064765553543,-2.950760913560477,0.019892216449759,0.2222222222222222,72.0,6.0,6.0,35.0,11.0,7.0,0.25,1.75,2.0,0.4330127018922193,1.0,1.0,0.4908163265306121,3.0,7.0,3.0,7.0,0.0,3.6666666666666665,0.4714045207910317,0.25,0.3636363636363636
brickwall,8,3,6,208348,256.0,0.0453658377137963,0.7670945892206856,0.1016247257962111,0.0143326933952866,5.2787307145752986e-33,-1.843672189449385,0.0299472359082514,0.875,0.001237938717007,0.0009670276214005,-2.9073008541240077,0.0206273207536095,0.2222222222222222,72.0,6.0,6.0,35.0,11.0,7.0,0.25,1.75,2.0,0.4330127018922193,1.0,1.0,0.4908163265306121,3.0,7.0,3.0,7.0,0.0,3.6666666666666665,0.4714045207910317,0.25,0.3636363636363636
brickwall,8,3,7,208349,256.0,0.0434830258463053,0.76554301436447,0.0884336202906165,0.0130158317574764,5.135139942120177e-33,-1.88552807372146,0.0276473144830521,0.875,0.0011889083293506,0.0011133329851132,-2.924851630319892,0.0203249202675669,0.2222222222222222,72.0,6.0,6.0,35.0,11.0,7.0,0.25,1.75,2.0,0.4330127018922193,1.0,1.0,0.4908163265306121,3.0,7.0,3.0,7.0,0.0,3.6666666666666665,0.4714045207910317,0.25,0.3636363636363636
brickwall,8,3,8,208350,256.0,0.0559361951301797,0.768240336406913,0.1000449797407517,0.013920029804284,4.847380864973293e-33,-1.856359834853169,0.0288131340970851,0.875,0.0013091425631834,0.0009973002041578,-2.8830130570148875,0.0210537544518559,0.2222222222222222,72.0,6.0,6.0,35.0,11.0,7.0,0.25,1.75,2.0,0.4330127018922193,1.0,1.0,0.4908163265306121,3.0,7.0,3.0,7.0,0.0,3.6666666666666665,0.4714045207910317,0.25,0.3636363636363636
brickwall,8,3,9,208351,256.0,0.043017159832655,0.759825881903675,0.1024340545614435,0.013902859929192,5.034157515700509e-33,-1.8568958527165509,0.0287885496532476,0.875,0.0012298193758428,0.0009254141737869,-2.9101586689142853,0.0203718445360294,0.2222222222222222,72.0,6.0,6.0,35.0,11.0,7.0,0.25,1.75,2.0,0.4330127018922193,1.0,1.0,0.4908163265306121,3.0,7.0,3.0,7.0,0.0,3.6666666666666665,0.4714045207910317,0.25,0.3636363636363636
brickwall,8,4,0,208442,256.0,0.0243882607736014,0.8103321414526364,0.0820990464708772,0.0119605552696742,3.93351944185829e-33,-1.9222486577257265,0.0339802422049094,0.7395833333333334,0.0010253657702169,0.0010152657518762,-2.989121184705292,0.0204050131827091,0.1666666666666666,96.0,8.0,8.0,46.0,14.0,7.0,0.25,1.75,2.0,0.4330127018922193,1.0,1.0,0.4908163265306121,3.0,7.0,3.0,7.0,0.0,3.5,0.5,0.25,0.5
brickwall,8,4,1,208443,256.0,0.0185534364608301,0.8206008764664975,0.0739995688889052,0.0113474413415674,3.544993417953425e-33,-1.9451020535817556,0.0328465590782426,0.7395833333333334,0.0009466950089603,0.0008427275921667,-3.02378991250624,0.0197642969982793,0.1666666666666666,96.0,8.0,8.0,46.0,14.0,7.0,0.25,1.75,2.0,0.4330127018922193,1.0,1.0,0.4908163265306121,3.0,7.0,3.0,7.0,0.0,3.5,0.5,0.25,0.5
brickwall,8,4,2,208444,256.0,0.0225234774547223,0.8062650809306956,0.0797580287277662,0.0107365095233814,3.9425585137342196e-33,-1.9691368863384435,0.0320228822547051,0.7395833333333334,0.0009708834347992,0.0008787460172268,-3.0128329087761467,0.0198794322416944,0.1666666666666666,96.0,8.0,8.0,46.0,14.0,7.0,0.25,1.75,2.0,0.4330127018922193,1.0,1.0,0.4908163265306121,3.0,7.0,3.0,7.0,0.0,3.5,0.5,0.25,0.5
brickwall,8,4,3,208445,256.0,0.0191718324628598,0.8092979733349697,0.0819196713347586,0.0122822238860032,3.4166582225830137e-33,-1.91072299036294,0.0360787669858632,0.7395833333333334,0.000957863954099,0.0009936838792458,-3.0186961696059544,0.0196928502411035,0.1666666666666666,96.0,8.0,8.0,46.0,14.0,7.0,0.25,1.75,2.0,0.4330127018922193,1.0,1.0,0.4908163265306121,3.0,7.0,3.0,7.0,0.0,3.5,0.5,0.25,0.5
brickwall,8,4,4,208446,256.0,0.0196417936408844,0.8172771701751451,0.0723421242663491,0.011850593468712,3.8140257067543865e-33,-1.926259899971766,0.033998500524153,0.7395833333333334,0.0010129569680343,0.0008560159315342,-2.994409003743572,0.0203139830244477,0.1666666666666666,96.0,8.0,8.0,46.0,14.0,7.0,0.25,1.75,2.0,0.4330127018922193,1.0,1.0,0.4908163265306121,3.0,7.0,3.0,7.0,0.0,3.5,0.5,0.25,0.5
brickwall,8,4,5,208447,256.0,0.0339055956715883,0.7968896887874048,0.0847768720844538,0.011613260554449,4.748474203684447e-33,-1.9350458300459372,0.0336917256014105,0.7395833333333334,0.0009486939390715,0.000828967531198,-3.02287387399104,0.0198227989273497,0.1666666666666666,96.0,8.0,8.0,46.0,14.0,7.0,0.25,1.75,2.0,0.4330127018922193,1.0,1.0,0.4908163265306121,3.0,7.0,3.0,7.0,0.0,3.5,0.5,0.25,0.5
brickwall,8,4,6,208448,256.0,0.0192247424911726,0.809454676904513,0.0783784410794974,0.0114394606496668,4.6738457287333875e-33,-1.941594451276852,0.0331984691961271,0.7395833333333334,0.0011159788925665,0.0009174550277822,-2.9523440194921338,0.0208140185182851,0.1666666666666666,96.0,8.0,8.0,46.0,14.0,7.0,0.25,1.75,2.0,0.4330127018922193,1.0,1.0,0.4908163265306121,3.0,7.0,3.0,7.0,0.0,3.5,0.5,0.25,0.5
brickwall,8,4,7,208449,256.0,0.0140828266601803,0.8175650947007672,0.0858993916172792,0.0107084363687,4.2699429183105e-33,-1.9702739396276951,0.0320800206396614,0.7395833333333334,0.001023008609164,0.0009116328089591,-2.9901207114523283,0.020342790635643,0.1666666666666666,96.0,8.0,8.0,46.0,14.0,7.0,0.25,1.75,2.0,0.4330127018922193,1.0,1.0,0.4908163265306121,3.0,7.0,3.0,7.0,0.0,3.5,0.5,0.25,0.5
brickwall,8,4,8,208450,256.0,0.0226114025724654,0.7889191011169683,0.0868215425155755,0.011307219716867,4.5704577874275656e-33,-1.9466441687314264,0.0322936627871471,0.7395833333333334,0.0010198664484386,0.0009907878215593,-2.9914566953984414,0.0204502112830009,0.1666666666666666,96.0,8.0,8.0,46.0,14.0,7.0,0.25,1.75,2.0,0.4330127018922193,1.0,1.0,0.4908163265306121,3.0,7.0,3.0,7.0,0.0,3.5,0.5,0.25,0.5
brickwall,8,4,9,208451,256.0,0.0279975126180284,0.8045876461678128,0.0759956587107336,0.0116744574880707,4.154669097120418e-33,-1.932763291953416,0.0332079473318947,0.7395833333333334,0.0009907473071037,0.0009408997044588,-3.004037099424338,0.0198637477071951,0.1666666666666666,96.0,8.0,8.0,46.0,14.0,7.0,0.25,1.75,2.0,0.4330127018922193,1.0,1.0,0.4908163265306121,3.0,7.0,3.0,7.0,0.0,3.5,0.5,0.25,0.5
brickwall,8,5,0,208542,256.0,0.0078287834654801,0.8498111993301319,0.0710835671399247,0.010525415181125,3.79878444620704e-33,-1.977760764155924,0.0323472320212155,0.7666666666666667,0.0009108344124729,0.0008367529664698,-3.0405605695536,0.0195676801877368,0.1333333333333333,120.0,10.0,10.0,58.0,18.0,7.0,0.25,1.75,2.0,0.4330127018922193,1.0,1.0,0.4908163265306121,3.0,7.0,3.0,7.0,0.0,3.6,0.4898979485566356,0.25,0.6111111111111112
brickwall,8,5,1,208543,256.0,0.0102073516401937,0.8600093135711475,0.0638553830237353,0.0108633507021545,3.1303148501728546e-33,-1.9640361998841127,0.0323524467432967,0.7666666666666667,0.0008400094877394,0.0007833541867079,-3.075715808640969,0.0190493609410388,0.1333333333333333,120.0,10.0,10.0,58.0,18.0,7.0,0.25,1.75,2.0,0.4330127018922193,1.0,1.0,0.4908163265306121,3.0,7.0,3.0,7.0,0.0,3.6,0.4898979485566356,0.25,0.6111111111111112
brickwall,8,5,2,208544,256.0,0.0112969155222421,0.8552654936227139,0.0740376499550284,0.0099768998093103,3.766893759237894e-33,-2.0010043890608373,0.0313577620775982,0.7666666666666667,0.000850020828179,0.0007853740475217,-3.0705704325770053,0.0193801411796218,0.1333333333333333,120.0,10.0,10.0,58.0,18.0,7.0,0.25,1.75,2.0,0.4330127018922193,1.0,1.0,0.4908163265306121,3.0,7.0,3.0,7.0,0.0,3.6,0.4898979485566356,0.25,0.6111111111111112
brickwall,8,5,3,208545,256.0,0.0088495175009632,0.8599974610439156,0.0616035554925058,0.0099996451486995,3.382790351016882e-33,-2.000015411269605,0.0316665906870149,0.7666666666666667,0.0008006585189943,0.0007252556951519,-3.096552671103836,0.0184076201214737,0.1333333333333333,120.0,10.0,10.0,58.0,18.0,7.0,0.25,1.75,2.0,0.4330127018922193,1.0,1.0,0.4908163265306121,3.0,7.0,3.0,7.0,0.0,3.6,0.4898979485566356,0.25,0.6111111111111112
brickwall,8,5,4,208546,256.0,0.0084835004924961,0.8613062171039751,0.0592245548361966,0.0117910245775868,3.2021257951503623e-33,-1.9284484553748849,0.033220536417679,0.7666666666666667,0.000918748447378,0.000814685091695,-3.036803381835062,0.0199840663248345,0.1333333333333333,120.0,10.0,10.0,58.0,18.0,7.0,0.25,1.75,2.0,0.4330127018922193,1.0,1.0,0.4908163265306121,3.0,7.0,3.0,7.0,0.0,3.6,0.4898979485566356,0.25,0.6111111111111112
brickwall,8,5,5,208547,256.0,0.0107705125375231,0.8576801094263832,0.064720193336215,0.0116029557407253,3.795694843513934e-33,-1.9354313643616297,0.0333751550341468,0.7666666666666667,0.0008686117796245,0.000694138176394,-3.0611742852762776,0.0192945828938833,0.1333333333333333,120.0,10.0,10.0,58.0,18.0,7.0,0.25,1.75,2.0,0.4330127018922193,1.0,1.0,0.4908163265306121,3.0,7.0,3.0,7.0,0.0,3.6,0.4898979485566356,0.25,0.6111111111111112
brickwall,8,5,6,208548,256.0,0.005469106734535,0.8625704956594982,0.0597544368152616,0.0112966949355027,3.273150197633981e-33,-1.9470485991029267,0.0339316168015045,0.7666666666666667,0.0008756372570121,0.0007859103546504,-3.057675768151892,0.0193398538396475,0.1333333333333333,120.0,10.0,10.0,58.0,18.0,7.0,0.25,1.75,2.0,0.4330127018922193,1.0,1.0,0.4908163265306121,3.0,7.0,3.0,7.0,0.0,3.6,0.4898979485566356,0.25,0.6111111111111112
brickwall,8,5,7,208549,256.0,0.0058840630260654,0.8648256383087051,0.0618519226403192,0.0108431715089641,3.5231669586758545e-33,-1.9648436728354437,0.0323082244908074,0.7666666666666667,0.0008404971495942,0.000736029960007,-3.075463755059252,0.0187733511223493,0.1333333333333333,120.0,10.0,10.0,58.0,18.0,7.0,0.25,1.75,2.0,0.4330127018922193,1.0,1.0,0.4908163265306121,3.0,7.0,3.0,7.0,0.0,3.6,0.4898979485566356,0.25,0.6111111111111112
brickwall,8,5,8,208550,256.0,0.0128663811647758,0.8628235113166768,0.0594545780206585,0.0108239801388328,3.837557504943269e-33,-1.9656130133065184,0.0320420741108494,0.7666666666666667,0.0008795031591475,0.0008633140445686,-3.055762596231644,0.0196544320594346,0.1333333333333333,120.0,10.0,10.0,58.0,18.0,7.0,0.25,1.75,2.0,0.4330127018922193,1.0,1.0,0.4908163265306121,3.0,7.0,3.0,7.0,0.0,3.6,0.4898979485566356,0.25,0.6111111111111112
brickwall,8,5,9,208551,256.0,0.0105661374511031,0.8650664991172121,0.0640708432172787,0.0105212871365445,3.906204904557845e-33,-1.97793112690238,0.0321719982887966,0.7666666666666667,0.0008147783446865,0.000756903898431,-3.088960522268991,0.0187201703025021,0.1333333333333333,120.0,10.0,10.0,58.0,18.0,7.0,0.25,1.75,2.0,0.4330127018922193,1.0,1.0,0.4908163265306121,3.0,7.0,3.0,7.0,0.0,3.6,0.4898979485566356,0.25,0.6111111111111112
hea_line,4,1,0,4142,16.0,0.2158646324140666,0.6086311753414684,0.2291217183502866,0.0404826107824696,5.0307483467038934e-33,-1.3927314869820553,0.0515215076144107,0.9166666666666666,0.0086467754208978,1.3620735934008077e-33,-2.0631458206278688,0.0345142464240272,0.6666666666666666,12.0,4.0,4.0,7.0,3.0,3.0,0.5,1.5,2.0,0.5,1.0,1.0,0.7222222222222222,1.6666666666666667,3.0,1.6666666666666667,3.0,0.0,3.0,0.0,0.5,0.0
hea_line,4,1,1,4143,16.0,0.2348784795038394,0.6075357899371048,0.2138695312732749,0.0365091272898739,4.333180253306348e-33,-1.4375985482532847,0.049060617423771,0.9166666666666666,0.0091191143608407,1.1725064743414346e-33,-2.040047337864191,0.0346349861181297,0.6666666666666666,12.0,4.0,4.0,7.0,3.0,3.0,0.5,1.5,2.0,0.5,1.0,1.0,0.7222222222222222,1.6666666666666667,3.0,1.6666666666666667,3.0,0.0,3.0,0.0,0.5,0.0
hea_line,4,1,2,4144,16.0,0.2491870563129297,0.6436377743071354,0.2214954736270695,0.0391103295529486,4.663649635638322e-33,-1.4077085245637453,0.0502547883343474,0.9166666666666666,0.0083267904794746,1.0225468964006908e-33,-2.079522363017072,0.0332525148927303,0.6666666666666666,12.0,4.0,4.0,7.0,3.0,3.0,0.5,1.5,2.0,0.5,1.0,1.0,0.7222222222222222,1.6666666666666667,3.0,1.6666666666666667,3.0,0.0,3.0,0.0,0.5,0.0
hea_line,4,1,3,4145,16.0,0.2360848563588623,0.5778194095994489,0.2249406396396937,0.0433336513559221,4.637953873122219e-33,-1.3631747151447802,0.0537811009470559,0.9166666666666666,0.0080853611639549,1.1677724935656558e-33,-2.092300575880097,0.0322945511710028,0.6666666666666666,12.0,4.0,4.0,7.0,3.0,3.0,0.5,1.5,2.0,0.5,1.0,1.0,0.7222222222222222,1.6666666666666667,3.0,1.6666666666666667,3.0,0.0,3.0,0.0,0.5,0.0
hea_line,4,1,4,4146,16.0,0.2368629590726377,0.6370083722667537,0.2081880911280503,0.0397654811667586,3.8210796153275924e-33,-1.400493758167748,0.0504625631707862,0.9166666666666666,0.0073296816900343,8.661862366668178e-34,-2.134914885285652,0.0304510399388238,0.6666666666666666,12.0,4.0,4.0,7.0,3.0,3.0,0.5,1.5,2.0,0.5,1.0,1.0,0.7222222222222222,1.6666666666666667,3.0,1.6666666666666667,3.0,0.0,3.0,0.0,0.5,0.0
hea_line,4,1,5,4147,16.0,0.2319012397502523,0.610093151492079,0.2217344494228982,0.0342994303548243,4.816019234767807e-33,-1.464713092663083,0.0463299554834793,0.9166666666666666,0.0079263473901043,8.529436192188124e-34,-2.10092689764664,0.0323177582707665,0.6666666666666666,12.0,4.0,4.0,7.0,3.0,3.0,0.5,1.5,2.0,0.5,1.0,1.0,0.7222222222222222,1.6666666666666667,3.0,1.6666666666666667,3.0,0.0,3.0,0.0,0.5,0.0
hea_line,4,1,6,4148,16.0,0.2096853443688286,0.6022854370646613,0.2002731577165118,0.0404203603082727,3.650336089568382e-33,-1.39339981948976,0.0519520304811258,0.9166666666666666,0.007819227759949,1.0324652707123285e-33,-2.106836136473863,0.0322063844100338,0.6666666666666666,12.0,4.0,4.0,7.0,3.0,3.0,0.5,1.5,2.0,0.5,1.0,1.0,0.7222222222222222,1.6666666666666667,3.0,1.6666666666666667,3.0,0.0,3.0,0.0,0.5,0.0
hea_line,4,1,7,4149,16.0,0.2315196769226793,0.6349951654442351,0.2025934746426934,0.040606248101051,5.397251911102824e-33,-1.3914071362003129,0.0519873622829336,0.9166666666666666,0.0103633062744121,1.1083852067833673e-33,-1.984501666631648,0.0357608205315567,0.6666666666666666,12.0,4.0,4.0,7.0,3.0,3.0,0.5,1.5,2.0,0.5,1.0,1.0,0.7222222222222222,1.6666666666666667,3.0,1.6666666666666667,3.0,0.0,3.0,0.0,0.5,0.0
hea_line,4,1,8,4150,16.0,0.2427068021677415,0.6277594861045287,0.2114794694566375,0.0513697442471714,3.659888791000125e-33,-1.2892925964777,0.0594500543452322,0.9166666666666666,0.0096176057542714,9.405673910975125e-34,-2.016933029534376,0.0335074513500994,0.6666666666666666,12.0,4.0,4.0,7.0,3.0,3.0,0.5,1.5,2.0,0.5,1.0,1.0,0.7222222222222222,1.6666666666666667,3.0,1.6666666666666667,3.0,0.0,3.0,0.0,0.5,0.0
hea_line,4,1,9,4151,16.0,0.239989129603984,0.6088301554457974,0.2279948129009591,0.0397003479988123,4.462328971736353e-33,-1.401205686352716,0.0518422995962564,0.9166666666666666,0.0084919911731016,1.0202451093822674e-33,-2.070990465927996,0.0333047424826635,0.6666666666666666,12.0,4.0,4.0,7.0,3.0,3.0,0.5,1.5,2.0,0.5,1.0,1.0,0.7222222222222222,1.6666666666666667,3.0,1.6666666666666667,3.0,0.0,3.0,0.0,0.5,0.0
hea_line,4,2,0,4242,16.0,0.0132607658430008,0.7157657321857458,0.1553199225360965,0.0272375191851354,5.719302160293775e-33,-1.5648324508440628,0.0534663756625559,0.75,0.0062617241097192,0.0033766464037295,-2.203306071223428,0.0419381756169074,0.3333333333333333,24.0,7.0,7.0,14.0,6.0,3.0,0.5,1.5,2.0,0.5,1.0,1.0,0.7222222222222222,1.6666666666666667,3.0,1.6666666666666667,3.0,0.0,3.0,0.0,0.5,0.5
hea_line,4,2,1,4243,16.0,0.0107466047508321,0.693549815979209,0.1764581436574336,0.0302510065471678,5.437793867566367e-33,-1.5192601704128936,0.0558617030423208,0.75,0.0060375330173166,0.002889037913206,-2.219140481217784,0.0403033177351398,0.3333333333333333,24.0,7.0,7.0,14.0,6.0,3.0,0.5,1.5,2.0,0.5,1.0,1.0,0.7222222222222222,1.6666666666666667,3.0,1.6666666666666667,3.0,0.0,3.0,0.0,0.5,0.5
hea_line,4,2,2,4244,16.0,0.012989641831326,0.6892379550186266,0.155159775716401,0.0266879102727149,5.072769834741899e-33,-1.573685431179131,0.0525640501196192,0.75,0.0054471934612674,0.0034160699007933,-2.263827200150238,0.0409169088028187,0.3333333333333333,24.0,7.0,7.0,14.0,6.0,3.0,0.5,1.5,2.0,0.5,1.0,1.0,0.7222222222222222,1.6666666666666667,3.0,1.6666666666666667,3.0,0.0,3.0,0.0,0.5,0.5
hea_line,4,2,3,4245,16.0,0.0147929864756172,0.7009785004210586,0.154237485255952,0.0276679104459379,4.576618215268613e-33,-1.5580236386930073,0.0529735788916086,0.75,0.0055415945068465,0.0035744173856625,-2.2563652558691616,0.0405403883823467,0.3333333333333333,24.0,7.0,7.0,14.0,6.0,3.0,0.5,1.5,2.0,0.5,1.0,1.0,0.7222222222222222,1.6666666666666667,3.0,1.6666666666666667,3.0,0.0,3.0,0.0,0.5,0.5
hea_line,4,2,4,4246,16.0,0.0152967554701548,0.7000804878394555,0.1650492326918083,0.0268809371771697,5.05696261464653e-33,-1.5705555941086031,0.0536103763481363,0.75,0.0057433618932427,0.0027430068255068,-2.240833817658132,0.0396955069525215,0.3333333333333333,24.0,7.0,7.0,14.0,6.0,3.0,0.5,1.5,2.0,0.5,1.0,1.0,0.7222222222222222,1.6666666666666667,3.0,1.6666666666666667,3.0,0.0,3.0,0.0,0.5,0.5
hea_line,4,2,5,4247,16.0,0.0184553499223023,0.6977655545962235,0.1567620379743962,0.0307828276717408,4.285391189107604e-33,-1.511691488928557,0.0570566069899335,0.75,0.006518192321145,0.0032833614648209,-2.185872829697839,0.0429581913320236,0.3333333333333333,24.0,7.0,7.0,14.0,6.0,3.0,0.5,1.5,2.0,0.5,1.0,1.0,0.7222222222222222,1.6666666666666667,3.0,1.6666666666666667,3.0,0.0,3.0,0.0,0.5,0.5
hea_line,4,2,6,4248,16.0,0.0191770113629572,0.6906096841569276,0.1584267721530065,0.0281755861791172,3.855918226767543e-33,-1.5501270399062443,0.0566780259816787,0.75,0.005124159587228,0.003102369514946,-2.290377353015322,0.038378240943533,0.3333333333333333,24.0,7.0,7.0,14.0,6.0,3.0,0.5,1.5,2.0,0.5,1.0,1.0,0.7222222222222222,1.6666666666666667,3.0,1.6666666666666667,3.0,0.0,3.0,0.0,0.5,0.5
hea_line,4,2,7,4249,16.0,0.0083799590955833,0.7186444774156329,0.1511530443559178,0.0298971779639968,4.249212937480228e-33,-1.524369803398141,0.0568983046822549,0.75,0.0060184920117473,0.0035319743647938,-2.2205123115689256,0.0419457134761238,0.3333333333333333,24.0,7.0,7.0,14.0,6.0,3.0,0.5,1.5,2.0,0.5,1.0,1.0,0.7222222222222222,1.6666666666666667,3.0,1.6666666666666667,3.0,0.0,3.0,0.0,0.5,0.5
hea_line,4,2,8,4250,16.0,0.0120117163825328,0.7318129842138353,0.1554180171306884,0.0306831084309964,5.433596032000845e-33,-1.513100645177897,0.0579355525255999,0.75,0.0060968751804256,0.0035157310636791,-2.214892696073249,0.0407589017084503,0.3333333333333333,24.0,7.0,7.0,14.0,6.0,3.0,0.5,1.5,2.0,0.5,1.0,1.0,0.7222222222222222,1.6666666666666667,3.0,1.6666666666666667,3.0,0.0,3.0,0.0,0.5,0.5
hea_line,4,2,9,4251,16.0,0.0246374970442891,0.6989909298219971,0.1729118582319184,0.0269883035082756,4.4113081073875734e-33,-1.568824414448707,0.0503600741798453,0.75,0.0062290031957175,0.0029906411374612,-2.205581446316073,0.0420304290232567,0.3333333333333333,24.0,7.0,7.0,14.0,6.0,3.0,0.5,1.5,2.0,0.5,1.0,1.0,0.7222222222222222,1.6666666666666667,3.0,1.6666666666666667,3.0,0.0,3.0,0.0,0.5,0.5
hea_line,4,3,0,4342,16.0,0.0023621794316271,0.7988263822873938,0.1064233926411951,0.0234783604530723,6.674095963169882e-33,-1.62933223412991,0.0630769004389952,0.6111111111111112,0.0049323521350522,0.0038244099067177,-2.3069459254155444,0.0442108866956425,0.2222222222222222,36.0,10.0,10.0,21.0,9.0,3.0,0.5,1.5,2.0,0.5,1.0,1.0,0.7222222222222222,1.6666666666666667,3.0,1.6666666666666667,3.0,0.0,3.0,0.0,0.5,0.6666666666666667
hea_line,4,3,1,4343,16.0,0.0040572157550688,0.7897432725557,0.1126303186829337,0.0232623433336369,5.7539350570391144e-33,-1.6333465387216208,0.0601631453264775,0.6111111111111112,0.0054365514931521,0.0047887390541703,-2.2646764941242,0.0473849505841736,0.2222222222222222,36.0,10.0,10.0,21.0,9.0,3.0,0.5,1.5,2.0,0.5,1.0,1.0,0.7222222222222222,1.6666666666666667,3.0,1.6666666666666667,3.0,0.0,3.0,0.0,0.5,0.6666666666666667
hea_line,4,3,2,4344,16.0,0.0018188264151893,0.7986032574313086,0.1067220484025126,0.0229315625197943,5.152154196116842e-33,-1.6395663521342183,0.0611680796069105,0.6111111111111112,0.0052446805263588,0.0041272101611726,-2.2802809612102024,0.0461561131337908,0.2222222222222222,36.0,10.0,10.0,21.0,9.0,3.0,0.5,1.5,2.0,0.5,1.0,1.0,0.7222222222222222,1.6666666666666667,3.0,1.6666666666666667,3.0,0.0,3.0,0.0,0.5,0.6666666666666667
hea_line,4,3,3,4345,16.0,0.0021147633990458,0.7798407577248584,0.1283923234030499,0.0236260968658877,5.032419006261867e-33,-1.6266080197818975,0.0635247588115475,0.6111111111111112,0.0051102763198207,0.003803302375299,-2.2915556163175483,0.0444690055126135,0.2222222222222222,36.0,10.0,10.0,21.0,9.0,3.0,0.5,1.5,2.0,0.5,1.0,1.0,0.7222222222222222,1.6666666666666667,3.0,1.6666666666666667,3.0,0.0,3.0,0.0,0.5,0.6666666666666667
hea_line,4,3,4,4346,16.0,0.0024916406485755,0.7964198362168301,0.1045175965611597,0.0245874308710614,6.040105063859841e-33,-1.6092868481141434,0.0631923564421436,0.6111111111111112,0.0054786652144282,0.0042102097190198,-2.261325237248932,0.0467640475795757,0.2222222222222222,36.0,10.0,10.0,21.0,9.0,3.0,0.5,1.5,2.0,0.5,1.0,1.0,0.7222222222222222,1.6666666666666667,3.0,1.6666666666666667,3.0,0.0,3.0,0.0,0.5,0.6666666666666667
hea_line,4,3,5,4347,16.0,0.0038836553028637,0.791224300498374,0.1141586851717486,0.0238568543768247,5.678739414073154e-33,-1.6223868203826872,0.0604865129383064,0.6111111111111112,0.0051447221737216,0.0041463377962295,-2.288638073122627,0.0450528140466227,0.2222222222222222,36.0,10.0,10.0,21.0,9.0,3.0,0.5,1.5,2.0,0.5,1.0,1.0,0.7222222222222222,1.6666666666666667,3.0,1.6666666666666667,3.0,0.0,3.0,0.0,0.5,0.6666666666666667
hea_line,4,3,6,4348,16.0,0.0034235579266444,0.7708923885634055,0.1318315211657425,0.0236135079246751,5.368390510688654e-33,-1.626839491143916,0.064534491977145,0.6111111111111112,0.0048638091917499,0.004000705200614,-2.3130234708643385,0.0440340204425834,0.2222222222222222,36.0,10.0,10.0,21.0,9.0,3.0,0.5,1.5,2.0,0.5,1.0,1.0,0.7222222222222222,1.6666666666666667,3.0,1.6666666666666667,3.0,0.0,3.0,0.0,0.5,0.6666666666666667
hea_line,4,3,7,4349,16.0,0.0028181284091986,0.7935609228202429,0.1182914377495995,0.0233290780222644,5.153856246048446e-33,-1.632102424419067,0.0636143330203523,0.6111111111111112,0.0057505036634708,0.004520552954531,-2.2402941155387794,0.0472111292228198,0.2222222222222222,36.0,10.0,10.0,21.0,9.0,3.0,0.5,1.5,2.0,0.5,1.0,1.0,0.7222222222222222,1.6666666666666667,3.0,1.6666666666666667,3.0,0.0,3.0,0.0,0.5,0.6666666666666667
hea_line,4,3,8,4350,16.0,0.0036557085606639,0.7808824190742815,0.1292638522757543,0.0219703226190037,5.315392966467696e-33,-1.6581635657183451,0.0579495518048929,0.6111111111111112,0.0051210139617374,0.0043412772754709,-2.2906440401200565,0.0454484529480211,0.2222222222222222,36.0,10.0,10.0,21.0,9.0,3.0,0.5,1.5,2.0,0.5,1.0,1.0,0.7222222222222222,1.6666666666666667,3.0,1.6666666666666667,3.0,0.0,3.0,0.0,0.5,0.6666666666666667
hea_line,4,3,9,4351,16.0,0.0039504508437024,0.7841471814066004,0.1019266711066003,0.023478597188131,5.661507765762785e-33,-1.629327855109853,0.0607719448092084,0.6111111111111112,0.0054867269395709,0.0044831805990084,-2.260686652996635,0.0464002504672361,0.2222222222222222,36.0,10.0,10.0,21.0,9.0,3.0,0.5,1.5,2.0,0.5,1.0,1.0,0.7222222222222222,1.6666666666666667,3.0,1.6666666666666667,3.0,0.0,3.0,0.0,0.5,0.6666666666666667
hea_line,4,4,0,4442,16.0,0.0014075781413081,0.8091884921177356,0.1001268869168152,0.0187613231680004,0.0043066622286231,-1.72673653566394,0.0633922846123626,0.4791666666666667,0.0050045746873781,0.0046451762837908,-2.300632825032481,0.0480746504303206,0.1666666666666666,48.0,13.0,13.0,28.0,12.0,3.0,0.5,1.5,2.0,0.5,1.0,1.0,0.7222222222222222,1.6666666666666667,3.0,1.6666666666666667,3.0,0.0,3.0,0.0,0.5,0.75
hea_line,4,4,1,4443,16.0,0.0021733477306507,0.7917522628312199,0.0918227625069411,0.0179028828626035,0.0046363134941974,-1.747077029885412,0.0625426460996911,0.4791666666666667,0.0058072704239977,0.0052330455172382,-2.2360279499412794,0.0514248107195319,0.1666666666666666,48.0,13.0,13.0,28.0,12.0,3.0,0.5,1.5,2.0,0.5,1.0,1.0,0.7222222222222222,1.6666666666666667,3.0,1.6666666666666667,3.0,0.0,3.0,0.0,0.5,0.75
hea_line,4,4,2,4444,16.0,0.0018195377944634,0.7810577209117252,0.1008132082684227,0.0174090064707324,0.0047164779667241,-1.7592260132933892,0.0609757418561153,0.4791666666666667,0.0053425029985492,0.0055308793710171,-2.272255225410398,0.0498503612923304,0.1666666666666666,48.0,13.0,13.0,28.0,12.0,3.0,0.5,1.5,2.0,0.5,1.0,1.0,0.7222222222222222,1.6666666666666667,3.0,1.6666666666666667,3.0,0.0,3.0,0.0,0.5,0.75
hea_line,4,4,3,4445,16.0,0.0017264751467883,0.8173374631276061,0.0889520510191768,0.0175874561599578,0.0033653220206041,-1.7547969721165222,0.0610304251970852,0.4791666666666667,0.0052577967271611,0.0051111674931483,-2.27919620825984,0.0491287191446931,0.1666666666666666,48.0,13.0,13.0,28.0,12.0,3.0,0.5,1.5,2.0,0.5,1.0,1.0,0.7222222222222222,1.6666666666666667,3.0,1.6666666666666667,3.0,0.0,3.0,0.0,0.5,0.75
hea_line,4,4,4,4446,16.0,0.0012253538376903,0.8017300968795402,0.0979955033272651,0.0169332662139813,0.0031059032893167,-1.77125926387011,0.0601427753087897,0.4791666666666667,0.0055294433519438,0.0053062742944364,-2.2573185868412646,0.0509650529203871,0.1666666666666666,48.0,13.0,13.0,28.0,12.0,3.0,0.5,1.5,2.0,0.5,1.0,1.0,0.7222222222222222,1.6666666666666667,3.0,1.6666666666666667,3.0,0.0,3.0,0.0,0.5,0.75
hea_line,4,4,5,4447,16.0,0.0024381169389012,0.7949896550375091,0.0922166660458092,0.0177078625439712,0.0045574281411095,-1.751833857860261,0.0616874756531764,0.4791666666666667,0.0048950206936417,0.0047174828075574,-2.3102454678822077,0.048228355893357,0.1666666666666666,48.0,13.0,13.0,28.0,12.0,3.0,0.5,1.5,2.0,0.5,1.0,1.0,0.7222222222222222,1.6666666666666667,3.0,1.6666666666666667,3.0,0.0,3.0,0.0,0.5,0.75
hea_line,4,4,6,4448,16.0,0.0013604374694974,0.805012675209279,0.0908195929188562,0.0195168286458652,0.0045186235809866,-1.7095907508853097,0.0650265484692041,0.4791666666666667,0.0054624351425326,0.0053420744899885,-2.262613706526307,0.0505745487501447,0.1666666666666666,48.0,13.0,13.0,28.0,12.0,3.0,0.5,1.5,2.0,0.5,1.0,1.0,0.7222222222222222,1.6666666666666667,3.0,1.6666666666666667,3.0,0.0,3.0,0.0,0.5,0.75
hea_line,4,4,7,4449,16.0,0.0015866730489015,0.8047660161384407,0.1045044692683986,0.0177794775217887,0.0058487066338498,-1.7500810056120413,0.0621054736466441,0.4791666666666667,0.0052411440338459,0.0049972976822931,-2.2805739051237834,0.0497740282887563,0.1666666666666666,48.0,13.0,13.0,28.0,12.0,3.0,0.5,1.5,2.0,0.5,1.0,1.0,0.7222222222222222,1.6666666666666667,3.0,1.6666666666666667,3.0,0.0,3.0,0.0,0.5,0.75
hea_line,4,4,8,4450,16.0,0.0024424572992862,0.8000093125655456,0.0878644330193897,0.0175730105515737,0.0068715775354074,-1.7551538301988352,0.0609124632257817,0.4791666666666667,0.0049927113336176,0.0043010700453857,-2.301663543065879,0.0477685383895171,0.1666666666666666,48.0,13.0,13.0,28.0,12.0,3.0,0.5,1.5,2.0,0.5,1.0,1.0,0.7222222222222222,1.6666666666666667,3.0,1.6666666666666667,3.0,0.0,3.0,0.0,0.5,0.75
hea_line,4,4,9,4451,16.0,0.0021799030962672,0.787124628099528,0.1042388135228756,0.0178471877730505,0.005572723623899,-1.7484302070512472,0.0628171977913112,0.4791666666666667,0.0048727372841894,0.0045643072626375,-2.312227003168789,0.0478606051811273,0.1666666666666666,48.0,13.0,13.0,28.0,12.0,3.0,0.5,1.5,2.0,0.5,1.0,1.0,0.7222222222222222,1.6666666666666667,3.0,1.6666666666666667,3.0,0.0,3.0,0.0,0.5,0.75
hea_line,4,5,0,4542,16.0,0.0028013250318673,0.815080825932793,0.0752348163442104,0.0169928179714451,0.0159184465543221,-1.7697345947644174,0.071624105052362,0.3833333333333333,0.0055641381865086,0.0056685631200403,-2.2546020927538666,0.0522888529770868,0.1333333333333333,60.0,16.0,16.0,35.0,15.0,3.0,0.5,1.5,2.0,0.5,1.0,1.0,0.7222222222222222,1.6666666666666667,3.0,1.6666666666666667,3.0,0.0,3.0,0.0,0.5,0.8
hea_line,4,5,1,4543,16.0,0.001396163302479,0.8221407292064024,0.0728705181242067,0.0190740079563971,0.0134928497533613,-1.7195580405430086,0.0745565963219435,0.3833333333333333,0.0054549827234112,0.0055559425665032,-2.263206620536511,0.0523120847966649,0.1333333333333333,60.0,16.0,16.0,35.0,15.0,3.0,0.5,1.5,2.0,0.5,1.0,1.0,0.7222222222222222,1.6666666666666667,3.0,1.6666666666666667,3.0,0.0,3.0,0.0,0.5,0.8
hea_line,4,5,2,4544,16.0,0.0020885783971103,0.8092573625260547,0.0866773358895762,0.0178759960278203,0.0163044898550112,-1.74772975051514,0.0735413061792434,0.3833333333333333,0.0058813519913161,0.0063211458992208,-2.230522827856643,0.054637271795782,0.1333333333333333,60.0,16.0,16.0,35.0,15.0,3.0,0.5,1.5,2.0,0.5,1.0,1.0,0.7222222222222222,1.6666666666666667,3.0,1.6666666666666667,3.0,0.0,3.0,0.0,0.5,0.8
hea_line,4,5,3,4545,16.0,0.0011740754591528,0.808825726557684,0.0947925187065826,0.0173589898524213,0.0180461156465246,-1.7604755507196337,0.0725999316388867,0.3833333333333333,0.0053584105517774,0.0056288078034194,-2.270964014591046,0.0524017256989877,0.1333333333333333,60.0,16.0,16.0,35.0,15.0,3.0,0.5,1.5,2.0,0.5,1.0,1.0,0.7222222222222222,1.6666666666666667,3.0,1.6666666666666667,3.0,0.0,3.0,0.0,0.5,0.8
hea_line,4,5,4,4546,16.0,0.0020596512948232,0.8197238391761132,0.0764694037527143,0.0188554578082946,0.0174080114218472,-1.7245629185114812,0.0773971421722756,0.3833333333333333,0.0052949967543922,0.0055377677730195,-2.2761343017604587,0.0519997253714358,0.1333333333333333,60.0,16.0,16.0,35.0,15.0,3.0,0.5,1.5,2.0,0.5,1.0,1.0,0.7222222222222222,1.6666666666666667,3.0,1.6666666666666667,3.0,0.0,3.0,0.0,0.5,0.8
hea_line,4,5,5,4547,16.0,0.0027594574637888,0.8191555532528656,0.0805407244402162,0.0173033200639299,0.0138258190886282,-1.7618705588882526,0.0711946573363715,0.3833333333333333,0.0052917552857875,0.0052276120804945,-2.2764002477213943,0.051408093837502,0.1333333333333333,60.0,16.0,16.0,35.0,15.0,3.0,0.5,1.5,2.0,0.5,1.0,1.0,0.7222222222222222,1.6666666666666667,3.0,1.6666666666666667,3.0,0.0,3.0,0.0,0.5,0.8
hea_line,4,5,6,4548,16.0,0.0016116680799641,0.8040959559184262,0.089868112377124,0.0182444480200656,0.0142230105817792,-1.7388692715410927,0.0724462689873442,0.3833333333333333,0.0051829531334104,0.0053296060792833,-2.2854227182284355,0.0508544337418039,0.1333333333333333,60.0,16.0,16.0,35.0,15.0,3.0,0.5,1.5,2.0,0.5,1.0,1.0,0.7222222222222222,1.6666666666666667,3.0,1.6666666666666667,3.0,0.0,3.0,0.0,0.5,0.8
hea_line,4,5,7,4549,16.0,0.0025028820765415,0.819226109941607,0.0852925342806635,0.0173732274102953,0.0142960542412003,-1.7601194955262645,0.0723087179091982,0.3833333333333333,0.0058505222935918,0.0061450892037081,-2.232805361422142,0.0542755702493938,0.1333333333333333,60.0,16.0,16.0,35.0,15.0,3.0,0.5,1.5,2.0,0.5,1.0,1.0,0.7222222222222222,1.6666666666666667,3.0,1.6666666666666667,3.0,0.0,3.0,0.0,0.5,0.8
hea_line,4,5,8,4550,16.0,0.0024677342165398,0.820261066232354,0.0819844268228741,0.017999475608358,0.0121841655415594,-1.744740147325243,0.0716217550728897,0.3833333333333333,0.0053763808540577,0.0052456950156374,-2.269509974151192,0.0522241126037658,0.1333333333333333,60.0,16.0,16.0,35.0,15.0,3.0,0.5,1.5,2.0,0.5,1.0,1.0,0.7222222222222222,1.6666666666666667,3.0,1.6666666666666667,3.0,0.0,3.0,0.0,0.5,0.8
hea_line,4,5,9,4551,16.0,0.0033959030780151,0.809726666165933,0.0866094725460919,0.0187496905500033,0.0150003320175096,-1.7270058955914618,0.0749914473192382,0.3833333333333333,0.0059320155207321,0.0059641736654477,-2.2267977213389507,0.0534572491299177,0.1333333333333333,60.0,16.0,16.0,35.0,15.0,3.0,0.5,1.5,2.0,0.5,1.0,1.0,0.7222222222222222,1.6666666666666667,3.0,1.6666666666666667,3.0,0.0,3.0,0.0,0.5,0.8
hea_line,6,1,0,6142,64.0,0.2295607455323539,0.6959174455129091,0.1537644599826619,0.0277469131424269,5.072628879528586e-33,-1.556785325326138,0.035743318819857,0.9444444444444444,0.0023873802242419,6.451242428843574e-34,-2.6220784079141217,0.0163654307772032,0.6666666666666666,18.0,6.0,6.0,11.0,5.0,5.0,0.3333333333333333,1.6666666666666667,2.0,0.4714045207910317,1.0,1.0,0.58,2.333333333333333,5.0,2.333333333333333,5.0,0.0,5.0,0.0,0.3333333333333333,0.0
hea_line,6,1,1,6143,64.0,0.1932086321715211,0.7261610364270714,0.1376345223057687,0.0265042655042241,4.370888028813152e-33,-1.576684226596292,0.0339455230870122,0.9444444444444444,0.0031860201644346,6.7009327948398155e-34,-2.4967514798610013,0.0174172423637792,0.6666666666666666,18.0,6.0,6.0,11.0,5.0,5.0,0.3333333333333333,1.6666666666666667,2.0,0.4714045207910317,1.0,1.0,0.58,2.333333333333333,5.0,2.333333333333333,5.0,0.0,5.0,0.0,0.3333333333333333,0.0
hea_line,6,1,2,6144,64.0,0.1860968476602952,0.7434975804665055,0.1568249147049975,0.0278656014099961,4.497579604836173e-33,-1.5549315793357874,0.0353919141607582,0.9444444444444444,0.002701365586583,7.717716479727024e-34,-2.5684166370300465,0.0162272890582407,0.6666666666666666,18.0,6.0,6.0,11.0,5.0,5.0,0.3333333333333333,1.6666666666666667,2.0,0.4714045207910317,1.0,1.0,0.58,2.333333333333333,5.0,2.333333333333333,5.0,0.0,5.0,0.0,0.3333333333333333,0.0
hea_line,6,1,3,6145,64.0,0.2424162631584228,0.7121586266337466,0.1626160145942683,0.0285138331286692,5.949752924553956e-33,-1.5449443963443172,0.0357980016373288,0.9444444444444444,0.003250995284044,8.006165348617168e-34,-2.487983660499306,0.0178055449640078,0.6666666666666666,18.0,6.0,6.0,11.0,5.0,5.0,0.3333333333333333,1.6666666666666667,2.0,0.4714045207910317,1.0,1.0,0.58,2.333333333333333,5.0,2.333333333333333,5.0,0.0,5.0,0.0,0.3333333333333333,0.0
hea_line,6,1,4,6146,64.0,0.2185506569075807,0.6931374891923825,0.1638026432925376,0.0265323006442988,4.851456171616653e-33,-1.576225090243696,0.0351620310982091,0.9444444444444444,0.0028737120718809,5.719011731335309e-34,-2.541556747634464,0.0170141366891736,0.6666666666666666,18.0,6.0,6.0,11.0,5.0,5.0,0.3333333333333333,1.6666666666666667,2.0,0.4714045207910317,1.0,1.0,0.58,2.333333333333333,5.0,2.333333333333333,5.0,0.0,5.0,0.0,0.3333333333333333,0.0
hea_line,6,1,5,6147,64.0,0.2097777275327294,0.720097254720821,0.141804946974137,0.0278220238204598,5.035333590443995e-33,-1.555611281889273,0.0347340196787951,0.9444444444444444,0.003163644538483,8.534135771446108e-34,-2.4998123189947354,0.0171170396950706,0.6666666666666666,18.0,6.0,6.0,11.0,5.0,5.0,0.3333333333333333,1.6666666666666667,2.0,0.4714045207910317,1.0,1.0,0.58,2.333333333333333,5.0,2.333333333333333,5.0,0.0,5.0,0.0,0.3333333333333333,0.0
hea_line,6,1,6,6148,64.0,0.1926707238664236,0.741469039960272,0.119859269724656,0.0245317261214087,5.1327456362339925e-33,-1.6102718925343915,0.0321061412247381,0.9444444444444444,0.0030104866731148,9.399562109950493e-34,-2.521363290996438,0.0165635102255543,0.6666666666666666,18.0,6.0,6.0,11.0,5.0,5.0,0.3333333333333333,1.6666666666666667,2.0,0.4714045207910317,1.0,1.0,0.58,2.333333333333333,5.0,2.333333333333333,5.0,0.0,5.0,0.0,0.3333333333333333,0.0
hea_line,6,1,7,6149,64.0,0.2285092418232209,0.7528199416728897,0.1525536011409821,0.0292663220120982,5.0342250967283585e-33,-1.5336318532483637,0.0362402798098995,0.9444444444444444,0.0029952276761054,9.80756110417035e-34,-2.523570160013185,0.0180588974053893,0.6666666666666666,18.0,6.0,6.0,11.0,5.0,5.0,0.3333333333333333,1.6666666666666667,2.0,0.4714045207910317,1.0,1.0,0.58,2.333333333333333,5.0,2.333333333333333,5.0,0.0,5.0,0.0,0.3333333333333333,0.0
hea_line,6,1,8,6150,64.0,0.2018574449803612,0.7096629775755189,0.167022903342127,0.0295980805707036,5.153743743474405e-33,-1.5287364519336473,0.0371045503802918,0.9444444444444444,0.00291138110655,8.167921991340822e-34,-2.5359009406834043,0.0170138240118165,0.6666666666666666,18.0,6.0,6.0,11.0,5.0,5.0,0.3333333333333333,1.6666666666666667,2.0,0.4714045207910317,1.0,1.0,0.58,2.333333333333333,5.0,2.333333333333333,5.0,0.0,5.0,0.0,0.3333333333333333,0.0
hea_line,6,1,9,6151,64.0,0.2332885752668162,0.7355794069440283,0.1475457882378328,0.0255721109471459,5.799722429242434e-33,-1.5922334200042951,0.0332575424076103,0.9444444444444444,0.0029488578067069,5.810289249446244e-34,-2.5303461685303907,0.0167942369307281,0.6666666666666666,18.0,6.0,6.0,11.0,5.0,5.0,0.3333333333333333,1.6666666666666667,2.0,0.4714045207910317,1.0,1.0,0.58,2.333333333333333,5.0,2.333333333333333,5.0,0.0,5.0,0.0,0.3333333333333333,0.0
hea_line,6,2,0,6242,64.0,0.0256326344207159,0.7943754365551368,0.1168316951277871,0.0176480142726921,4.731539300473401e-33,-1.7533041536715113,0.0344282667281423,0.8333333333333334,0.002031639953762,0.0005696906980004,-2.6921532550245013,0.0218261477527968,0.3333333333333333,36.0,9.0,9.0,22.0,10.0,5.0,0.3333333333333333,1.6666666666666667,2.0,0.4714045207910317,1.0,1.0,0.58,2.333333333333333,5.0,2.333333333333333,5.0,0.0,5.0,0.0,0.3333333333333333,0.5
hea_line,6,2,1,6243,64.0,0.0255492380240365,0.7822578019186242,0.1097603649754095,0.0207829210585256,3.260651460161352e-33,-1.6822934120029305,0.037974326355712,0.8333333333333334,0.0017768377149661,0.0005583615073012,-2.7503522360738164,0.0202061133260344,0.3333333333333333,36.0,9.0,9.0,22.0,10.0,5.0,0.3333333333333333,1.6666666666666667,2.0,0.4714045207910317,1.0,1.0,0.58,2.333333333333333,5.0,2.333333333333333,5.0,0.0,5.0,0.0,0.3333333333333333,0.5
hea_line,6,2,2,6244,64.0,0.0291162020885144,0.8067242623132952,0.102562630991648,0.0216971640632114,4.633653179301405e-33,-1.6635970270816671,0.0386525700662788,0.8333333333333334,0.0018999829166871,0.0004323551151669,-2.7212503039007845,0.0208759681872065,0.3333333333333333,36.0,9.0,9.0,22.0,10.0,5.0,0.3333333333333333,1.6666666666666667,2.0,0.4714045207910317,1.0,1.0,0.58,2.333333333333333,5.0,2.333333333333333,5.0,0.0,5.0,0.0,0.3333333333333333,0.5
hea_line,6,2,3,6245,64.0,0.031894011394229,0.8075811709130472,0.1067728562533639,0.0176086600046164,4.7849684817326065e-33,-1.754273692002241,0.0337280095328569,0.8333333333333334,0.0019857206952456,0.0004595957985221,-2.7020818379373357,0.0218371232749438,0.3333333333333333,36.0,9.0,9.0,22.0,10.0,5.0,0.3333333333333333,1.6666666666666667,2.0,0.4714045207910317,1.0,1.0,0.58,2.333333333333333,5.0,2.333333333333333,5.0,0.0,5.0,0.0,0.3333333333333333,0.5
hea_line,6,2,4,6246,64.0,0.0241211295084931,0.7942038622063504,0.1079492202260647,0.0188998194655338,4.776768140256315e-33,-1.7235423442657465,0.0366120689908363,0.8333333333333334,0.0020550186229814,0.000395568951496,-2.6871842381083884,0.0215898789437928,0.3333333333333333,36.0,9.0,9.0,22.0,10.0,5.0,0.3333333333333333,1.6666666666666667,2.0,0.4714045207910317,1.0,1.0,0.58,2.333333333333333,5.0,2.333333333333333,5.0,0.0,5.0,0.0,0.3333333333333333,0.5
hea_line,6,2,5,6247,64.0,0.0237723526541941,0.79648399164203,0.1096126279263691,0.0184324658580075,4.053821568533232e-33,-1.734416561856855,0.0345541559440436,0.8333333333333334,0.0017346641992917,0.0004645901614547,-2.760784584567286,0.0197673381942163,0.3333333333333333,36.0,9.0,9.0,22.0,10.0,5.0,0.3333333333333333,1.6666666666666667,2.0,0.4714045207910317,1.0,1.0,0.58,2.333333333333333,5.0,2.333333333333333,5.0,0.0,5.0,0.0,0.3333333333333333,0.5
hea_line,6,2,6,6248,64.0,0.0326485371410964,0.7941437970148375,0.1058487824164793,0.0215507877451495,3.5062964732679976e-33,-1.666536850462929,0.0389952380872419,0.8333333333333334,0.0018166579525474,0.0005224781429135,-2.740726835655657,0.0206592742883771,0.3333333333333333,36.0,9.0,9.0,22.0,10.0,5.0,0.3333333333333333,1.6666666666666667,2.0,0.4714045207910317,1.0,1.0,0.58,2.333333333333333,5.0,2.333333333333333,5.0,0.0,5.0,0.0,0.3333333333333333,0.5
hea_line,6,2,7,6249,64.0,0.0244195146833119,0.7825243848763861,0.102181001595881,0.0178129357353851,4.465138649988956e-33,-1.7492644989192032,0.035913555109987,0.8333333333333334,0.0018950950831145,0.0005219515027714,-2.722368995175577,0.0211830957255117,0.3333333333333333,36.0,9.0,9.0,22.0,10.0,5.0,0.3333333333333333,1.6666666666666667,2.0,0.4714045207910317,1.0,1.0,0.58,2.333333333333333,5.0,2.333333333333333,5.0,0.0,5.0,0.0,0.3333333333333333,0.5
hea_line,6,2,8,6250,64.0,0.0207216144017916,0.8059378969771888,0.1003685691578416,0.0185280097309044,3.893676911409151e-33,-1.7321712298612826,0.0357494281821123,0.8333333333333334,0.001965753789355,0.0005498418287256,-2.706470878477726,0.0215984288240125,0.3333333333333333,36.0,9.0,9.0,22.0,10.0,5.0,0.3333333333333333,1.6666666666666667,2.0,0.4714045207910317,1.0,1.0,0.58,2.333333333333333,5.0,2.333333333333333,5.0,0.0,5.0,0.0,0.3333333333333333,0.5
hea_line,6,2,9,6251,64.0,0.0406892542545933,0.8110837861306557,0.1027908629307966,0.017484209275255,4.9668403787572884e-33,-1.7573540039128517,0.034379316641887,0.8333333333333334,0.0016744060048666,0.0004672364691882,-2.7761392271707037,0.0201314868431696,0.3333333333333333,36.0,9.0,9.0,22.0,10.0,5.0,0.3333333333333333,1.6666666666666667,2.0,0.4714045207910317,1.0,1.0,0.58,2.333333333333333,5.0,2.333333333333333,5.0,0.0,5.0,0.0,0.3333333333333333,0.5
hea_line,6,3,0,6342,64.0,0.003601474407748,0.8752202940969422,0.0559975595626001,0.0165519262366746,3.183267059910832e-33,-1.7811514577626064,0.0423271358028356,0.7407407407407407,0.0014558918539044,0.0007241579960464,-2.836870883949425,0.0219485228004934,0.2222222222222222,54.0,12.0,12.0,33.0,15.0,5.0,0.3333333333333333,1.6666666666666667,2.0,0.4714045207910317,1.0,1.0,0.58,2.333333333333333,5.0,2.333333333333333,5.0,0.0,5.0,0.0,0.3333333333333333,0.6666666666666667
hea_line,6,3,1,6343,64.0,0.0057220938143482,0.8818308548437084,0.0743913411802452,0.0153849986610789,3.5388342969497915e-33,-1.8129025372121703,0.0422653326820856,0.7407407407407407,0.0013231305798025,0.0006026394810887,-2.8783972931599995,0.0210614679659539,0.2222222222222222,54.0,12.0,12.0,33.0,15.0,5.0,0.3333333333333333,1.6666666666666667,2.0,0.4714045207910317,1.0,1.0,0.58,2.333333333333333,5.0,2.333333333333333,5.0,0.0,5.0,0.0,0.3333333333333333,0.6666666666666667
hea_line,6,3,2,6344,64.0,0.0047511795935653,0.8664345463343974,0.0706411137199977,0.015002558897544,3.69268298775252e-33,-1.8238346595908168,0.0396411166464246,0.7407407407407407,0.0014194407293665,0.0007721666521264,-2.847882737302577,0.0218268939363481,0.2222222222222222,54.0,12.0,12.0,33.0,15.0,5.0,0.3333333333333333,1.6666666666666667,2.0,0.4714045207910317,1.0,1.0,0.58,2.333333333333333,5.0,2.333333333333333,5.0,0.0,5.0,0.0,0.3333333333333333,0.6666666666666667
hea_line,6,3,3,6345,64.0,0.0033221657927925,0.8867068711703952,0.0650260244360948,0.0155389311889945,2.705064353732069e-33,-1.8085788564929703,0.0407977429127285,0.7407407407407407,0.0014013435345101,0.0006631754149279,-2.8534553858753324,0.0220012309351716,0.2222222222222222,54.0,12.0,12.0,33.0,15.0,5.0,0.3333333333333333,1.6666666666666667,2.0,0.4714045207910317,1.0,1.0,0.58,2.333333333333333,5.0,2.333333333333333,5.0,0.0,5.0,0.0,0.3333333333333333,0.6666666666666667
hea_line,6,3,4,6346,64.0,0.0070442634986175,0.8842653354359454,0.0588748954692279,0.0166809875364047,3.2637432887489026e-33,-1.7777782421325832,0.0444892440468727,0.7407407407407407,0.001468663704457,0.0006055475191731,-2.833077637850841,0.0219581087440858,0.2222222222222222,54.0,12.0,12.0,33.0,15.0,5.0,0.3333333333333333,1.6666666666666667,2.0,0.4714045207910317,1.0,1.0,0.58,2.333333333333333,5.0,2.333333333333333,5.0,0.0,5.0,0.0,0.3333333333333333,0.6666666666666667
hea_line,6,3,5,6347,64.0,0.0053529199922037,0.8919401442326024,0.0674686177257107,0.0137826122651158,3.797350738641013e-33,-1.8606684613248936,0.0373600953565324,0.7407407407407407,0.0014777925808645,0.0006937274130352,-2.830386518111305,0.0222053724134217,0.2222222222222222,54.0,12.0,12.0,33.0,15.0,5.0,0.3333333333333333,1.6666666666666667,2.0,0.4714045207910317,1.0,1.0,0.58,2.333333333333333,5.0,2.333333333333333,5.0,0.0,5.0,0.0,0.3333333333333333,0.6666666666666667
hea_line,6,3,6,6348,64.0,0.0081724680756717,0.884934728686117,0.0627534123937433,0.0146428753208248,3.672476851208004e-33,-1.8343736354800135,0.0387372221102248,0.7407407407407407,0.0015539558478553,0.0006838937064862,-2.8085613248563286,0.022475131575679,0.2222222222222222,54.0,12.0,12.0,33.0,15.0,5.0,0.3333333333333333,1.6666666666666667,2.0,0.4714045207910317,1.0,1.0,0.58,2.333333333333333,5.0,2.333333333333333,5.0,0.0,5.0,0.0,0.3333333333333333,0.6666666666666667
hea_line,6,3,7,6349,64.0,0.0022997437055255,0.8901820150026851,0.0663196844725693,0.0160330877600688,3.117288192380466e-33,-1.7949828302333826,0.0409662747730434,0.7407407407407407,0.0016135046010463,0.0007153713061301,-2.7922297918304486,0.0230008780316254,0.2222222222222222,54.0,12.0,12.0,33.0,15.0,5.0,0.3333333333333333,1.6666666666666667,2.0,0.4714045207910317,1.0,1.0,0.58,2.333333333333333,5.0,2.333333333333333,5.0,0.0,5.0,0.0,0.3333333333333333,0.6666666666666667
hea_line,6,3,8,6350,64.0,0.0043915790669437,0.8660801519617608,0.0788625325399756,0.0157132638673511,2.7657419608620345e-33,-1.8037335964778625,0.0420078769978812,0.7407407407407407,0.0014657182777116,0.0008080853681846,-2.8339494964021634,0.0220909623800371,0.2222222222222222,54.0,12.0,12.0,33.0,15.0,5.0,0.3333333333333333,1.6666666666666667,2.0,0.4714045207910317,1.0,1.0,0.58,2.333333333333333,5.0,2.333333333333333,5.0,0.0,5.0,0.0,0.3333333333333333,0.6666666666666667
hea_line,6,3,9,6351,64.0,0.0054708015767023,0.878901610864513,0.0637138437886767,0.0167703350799351,2.7715060587764207e-33,-1.7754582598797206,0.0420562421878585,0.7407407407407407,0.0015673990344118,0.0008532555049007,-2.8048204251129185,0.0225822305940586,0.2222222222222222,54.0,12.0,12.0,33.0,15.0,5.0,0.3333333333333333,1.6666666666666667,2.0,0.4714045207910317,1.0,1.0,0.58,2.333333333333333,5.0,2.333333333333333,5.0,0.0,5.0,0.0,0.3333333333333333,0.6666666666666667
hea_line,6,4,0,6442,64.0,0.001218893882524,0.9099973012153576,0.0527963385528702,0.0130245954919791,3.0265195713994587e-33,-1.885235755808041,0.0425039520522204,0.6527777777777778,0.0013366266309085,0.0008977102545118,-2.873989890256023,0.0235024702148499,0.1666666666666666,72.0,15.0,15.0,44.0,20.0,5.0,0.3333333333333333,1.6666666666666667,2.0,0.4714045207910317,1.0,1.0,0.58,2.333333333333333,5.0,2.333333333333333,5.0,0.0,5.0,0.0,0.3333333333333333,0.75
hea_line,6,4,1,6443,64.0,0.000777615762914,0.9153185906257212,0.0444014251551598,0.012886187421554,2.9523571375089585e-33,-1.8898755564015333,0.0436477924129057,0.6527777777777778,0.0012101409525324,0.0008993591092085,-2.9171640417976974,0.0224108039710941,0.1666666666666666,72.0,15.0,15.0,44.0,20.0,5.0,0.3333333333333333,1.6666666666666667,2.0,0.4714045207910317,1.0,1.0,0.58,2.333333333333333,5.0,2.333333333333333,5.0,0.0,5.0,0.0,0.3333333333333333,0.75
hea_line,6,4,2,6444,64.0,0.0003972522038837,0.9128984399266172,0.0504332796850757,0.0116416098561602,2.9893259045065838e-33,-1.933986959264837,0.0411524615237912,0.6527777777777778,0.001268101398939,0.0008915458509565,-2.896846018347793,0.0228600378324649,0.1666666666666666,72.0,15.0,15.0,44.0,20.0,5.0,0.3333333333333333,1.6666666666666667,2.0,0.4714045207910317,1.0,1.0,0.58,2.333333333333333,5.0,2.333333333333333,5.0,0.0,5.0,0.0,0.3333333333333333,0.75
hea_line,6,4,3,6445,64.0,0.0009753760764158,0.9148062106286112,0.0485227061734124,0.0118486924848327,3.186986995799208e-33,-1.926329571843936,0.0417622736027266,0.6527777777777778,0.0012913273411561,0.000840289020306,-2.888963653598992,0.0231147759002069,0.1666666666666666,72.0,15.0,15.0,44.0,20.0,5.0,0.3333333333333333,1.6666666666666667,2.0,0.4714045207910317,1.0,1.0,0.58,2.333333333333333,5.0,2.333333333333333,5.0,0.0,5.0,0.0,0.3333333333333333,0.75
hea_line,6,4,4,6446,64.0,0.0004779009072638,0.9109237881474532,0.0463235139312788,0.0125877542489855,3.446338984885622e-33,-1.9000517444171696,0.0424227050669054,0.6527777777777778,0.0013440106516723,0.0009970148835626,-2.8715972893594426,0.0233485267223247,0.1666666666666666,72.0,15.0,15.0,44.0,20.0,5.0,0.3333333333333333,1.6666666666666667,2.0,0.4714045207910317,1.0,1.0,0.58,2.333333333333333,5.0,2.333333333333333,5.0,0.0,5.0,0.0,0.3333333333333333,0.75
hea_line,6,4,5,6447,64.0,0.000527214162708,0.9067501750671448,0.0516263249523363,0.0135252014798328,3.80674431821585e-33,-1.8688562566518652,0.0435265894842344,0.6527777777777778,0.0014176220260845,0.0008937356373369,-2.848439547620786,0.0238377308383283,0.1666666666666666,72.0,15.0,15.0,44.0,20.0,5.0,0.3333333333333333,1.6666666666666667,2.0,0.4714045207910317,1.0,1.0,0.58,2.333333333333333,5.0,2.333333333333333,5.0,0.0,5.0,0.0,0.3333333333333333,0.75
hea_line,6,4,6,6448,64.0,0.0019232895761996,0.9058879492189188,0.0498470026096388,0.0118725113612301,3.2062637580325734e-33,-1.9254574061538456,0.0417551458862828,0.6527777777777778,0.0012624804068394,0.0008714815947282,-2.898775353223181,0.0229567129887931,0.1666666666666666,72.0,15.0,15.0,44.0,20.0,5.0,0.3333333333333333,1.6666666666666667,2.0,0.4714045207910317,1.0,1.0,0.58,2.333333333333333,5.0,2.333333333333333,5.0,0.0,5.0,0.0,0.3333333333333333,0.75
hea_line,6,4,7,6449,64.0,0.0008231497427268,0.9132354782486828,0.038664093673642,0.0123459118545963,2.9414784043078812e-33,-1.9084768280654156,0.0435963882531034,0.6527777777777778,0.0012755687895046,0.0009158027181307,-2.894296115574998,0.0229717630628139,0.1666666666666666,72.0,15.0,15.0,44.0,20.0,5.0,0.3333333333333333,1.6666666666666667,2.0,0.4714045207910317,1.0,1.0,0.58,2.333333333333333,5.0,2.333333333333333,5.0,0.0,5.0,0.0,0.3333333333333333,0.75
hea_line,6,4,8,6450,64.0,0.0013914135296504,0.9137468470445828,0.0445084179151554,0.0126263190721723,2.832209583705483e-33,-1.8987232400733816,0.0425113940755867,0.6527777777777778,0.0012312315724389,0.0008863158496295,-2.9096602564317777,0.0226475078254924,0.1666666666666666,72.0,15.0,15.0,44.0,20.0,5.0,0.3333333333333333,1.6666666666666667,2.0,0.4714045207910317,1.0,1.0,0.58,2.333333333333333,5.0,2.333333333333333,5.0,0.0,5.0,0.0,0.3333333333333333,0.75
hea_line,6,4,9,6451,64.0,0.0011056136884832,0.9097773905933796,0.0470723564795065,0.0122712159357341,3.102273450213829e-33,-1.9111124015748864,0.0418667844989304,0.6527777777777778,0.0011571065170693,0.0007576353137835,-2.936626660368753,0.0222006910919861,0.1666666666666666,72.0,15.0,15.0,44.0,20.0,5.0,0.3333333333333333,1.6666666666666667,2.0,0.4714045207910317,1.0,1.0,0.58,2.333333333333333,5.0,2.333333333333333,5.0,0.0,5.0,0.0,0.3333333333333333,0.75
hea_line,6,5,0,6542,64.0,0.0002634281060696,0.9385223976243102,0.0255610574646894,0.009362265954731,3.698206029636824e-33,-2.028619025990934,0.0416774705998706,0.5666666666666667,0.0011067413157064,0.0009232297190439,-2.955953877124625,0.0230416390109532,0.1333333333333333,90.0,18.0,18.0,55.0,25.0,5.0,0.3333333333333333,1.6666666666666667,2.0,0.4714045207910317,1.0,1.0,0.58,2.333333333333333,5.0,2.333333333333333,5.0,0.0,5.0,0.0,0.3333333333333333,0.8
hea_line,6,5,1,6543,64.0,0.0006447245357467,0.9310361739188048,0.0325410948948209,0.0097142175537782,4.358827912695817e-33,-2.0125921745558597,0.0432590662393116,0.5666666666666667,0.0011204013144356,0.000986837322762,-2.950626390341317,0.0226845343693883,0.1333333333333333,90.0,18.0,18.0,55.0,25.0,5.0,0.3333333333333333,1.6666666666666667,2.0,0.4714045207910317,1.0,1.0,0.58,2.333333333333333,5.0,2.333333333333333,5.0,0.0,5.0,0.0,0.3333333333333333,0.8
hea_line,6,5,2,6544,64.0,0.0004709580363852,0.9285882657111816,0.0370238618702235,0.0098071861425382,3.982107870901079e-33,-2.0084555816174743,0.0427505280346575,0.5666666666666667,0.0011306933108295,0.0009974825582791,-2.9466551771049865,0.0231358138700793,0.1333333333333333,90.0,18.0,18.0,55.0,25.0,5.0,0.3333333333333333,1.6666666666666667,2.0,0.4714045207910317,1.0,1.0,0.58,2.333333333333333,5.0,2.333333333333333,5.0,0.0,5.0,0.0,0.3333333333333333,0.8
hea_line,6,5,3,6545,64.0,0.000452553396247,0.9338657313656442,0.0284798165403352,0.0099848699198069,3.8758591549357935e-33,-2.000657588627834,0.0450615358949487,0.5666666666666667,0.0011413145037747,0.0010358006108741,-2.942594663703621,0.0232014747214249,0.1333333333333333,90.0,18.0,18.0,55.0,25.0,5.0,0.3333333333333333,1.6666666666666667,2.0,0.4714045207910317,1.0,1.0,0.58,2.333333333333333,5.0,2.333333333333333,5.0,0.0,5.0,0.0,0.3333333333333333,0.8
hea_line,6,5,4,6546,64.0,0.0003332538680967,0.9374160496790216,0.0298246614953879,0.0097003486178724,4.728882430876606e-33,-2.013212657476265,0.0436652571709841,0.5666666666666667,0.0010934590975734,0.0009098955060413,-2.961197457738731,0.0224948599628251,0.1333333333333333,90.0,18.0,18.0,55.0,25.0,5.0,0.3333333333333333,1.6666666666666667,2.0,0.4714045207910317,1.0,1.0,0.58,2.333333333333333,5.0,2.333333333333333,5.0,0.0,5.0,0.0,0.3333333333333333,0.8
hea_line,6,5,5,6547,64.0,0.0005841125164062,0.931441271236258,0.0291963496125763,0.0100923472542173,4.820227644296272e-33,-1.9960078148334284,0.0430176015136995,0.5666666666666667,0.0011394406769238,0.0009520331753984,-2.9433082807120416,0.023205728333912,0.1333333333333333,90.0,18.0,18.0,55.0,25.0,5.0,0.3333333333333333,1.6666666666666667,2.0,0.4714045207910317,1.0,1.0,0.58,2.333333333333333,5.0,2.333333333333333,5.0,0.0,5.0,0.0,0.3333333333333333,0.8
hea_line,6,5,6,6548,64.0,0.0003989750800568,0.9339509120359862,0.0300011338489241,0.008657724581233,3.946409919853229e-33,-2.0625962340406767,0.0403265533988196,0.5666666666666667,0.0011780868038076,0.0009420425441578,-2.9288227086781182,0.0232895895915362,0.1333333333333333,90.0,18.0,18.0,55.0,25.0,5.0,0.3333333333333333,1.6666666666666667,2.0,0.4714045207910317,1.0,1.0,0.58,2.333333333333333,5.0,2.333333333333333,5.0,0.0,5.0,0.0,0.3333333333333333,0.8
hea_line,6,5,7,6549,64.0,0.0005130820911621,0.9301899263757016,0.0373199421880177,0.0102061130679589,4.431176718417733e-33,-1.991139624665493,0.0433969680390267,0.5666666666666667,0.0011235819703071,0.0009036706771034,-2.9493952383730577,0.0230540731726112,0.1333333333333333,90.0,18.0,18.0,55.0,25.0,5.0,0.3333333333333333,1.6666666666666667,2.0,0.4714045207910317,1.0,1.0,0.58,2.333333333333333,5.0,2.333333333333333,5.0,0.0,5.0,0.0,0.3333333333333333,0.8
hea_line,6,5,8,6550,64.0,0.0014266224139076,0.9293708305063616,0.0351187556367884,0.0104254126924493,4.2259749935492084e-33,-1.9819067443632232,0.0436418493710041,0.5666666666666667,0.0011221796659965,0.0009864681336556,-2.9499376050190294,0.0230274041136786,0.1333333333333333,90.0,18.0,18.0,55.0,25.0,5.0,0.3333333333333333,1.6666666666666667,2.0,0.4714045207910317,1.0,1.0,0.58,2.333333333333333,5.0,2.333333333333333,5.0,0.0,5.0,0.0,0.3333333333333333,0.8
hea_line,6,5,9,6551,64.0,0.0006712568092408,0.9341121375501118,0.0353932782601973,0.0090645441426409,4.175711889213205e-33,-2.042654031757511,0.0411617193649745,0.5666666666666667,0.001088734279356,0.0009667205777016,-2.963078102880456,0.0228015110676741,0.1333333333333333,90.0,18.0,18.0,55.0,25.0,5.0,0.3333333333333333,1.6666666666666667,2.0,0.4714045207910317,1.0,1.0,0.58,2.333333333333333,5.0,2.333333333333333,5.0,0.0,5.0,0.0,0.3333333333333333,0.8
hea_line,8,1,0,8142,256.0,0.1956975254663017,0.759180984831993,0.1288684657021723,0.0202358887915378,5.571366912239014e-33,-1.6938777159680642,0.0253042284732776,0.9583333333333334,0.0012232223360041,7.842556246437725e-34,-2.912494597318785,0.0102687123216562,0.6670833333333334,24.0,8.0,8.0,15.0,7.0,7.0,0.25,1.75,2.0,0.4330127018922193,1.0,1.0,0.4908163265306121,3.0,7.0,3.0,7.0,0.0,7.0,0.0,0.25,0.0
hea_line,8,1,1,8143,256.0,0.1682937087707826,0.7775898702882641,0.1049693357861257,0.0187544282917157,6.143441605190878e-33,-1.7268961703049135,0.0243361132407854,0.9583333333333334,0.0012148500619478,4.558985821183078e-34,-2.9154773198326835,0.0095620809219407,0.6666666666666666,24.0,8.0,8.0,15.0,7.0,7.0,0.25,1.75,2.0,0.4330127018922193,1.0,1.0,0.4908163265306121,3.0,7.0,3.0,7.0,0.0,7.0,0.0,0.25,0.0
hea_line,8,1,2,8144,256.0,0.1879670031109601,0.7681799847324814,0.1235388615121197,0.0235718360148864,5.37507794543599e-33,-1.6276065888766351,0.0285504679019943,0.9583333333333334,0.0013981695365944,4.157279609318536e-34,-2.854440164539352,0.0111065993086494,0.6666666666666666,24.0,8.0,8.0,15.0,7.0,7.0,0.25,1.75,2.0,0.4330127018922193,1.0,1.0,0.4908163265306121,3.0,7.0,3.0,7.0,0.0,7.0,0.0,0.25,0.0
hea_line,8,1,3,8145,256.0,0.2438599219382148,0.7895195717006298,0.1167460480776509,0.0202754577435399,6.376920589701204e-33,-1.6930293322709615,0.0264224139296327,0.9583333333333334,0.0010595407389759,6.0958285308860315e-34,-2.974882340159104,0.0094417129091246,0.6666666666666666,24.0,8.0,8.0,15.0,7.0,7.0,0.25,1.75,2.0,0.4330127018922193,1.0,1.0,0.4908163265306121,3.0,7.0,3.0,7.0,0.0,7.0,0.0,0.25,0.0
hea_line,8,1,4,8146,256.0,0.1841805989689461,0.7637360629666321,0.115491737151488,0.0202394502883397,6.870161202013329e-33,-1.6938012872859325,0.0255612468925445,0.9583333333333334,0.0014340490406918,3.3212699267845147e-34,-2.843435996689359,0.0106378153766382,0.6666666666666666,24.0,8.0,8.0,15.0,7.0,7.0,0.25,1.75,2.0,0.4330127018922193,1.0,1.0,0.4908163265306121,3.0,7.0,3.0,7.0,0.0,7.0,0.0,0.25,0.0
hea_line,8,1,5,8147,256.0,0.2044225781580394,0.7714513251012982,0.116149567452616,0.0222970468862258,6.927544497107354e-33,-1.6517526529134543,0.0274925757184922,0.9583333333333334,0.001359959196258,5.097910920132808e-34,-2.8664741218546306,0.0106510213217478,0.6666666666666666,24.0,8.0,8.0,15.0,7.0,7.0,0.25,1.75,2.0,0.4330127018922193,1.0,1.0,0.4908163265306121,3.0,7.0,3.0,7.0,0.0,7.0,0.0,0.25,0.0
hea_line,8,1,6,8148,256.0,0.2291994564507319,0.7496685796987902,0.1357139600533924,0.0202520329465504,8.173845951512014e-33,-1.693531374762709,0.0260494398869558,0.9583333333333334,0.001325534892232,5.4187928758626816e-34,-2.877608835788768,0.0105773067988132,0.6666666666666666,24.0,8.0,8.0,15.0,7.0,7.0,0.25,1.75,2.0,0.4330127018922193,1.0,1.0,0.4908163265306121,3.0,7.0,3.0,7.0,0.0,7.0,0.0,0.25,0.0
hea_line,8,1,7,8149,256.0,0.1705847115495992,0.7700388720370225,0.1276780497972457,0.0185273323056506,7.123455276663327e-33,-1.7321871089239762,0.0243580317032877,0.9583333333333334,0.0013121757378169,7.519572785092367e-34,-2.882007996627212,0.0106348327175056,0.6666666666666666,24.0,8.0,8.0,15.0,7.0,7.0,0.25,1.75,2.0,0.4330127018922193,1.0,1.0,0.4908163265306121,3.0,7.0,3.0,7.0,0.0,7.0,0.0,0.25,0.0
hea_line,8,1,8,8150,256.0,0.2239939478932655,0.7749467477204156,0.1230725661936385,0.0201226386420749,7.672233515442668e-33,-1.6963150716997766,0.0260653517160562,0.9583333333333334,0.0013359073974722,4.2681400195939885e-34,-2.874223645274151,0.0097057218669239,0.6666666666666666,24.0,8.0,8.0,15.0,7.0,7.0,0.25,1.75,2.0,0.4330127018922193,1.0,1.0,0.4908163265306121,3.0,7.0,3.0,7.0,0.0,7.0,0.0,0.25,0.0
hea_line,8,1,9,8151,256.0,0.2376429436221959,0.7796494074466084,0.1072782030177686,0.0201760535035246,8.290833530687626e-33,-1.695163779093025,0.0256529287976917,0.9583333333333334,0.0011557286371012,4.469399685662374e-34,-2.9371441254691995,0.0096624232599856,0.6666666666666666,24.0,8.0,8.0,15.0,7.0,7.0,0.25,1.75,2.0,0.4330127018922193,1.0,1.0,0.4908163265306121,3.0,7.0,3.0,7.0,0.0,7.0,0.0,0.25,0.0
hea_line,8,2,0,8242,256.0,0.043503682059119,0.8358224189340043,0.0788211783039775,0.013924791824392,4.296399173554471e-33,-1.856211288807274,0.0256387414507181,0.875,0.0006828083848472,9.653441024721144e-05,-3.1657011544135893,0.0118444395722721,0.3333333333333333,48.0,11.0,11.0,30.0,14.0,7.0,0.25,1.75,2.0,0.4330127018922193,1.0,1.0,0.4908163265306121,3.0,7.0,3.0,7.0,0.0,7.0,0.0,0.25,0.5
hea_line,8,2,1,8243,256.0,0.0435113557108092,0.8359401476753352,0.0776205636085016,0.0133251999720247,4.87120102789992e-33,-1.8753262647707925,0.0265287369841534,0.875,0.0007590104679152,0.0001067398482527,-3.11975223447808,0.0127903369801743,0.3333333333333333,48.0,11.0,11.0,30.0,14.0,7.0,0.25,1.75,2.0,0.4330127018922193,1.0,1.0,0.4908163265306121,3.0,7.0,3.0,7.0,0.0,7.0,0.0,0.25,0.5
hea_line,8,2,2,8244,256.0,0.0238606172947749,0.8323093060429018,0.0873295031336635,0.0140941027931295,5.45821935767572e-33,-1.85096256536847,0.0272727033660997,0.875,0.0008347958214395,6.163230372993607e-05,-3.0784197334569434,0.0126790269369434,0.3333333333333333,48.0,11.0,11.0,30.0,14.0,7.0,0.25,1.75,2.0,0.4330127018922193,1.0,1.0,0.4908163265306121,3.0,7.0,3.0,7.0,0.0,7.0,0.0,0.25,0.5
hea_line,8,2,3,8245,256.0,0.0287764734251646,0.8509172370199864,0.0729407114505554,0.0139361282691665,4.485312301640766e-33,-1.8558578650391333,0.0260730636437507,0.875,0.0007462613289861,7.839110611775047e-05,-3.1271090627921123,0.0118755758925595,0.3333333333333333,48.0,11.0,11.0,30.0,14.0,7.0,0.25,1.75,2.0,0.4330127018922193,1.0,1.0,0.4908163265306121,3.0,7.0,3.0,7.0,0.0,7.0,0.0,0.25,0.5
hea_line,8,2,4,8246,256.0,0.041181573475419,0.8498466730124072,0.0689208758174676,0.0141184612411034,5.3549248666728676e-33,-1.8502126340854737,0.0268526446065071,0.875,0.0008568005280926,0.0001086324821032,-3.067120274496877,0.0127752656366625,0.3333333333333333,48.0,11.0,11.0,30.0,14.0,7.0,0.25,1.75,2.0,0.4330127018922193,1.0,1.0,0.4908163265306121,3.0,7.0,3.0,7.0,0.0,7.0,0.0,0.25,0.5
hea_line,8,2,5,8247,256.0,0.0309038036179361,0.8389335321368242,0.0722854579821624,0.0142041679099199,4.5465049942312e-33,-1.8475842024700648,0.0267967752963619,0.875,0.0007426762133957,8.895443493799262e-05,-3.1292004855450197,0.0118989405688304,0.3333333333333333,48.0,11.0,11.0,30.0,14.0,7.0,0.25,1.75,2.0,0.4330127018922193,1.0,1.0,0.4908163265306121,3.0,7.0,3.0,7.0,0.0,7.0,0.0,0.25,0.5
hea_line,8,2,6,8248,256.0,0.0569578091684864,0.8449186090276369,0.0796456822976094,0.0152090715842846,4.6359550530414164e-33,-1.8178972960146136,0.0288724422017325,0.875,0.0007442471061979,8.445643090622436e-05,-3.128282845313678,0.0120465680529872,0.3333333333333333,48.0,11.0,11.0,30.0,14.0,7.0,0.25,1.75,2.0,0.4330127018922193,1.0,1.0,0.4908163265306121,3.0,7.0,3.0,7.0,0.0,7.0,0.0,0.25,0.5
hea_line,8,2,7,8249,256.0,0.0312589028245332,0.8277245824529641,0.0889197561846835,0.0135418086494437,4.353806962268896e-33,-1.868323327230208,0.0266034451296634,0.875,0.0008731680287115,9.346977776401936e-05,-3.0589021744841225,0.0126660549247134,0.3333333333333333,48.0,11.0,11.0,30.0,14.0,7.0,0.25,1.75,2.0,0.4330127018922193,1.0,1.0,0.4908163265306121,3.0,7.0,3.0,7.0,0.0,7.0,0.0,0.25,0.5
hea_line,8,2,8,8250,256.0,0.0344970616592655,0.8284727150702769,0.0807480293711734,0.0150960638757565,5.418069590108712e-33,-1.8211362752152835,0.0280115639885683,0.875,0.0009021918778335,6.718472258912695e-05,-3.044701087045373,0.0130220399671719,0.3333333333333333,48.0,11.0,11.0,30.0,14.0,7.0,0.25,1.75,2.0,0.4330127018922193,1.0,1.0,0.4908163265306121,3.0,7.0,3.0,7.0,0.0,7.0,0.0,0.25,0.5
hea_line,8,2,9,8251,256.0,0.0353267566479584,0.8384065239905611,0.0775272444173248,0.0150241386887466,4.0588502020936126e-33,-1.823210416060436,0.0285189674283296,0.875,0.0008077933859891,9.428603881520426e-05,-3.0926997070464366,0.0126875164638154,0.3333333333333333,48.0,11.0,11.0,30.0,14.0,7.0,0.25,1.75,2.0,0.4330127018922193,1.0,1.0,0.4908163265306121,3.0,7.0,3.0,7.0,0.0,7.0,0.0,0.25,0.5
hea_line,8,3,0,8342,256.0,0.009203731206114,0.9119303369372376,0.0410895324865059,0.0125794267589426,3.389871297157369e-33,-1.9003391491213013,0.0324322912268116,0.8055555555555556,0.0005831864712697,0.0001400947206122,-3.234192559314624,0.0123600876546484,0.2222222222222222,72.0,14.0,14.0,45.0,21.0,7.0,0.25,1.75,2.0,0.4330127018922193,1.0,1.0,0.4908163265306121,3.0,7.0,3.0,7.0,0.0,7.0,0.0,0.25,0.6666666666666667
hea_line,8,3,1,8343,256.0,0.006825451220041,0.912378352888892,0.0486218195696951,0.0124641138932433,3.319607314802538e-33,-1.904338591203835,0.0327686066390429,0.8055555555555556,0.0005494181831038,0.0001423236874748,-3.2600969716155093,0.0126143065159081,0.2222222222222222,72.0,14.0,14.0,45.0,21.0,7.0,0.25,1.75,2.0,0.4330127018922193,1.0,1.0,0.4908163265306121,3.0,7.0,3.0,7.0,0.0,7.0,0.0,0.25,0.6666666666666667
hea_line,8,3,2,8344,256.0,0.006825451220041,0.9040053117550736,0.0528560835590798,0.0117967293262932,3.5007588148924165e-33,-1.928238385273068,0.0310152670401385,0.8055555555555556,0.0005881622455301,0.0001435536173863,-3.2305028565446,0.012787725536692,0.2222222222222222,72.0,14.0,14.0,45.0,21.0,7.0,0.25,1.75,2.0,0.4330127018922193,1.0,1.0,0.4908163265306121,3.0,7.0,3.0,7.0,0.0,7.0,0.0,0.25,0.6666666666666667
hea_line,8,3,3,8345,256.0,0.006274994223317,0.9079080779495248,0.0485689831809574,0.0120706116839116,2.9699728482561657e-33,-1.9182707212683188,0.0319416376553938,0.8055555555555556,0.0005809194820234,0.000137529957522,-3.235884058549789,0.0124324670825452,0.2222222222222222,72.0,14.0,14.0,45.0,21.0,7.0,0.25,1.75,2.0,0.4330127018922193,1.0,1.0,0.4908163265306121,3.0,7.0,3.0,7.0,0.0,7.0,0.0,0.25,0.6666666666666667
hea_line,8,3,4,8346,256.0,0.0046463947796088,0.9105148376752814,0.0514674093652674,0.0108063712837701,3.56561969328999e-33,-1.9663201151123413,0.0293331040944983,0.8055555555555556,0.0005471257369888,0.0001307385149049,-3.261912855375487,0.0123684622690936,0.2222222222222222,72.0,14.0,14.0,45.0,21.0,7.0,0.25,1.75,2.0,0.4330127018922193,1.0,1.0,0.4908163265306121,3.0,7.0,3.0,7.0,0.0,7.0,0.0,0.25,0.6666666666666667
hea_line,8,3,5,8347,256.0,0.0034404600062694,0.9119558335807636,0.0418581137310478,0.0109611514091653,3.745161592030485e-33,-1.960143823189038,0.0295894564555379,0.8055555555555556,0.0005566476407798,0.0001365561221538,-3.2544196272466968,0.0120819707398339,0.2222222222222222,72.0,14.0,14.0,45.0,21.0,7.0,0.25,1.75,2.0,0.4330127018922193,1.0,1.0,0.4908163265306121,3.0,7.0,3.0,7.0,0.0,7.0,0.0,0.25,0.6666666666666667
hea_line,8,3,6,8348,256.0,0.0029210149672054,0.9065645018201426,0.0582081946628966,0.0125958374859688,4.269260315153181e-33,-1.899772951354189,0.0317308756515447,0.8055555555555556,0.0005879087538888,0.0001331002847418,-3.230690073171525,0.0126548358638391,0.2222222222222222,72.0,14.0,14.0,45.0,21.0,7.0,0.25,1.75,2.0,0.4330127018922193,1.0,1.0,0.4908163265306121,3.0,7.0,3.0,7.0,0.0,7.0,0.0,0.25,0.6666666666666667
hea_line,8,3,7,8349,256.0,0.0036435145730543,0.9093926649895416,0.0477380774425944,0.0114366390408074,3.555780257321556e-33,-1.9417015857255169,0.0299174675902985,0.8055555555555556,0.0005204576267412,0.0001318352767312,-3.283614622967161,0.0121496409934582,0.2222222222222222,72.0,14.0,14.0,45.0,21.0,7.0,0.25,1.75,2.0,0.4330127018922193,1.0,1.0,0.4908163265306121,3.0,7.0,3.0,7.0,0.0,7.0,0.0,0.25,0.6666666666666667
hea_line,8,3,8,8350,256.0,0.0026720260546075,0.905792715731054,0.0579360342490282,0.012405410804654,3.317926306239236e-33,-1.906388849510244,0.0330651930421582,0.8055555555555556,0.0005502411115388,0.0001257523428448,-3.2594469642054267,0.0122107626153984,0.2222222222222222,72.0,14.0,14.0,45.0,21.0,7.0,0.25,1.75,2.0,0.4330127018922193,1.0,1.0,0.4908163265306121,3.0,7.0,3.0,7.0,0.0,7.0,0.0,0.25,0.6666666666666667
hea_line,8,3,9,8351,256.0,0.0078287834654801,0.9047304049957084,0.0550448713827817,0.0111328997877494,3.707815113560412e-33,-1.9533917001944043,0.029183702732638,0.8055555555555556,0.000586645550924,0.0001946006724818,-3.2316242186365702,0.0127351264327377,0.2222222222222222,72.0,14.0,14.0,45.0,21.0,7.0,0.25,1.75,2.0,0.4330127018922193,1.0,1.0,0.4908163265306121,3.0,7.0,3.0,7.0,0.0,7.0,0.0,0.25,0.6666666666666667
hea_line,8,4,0,8442,256.0,0.000410176238024,0.9384739650369296,0.0288024816545418,0.0085557799249027,2.670841464505733e-33,-2.0677403950483297,0.0309270051746056,0.7395833333333334,0.0005091823511062,0.0001756158194386,-3.2931266579445384,0.0133762479175311,0.1666666666666666,96.0,17.0,17.0,60.0,28.0,7.0,0.25,1.75,2.0,0.4330127018922193,1.0,1.0,0.4908163265306121,3.0,7.0,3.0,7.0,0.0,7.0,0.0,0.25,0.75
hea_line,8,4,1,8443,256.0,0.0002982879079061,0.9401686155131838,0.0367872875281508,0.0101185284321309,2.8759554538310678e-33,-1.994882643649942,0.0326373472107897,0.7395833333333334,0.0004856989434618,0.0002171266274572,-3.313632841244265,0.0131601843384934,0.1666666666666666,96.0,17.0,17.0,60.0,28.0,7.0,0.25,1.75,2.0,0.4330127018922193,1.0,1.0,0.4908163265306121,3.0,7.0,3.0,7.0,0.0,7.0,0.0,0.25,0.75
hea_line,8,4,2,8444,256.0,0.0002019958747975,0.9381193157613452,0.0323804319929722,0.0092210368263973,2.9832321892751672e-33,-2.0352202435161515,0.032185705859337,0.7395833333333334,0.0004279397068276,0.0001831035699577,-3.368617415184461,0.0125884071982074,0.1666666666666666,96.0,17.0,17.0,60.0,28.0,7.0,0.25,1.75,2.0,0.4330127018922193,1.0,1.0,0.4908163265306121,3.0,7.0,3.0,7.0,0.0,7.0,0.0,0.25,0.75
hea_line,8,4,3,8445,256.0,0.0019740474243971,0.9389820364104334,0.0370140547630769,0.0092131851292055,2.502830011871441e-33,-2.035590202061559,0.0315602186734778,0.7395833333333334,0.0004530639225262,0.0001553216528426,-3.343840519307461,0.0125746245947749,0.1666666666666666,96.0,17.0,17.0,60.0,28.0,7.0,0.25,1.75,2.0,0.4330127018922193,1.0,1.0,0.4908163265306121,3.0,7.0,3.0,7.0,0.0,7.0,0.0,0.25,0.75
hea_line,8,4,4,8446,256.0,0.0002019958747975,0.9366625603238308,0.0304810651312922,0.0088536173384755,2.613838960675347e-33,-2.052879252560454,0.0311582861182142,0.7395833333333334,0.0005142827037015,0.0002092943015236,-3.2887980815768043,0.0135510901605907,0.1666666666666666,96.0,17.0,17.0,60.0,28.0,7.0,0.25,1.75,2.0,0.4330127018922193,1.0,1.0,0.4908163265306121,3.0,7.0,3.0,7.0,0.0,7.0,0.0,0.25,0.75
hea_line,8,4,5,8447,256.0,0.0009935015785685,0.9367694200907732,0.036520694008202,0.0093699092468918,3.4999004172411644e-33,-2.028264615490554,0.0327324759723176,0.7395833333333334,0.0004434378441866,0.0001613339951384,-3.353167245772483,0.0126163364514977,0.1666666666666666,96.0,17.0,17.0,60.0,28.0,7.0,0.25,1.75,2.0,0.4330127018922193,1.0,1.0,0.4908163265306121,3.0,7.0,3.0,7.0,0.0,7.0,0.0,0.25,0.75
hea_line,8,4,6,8448,256.0,0.000410176238024,0.9406973887080096,0.0353164534017719,0.0091559282065398,2.9586232626867245e-33,-2.038297621373842,0.0319438395009761,0.7395833333333334,0.0004642000173952,0.0001954655285696,-3.3332948476055257,0.0129464860585183,0.1666666666666666,96.0,17.0,17.0,60.0,28.0,7.0,0.25,1.75,2.0,0.4330127018922193,1.0,1.0,0.4908163265306121,3.0,7.0,3.0,7.0,0.0,7.0,0.0,0.25,0.75
hea_line,8,4,7,8449,256.0,2.094641179272709e-05,0.9369274900766784,0.0323949578135441,0.0088511262413563,2.49478953065182e-33,-2.0530014649760124,0.0311782440521719,0.7395833333333334,0.000504298205001,0.0001860334685602,-3.2973125776658265,0.0130667156840674,0.1666666666666666,96.0,17.0,17.0,60.0,28.0,7.0,0.25,1.75,2.0,0.4330127018922193,1.0,1.0,0.4908163265306121,3.0,7.0,3.0,7.0,0.0,7.0,0.0,0.25,0.75
hea_line,8,4,8,8450,256.0,0.0008290042697385,0.9380385774114324,0.0345924657995747,0.0089342334253863,3.165198728624574e-33,-2.0489427048714663,0.0304971896040186,0.7395833333333334,0.0005011276588043,0.0001950388620804,-3.3000516265239304,0.0132025871385019,0.1666666666666666,96.0,17.0,17.0,60.0,28.0,7.0,0.25,1.75,2.0,0.4330127018922193,1.0,1.0,0.4908163265306121,3.0,7.0,3.0,7.0,0.0,7.0,0.0,0.25,0.75
hea_line,8,4,9,8451,256.0,0.0015513739991784,0.9371227201036424,0.0350878102757399,0.008644424975678,2.8031610559549468e-33,-2.063263890556142,0.0304503452073644,0.7395833333333334,0.0004966212944622,0.000201517004169,-3.3039746624110027,0.0132038798652677,0.1666666666666666,96.0,17.0,17.0,60.0,28.0,7.0,0.25,1.75,2.0,0.4330127018922193,1.0,1.0,0.4908163265306121,3.0,7.0,3.0,7.0,0.0,7.0,0.0,0.25,0.75
hea_line,8,5,0,8542,256.0,0.0011692689735281,0.9625868624742504,0.0201065542067042,0.0069886553269347,2.7107482534254117e-33,-2.15560637794104,0.0312841861991858,0.675,0.0003750418641825,0.0001937779241334,-3.4259202512890807,0.0125008503798319,0.1333333333333333,120.0,20.0,20.0,75.0,35.0,7.0,0.25,1.75,2.0,0.4330127018922193,1.0,1.0,0.4908163265306121,3.0,7.0,3.0,7.0,0.0,7.0,0.0,0.25,0.8
hea_line,8,5,1,8543,256.0,0.000122599309158,0.9601667474319998,0.0234819494596579,0.0077277679348443,2.659848748829852e-33,-2.1119459282760262,0.0332465164959773,0.675,0.0003676025579322,0.0001976912474379,-3.434621475272874,0.0122138642341465,0.1333333333333333,120.0,20.0,20.0,75.0,35.0,7.0,0.25,1.75,2.0,0.4330127018922193,1.0,1.0,0.4908163265306121,3.0,7.0,3.0,7.0,0.0,7.0,0.0,0.25,0.8
hea_line,8,5,2,8544,256.0,0.0008290042697385,0.9624444011234984,0.0201361568494445,0.0069684336563131,2.5936363536633436e-33,-2.1568648303477618,0.0305476665049474,0.675,0.0003897320526587,0.0001901469218188,-3.4092338751404188,0.012521658140745,0.1333333333333333,120.0,20.0,20.0,75.0,35.0,7.0,0.25,1.75,2.0,0.4330127018922193,1.0,1.0,0.4908163265306121,3.0,7.0,3.0,7.0,0.0,7.0,0.0,0.25,0.8
hea_line,8,5,3,8545,256.0,0.000410176238024,0.9612196068621124,0.0230089679014896,0.0072017078612987,2.8758246513195505e-33,-2.1425644998488247,0.0315491513086744,0.675,0.0003982659203482,0.000198271522037,-3.3998268546198624,0.0125987422495447,0.1333333333333333,120.0,20.0,20.0,75.0,35.0,7.0,0.25,1.75,2.0,0.4330127018922193,1.0,1.0,0.4908163265306121,3.0,7.0,3.0,7.0,0.0,7.0,0.0,0.25,0.8
hea_line,8,5,4,8546,256.0,2.094641179272709e-05,0.9593841231322996,0.026582123884353,0.0074894857531855,2.8919909951666176e-33,-2.1255480010216314,0.0325718812031935,0.675,0.0003885108025283,0.0001909077250197,-3.4105969011533066,0.0123983279874877,0.1333333333333333,120.0,20.0,20.0,75.0,35.0,7.0,0.25,1.75,2.0,0.4330127018922193,1.0,1.0,0.4908163265306121,3.0,7.0,3.0,7.0,0.0,7.0,0.0,0.25,0.8
hea_line,8,5,5,8547,256.0,0.0002982879079061,0.9591994386760716,0.0212466907538675,0.0071904323986091,2.6640478787932078e-33,-2.143244992414968,0.0315606977134237,0.675,0.0003819371940817,0.000201487929227,-3.418008046790532,0.0126162813965048,0.1333333333333333,120.0,20.0,20.0,75.0,35.0,7.0,0.25,1.75,2.0,0.4330127018922193,1.0,1.0,0.4908163265306121,3.0,7.0,3.0,7.0,0.0,7.0,0.0,0.25,0.8
hea_line,8,5,6,8548,256.0,0.000122599309158,0.9583024637715276,0.0233313497146009,0.0070319845472012,2.5326851630159256e-33,-2.1529220922961474,0.0313931354550461,0.675,0.0004117851368875,0.0001973094984166,-3.385329333007482,0.0127621306290774,0.1333333333333333,120.0,20.0,20.0,75.0,35.0,7.0,0.25,1.75,2.0,0.4330127018922193,1.0,1.0,0.4908163265306121,3.0,7.0,3.0,7.0,0.0,7.0,0.0,0.25,0.8
hea_line,8,5,7,8549,256.0,0.0001162770423858,0.959790563506752,0.0214252728178293,0.0072213429994277,2.4833159355341964e-33,-2.1413820263914025,0.0319003828725852,0.675,0.0003590157262481,0.0001965555150055,-3.444886527262303,0.0122060217171536,0.1333333333333333,120.0,20.0,20.0,75.0,35.0,7.0,0.25,1.75,2.0,0.4330127018922193,1.0,1.0,0.4908163265306121,3.0,7.0,3.0,7.0,0.0,7.0,0.0,0.25,0.8
hea_line,8,5,8,8550,256.0,0.0008290042697385,0.959014615067899,0.0213279342627557,0.0069239860906747,2.4797104035733294e-33,-2.15964381323299,0.031407595460871,0.675,0.0003998065182083,0.0002103025644868,-3.398150129680475,0.0128044381291852,0.1333333333333333,120.0,20.0,20.0,75.0,35.0,7.0,0.25,1.75,2.0,0.4330127018922193,1.0,1.0,0.4908163265306121,3.0,7.0,3.0,7.0,0.0,7.0,0.0,0.25,0.8
hea_line,8,5,9,8551,256.0,2.792315121268327e-06,0.9613673416517026,0.0206464127637389,0.0068895128620812,2.7294473769583198e-33,-2.161811484738139,0.0310358349230106,0.675,0.0003678790595254,0.000180093693725,-3.434294932449816,0.0121019673767451,0.1333333333333333,120.0,20.0,20.0,75.0,35.0,7.0,0.25,1.75,2.0,0.4330127018922193,1.0,1.0,0.4908163265306121,3.0,7.0,3.0,7.0,0.0,7.0,0.0,0.25,0.8
hea_ring,4,1,0,104142,16.0,0.2067061041878734,0.8126993961503197,0.1450602872482423,0.0314467089097705,2.5958365789226975e-33,-1.5024247994115936,0.0651138085529061,0.75,0.0071798787707384,7.284902213028983e-34,-2.1438828885771706,0.0335055171256443,0.6666666666666666,12.0,5.0,5.0,8.0,4.0,4.0,0.6666666666666666,2.0,2.0,0.0,1.0,1.0,0.8333333333333334,1.3333333333333333,2.0,1.3333333333333333,2.0,0.0,4.0,0.0,0.6666666666666666,0.0
hea_ring,4,1,1,104143,16.0,0.2579564770593578,0.7717305225498765,0.151507920286134,0.0332450427760299,2.1440864329860888e-33,-1.4782731039103107,0.0658852871698102,0.75,0.0085956654280566,7.3994338453794395e-34,-2.0657204970401324,0.0360712916400014,0.6666666666666666,12.0,5.0,5.0,8.0,4.0,4.0,0.6666666666666666,2.0,2.0,0.0,1.0,1.0,0.8333333333333334,1.3333333333333333,2.0,1.3333333333333333,2.0,0.0,4.0,0.0,0.6666666666666666,0.0
hea_ring,4,1,2,104144,16.0,0.2613649154336655,0.7939289873799804,0.1374273589805243,0.0278465374690004,2.5109304778425218e-33,-1.5552287987521485,0.0610952677750143,0.75,0.0074200327551639,7.419467931449868e-34,-2.1295941775571494,0.0322908340382302,0.6666666666666666,12.0,5.0,5.0,8.0,4.0,4.0,0.6666666666666666,2.0,2.0,0.0,1.0,1.0,0.8333333333333334,1.3333333333333333,2.0,1.3333333333333333,2.0,0.0,4.0,0.0,0.6666666666666666,0.0
hea_ring,4,1,3,104145,16.0,0.2173211371281302,0.7997488705006408,0.1312326208765276,0.0330807975237366,1.801714442104704e-33,-1.480424028866078,0.0651500699201063,0.75,0.0071168357043837,6.54273802642995e-34,-2.14771305995685,0.0324187376755066,0.6666666666666666,12.0,5.0,5.0,8.0,4.0,4.0,0.6666666666666666,2.0,2.0,0.0,1.0,1.0,0.8333333333333334,1.3333333333333333,2.0,1.3333333333333333,2.0,0.0,4.0,0.0,0.6666666666666666,0.0
hea_ring,4,1,4,104146,16.0,0.224057632095408,0.783807987238914,0.1365215886882083,0.0313052533297736,2.6505162800509097e-33,-1.504382777447379,0.0645420082210642,0.75,0.0081160324499468,8.805819560050037e-34,-2.0906562252162297,0.0349638099624149,0.6666666666666666,12.0,5.0,5.0,8.0,4.0,4.0,0.6666666666666666,2.0,2.0,0.0,1.0,1.0,0.8333333333333334,1.3333333333333333,2.0,1.3333333333333333,2.0,0.0,4.0,0.0,0.6666666666666666,0.0
hea_ring,4,1,5,104147,16.0,0.2492659788258399,0.7695657612397746,0.1795692570086164,0.0314061099928723,2.7399349522698944e-33,-1.502985852625759,0.0631096910923831,0.75,0.0075459247354263,5.8337411132742315e-34,-2.122287530854084,0.0317069598531383,0.6666666666666666,12.0,5.0,5.0,8.0,4.0,4.0,0.6666666666666666,2.0,2.0,0.0,1.0,1.0,0.8333333333333334,1.3333333333333333,2.0,1.3333333333333333,2.0,0.0,4.0,0.0,0.6666666666666666,0.0
hea_ring,4,1,6,104148,16.0,0.257052596336412,0.7751442366279779,0.1536518093183209,0.0314916731196609,2.913892602325509e-33,-1.5018042651388286,0.0631031254356819,0.75,0.0092874314491812,8.564167341424474e-34,-2.0321043787605424,0.0364953384516653,0.6666666666666666,12.0,5.0,5.0,8.0,4.0,4.0,0.6666666666666666,2.0,2.0,0.0,1.0,1.0,0.8333333333333334,1.3333333333333333,2.0,1.3333333333333333,2.0,0.0,4.0,0.0,0.6666666666666666,0.0
hea_ring,4,1,7,104149,16.0,0.2463242203902596,0.7931782385081627,0.1469489080886605,0.030401729713687,2.4006523879908826e-33,-1.517101706399827,0.0622705940642897,0.75,0.0079262218002574,1.2570908522493805e-33,-2.10093377892586,0.0326856878884703,0.6666666666666666,12.0,5.0,5.0,8.0,4.0,4.0,0.6666666666666666,2.0,2.0,0.0,1.0,1.0,0.8333333333333334,1.3333333333333333,2.0,1.3333333333333333,2.0,0.0,4.0,0.0,0.6666666666666666,0.0
hea_ring,4,1,8,104150,16.0,0.2466800315260625,0.7914034227364126,0.1638259583077623,0.0260502349278649,1.96080415009313e-33,-1.584188355765019,0.0576599945942535,0.75,0.007478490587652,6.673683455032847e-34,-2.126186048606555,0.0338035749578985,0.6666666666666666,12.0,5.0,5.0,8.0,4.0,4.0,0.6666666666666666,2.0,2.0,0.0,1.0,1.0,0.8333333333333334,1.3333333333333333,2.0,1.3333333333333333,2.0,0.0,4.0,0.0,0.6666666666666666,0.0
hea_ring,4,1,9,104151,16.0,0.2428985649241561,0.7899534708069776,0.148012062235084,0.0307802614210584,2.6512486664435728e-33,-1.5117276959651962,0.0644339030520387,0.75,0.008925728198059,1.1103556876049425e-33,-2.049356342218812,0.0363485447912249,0.6666666666666666,12.0,5.0,5.0,8.0,4.0,4.0,0.6666666666666666,2.0,2.0,0.0,1.0,1.0,0.8333333333333334,1.3333333333333333,2.0,1.3333333333333333,2.0,0.0,4.0,0.0,0.6666666666666666,0.0
hea_ring,4,2,0,104242,16.0,0.0054849073749785,0.8362831878711254,0.0897042729425537,0.0150466786675064,0.0107070238931027,-1.822559353595791,0.0627810720759256,0.4166666666666667,0.0043339163800394,0.0039875339031172,-2.363119472351176,0.0385211179765088,0.3333333333333333,24.0,10.0,10.0,16.0,8.0,4.0,0.6666666666666666,2.0,2.0,0.0,1.0,1.0,0.8333333333333334,1.3333333333333333,2.0,1.3333333333333333,2.0,0.0,4.0,0.0,0.6666666666666666,0.5
hea_ring,4,2,1,104243,16.0,0.0046269909686653,0.8259355859246132,0.1087634564529358,0.0157723712925659,0.0137477222866087,-1.8021030078849825,0.0639919705026714,0.4166666666666667,0.0038723650766963,0.002637839153511,-2.4120237052581217,0.0357091701988603,0.3333333333333333,24.0,10.0,10.0,16.0,8.0,4.0,0.6666666666666666,2.0,2.0,0.0,1.0,1.0,0.8333333333333334,1.3333333333333333,2.0,1.3333333333333333,2.0,0.0,4.0,0.0,0.6666666666666666,0.5
hea_ring,4,2,2,104244,16.0,0.0035424148202605,0.8396007397906629,0.0970744326896225,0.0179951379793644,0.0208730370269105,-1.7448448190056878,0.0700517231454519,0.4166666666666667,0.0042474052671792,0.0032884153907917,-2.3718762987214506,0.0370115463313069,0.3333333333333333,24.0,10.0,10.0,16.0,8.0,4.0,0.6666666666666666,2.0,2.0,0.0,1.0,1.0,0.8333333333333334,1.3333333333333333,2.0,1.3333333333333333,2.0,0.0,4.0,0.0,0.6666666666666666,0.5
hea_ring,4,2,3,104245,16.0,0.0057147681428717,0.8393628494956065,0.0863256225290162,0.0160212629601782,0.0103773297804418,-1.795303251359357,0.0659020243988792,0.4166666666666667,0.0045491780165942,0.0037203043752639,-2.342067068201509,0.0386657845032827,0.3333333333333333,24.0,10.0,10.0,16.0,8.0,4.0,0.6666666666666666,2.0,2.0,0.0,1.0,1.0,0.8333333333333334,1.3333333333333333,2.0,1.3333333333333333,2.0,0.0,4.0,0.0,0.6666666666666666,0.5
hea_ring,4,2,4,104246,16.0,0.0056790024130197,0.8449050301384013,0.0857499915820514,0.0160891689405188,0.0115180386699837,-1.793466388086683,0.0665085730684697,0.4166666666666667,0.0044056836869678,0.003711363565338,-2.3559866869255472,0.0388516537680994,0.3333333333333333,24.0,10.0,10.0,16.0,8.0,4.0,0.6666666666666666,2.0,2.0,0.0,1.0,1.0,0.8333333333333334,1.3333333333333333,2.0,1.3333333333333333,2.0,0.0,4.0,0.0,0.6666666666666666,0.5
hea_ring,4,2,5,104247,16.0,0.007303871896908,0.8462465536815142,0.075706550398122,0.0158404966644148,0.0108501521697174,-1.800231205623219,0.0636551260157294,0.4166666666666667,0.0048697893819825,0.0040355246337383,-2.312489821582244,0.0394391440453973,0.3333333333333333,24.0,10.0,10.0,16.0,8.0,4.0,0.6666666666666666,2.0,2.0,0.0,1.0,1.0,0.8333333333333334,1.3333333333333333,2.0,1.3333333333333333,2.0,0.0,4.0,0.0,0.6666666666666666,0.5
hea_ring,4,2,6,104248,16.0,0.0041508407598228,0.8479584551040916,0.0775986793259202,0.0152598820135665,0.0127241732080523,-1.816448824248444,0.0638435183127488,0.4166666666666667,0.0046614245330969,0.0037713613041818,-2.331481342468532,0.0399553948434259,0.3333333333333333,24.0,10.0,10.0,16.0,8.0,4.0,0.6666666666666666,2.0,2.0,0.0,1.0,1.0,0.8333333333333334,1.3333333333333333,2.0,1.3333333333333333,2.0,0.0,4.0,0.0,0.6666666666666666,0.5
hea_ring,4,2,7,104249,16.0,0.004951975204276,0.8452323878192205,0.0914905713288279,0.0149899415207677,0.0099062190386135,-1.8242000614317335,0.0633847956774562,0.4166666666666667,0.0040803561431187,0.0038351098324407,-2.389301929007913,0.0373245522960064,0.3333333333333333,24.0,10.0,10.0,16.0,8.0,4.0,0.6666666666666666,2.0,2.0,0.0,1.0,1.0,0.8333333333333334,1.3333333333333333,2.0,1.3333333333333333,2.0,0.0,4.0,0.0,0.6666666666666666,0.5
hea_ring,4,2,8,104250,16.0,0.0025322843194292,0.8519698174010282,0.081143377811772,0.0149867898044062,0.0124105728577832,-1.824291383798707,0.0612653721769175,0.4166666666666667,0.0042071423552552,0.0034585317952834,-2.3760127926999437,0.037748225197082,0.3333333333333333,24.0,10.0,10.0,16.0,8.0,4.0,0.6666666666666666,2.0,2.0,0.0,1.0,1.0,0.8333333333333334,1.3333333333333333,2.0,1.3333333333333333,2.0,0.0,4.0,0.0,0.6666666666666666,0.5
hea_ring,4,2,9,104251,16.0,0.0033061767306503,0.8457603143351097,0.0909979369303308,0.0156683663399084,0.0112141924864956,-1.8049762828261908,0.0634887476975632,0.4166666666666667,0.0042244708854652,0.0031404388857886,-2.3742276786463186,0.037834124714012,0.3333333333333333,24.0,10.0,10.0,16.0,8.0,4.0,0.6666666666666666,2.0,2.0,0.0,1.0,1.0,0.8333333333333334,1.3333333333333333,2.0,1.3333333333333333,2.0,0.0,4.0,0.0,0.6666666666666666,0.5
hea_ring,4,3,0,104342,16.0,0.0027028690487783,0.8350788542207047,0.0742731562673818,0.0222607960325195,0.0239224788207722,-1.6524593096172435,0.0934605828030554,0.2777777777777778,0.0049756551054396,0.0058226314664291,-2.303149731009275,0.0473215114253652,0.2222222222222222,36.0,15.0,15.0,24.0,12.0,4.0,0.6666666666666666,2.0,2.0,0.0,1.0,1.0,0.8333333333333334,1.3333333333333333,2.0,1.3333333333333333,2.0,0.0,4.0,0.0,0.6666666666666666,0.6666666666666667
hea_ring,4,3,1,104343,16.0,0.0024485809597853,0.8395019861876031,0.0727880578121189,0.0210564390886995,0.022797415885962,-1.6766150716541424,0.0918660069857515,0.2777777777777778,0.0053185326290716,0.0061428396718435,-2.2742081720282226,0.0487633313932968,0.2222222222222222,36.0,15.0,15.0,24.0,12.0,4.0,0.6666666666666666,2.0,2.0,0.0,1.0,1.0,0.8333333333333334,1.3333333333333333,2.0,1.3333333333333333,2.0,0.0,4.0,0.0,0.6666666666666666,0.6666666666666667
hea_ring,4,3,2,104344,16.0,0.0017855843888104,0.8359075708804269,0.0712002849122188,0.0207298848887591,0.0220207119317908,-1.6834031094987838,0.0912200874609476,0.2777777777777778,0.0047449722444878,0.0052300184430746,-2.323766323616248,0.0463749476247064,0.2222222222222222,36.0,15.0,15.0,24.0,12.0,4.0,0.6666666666666666,2.0,2.0,0.0,1.0,1.0,0.8333333333333334,1.3333333333333333,2.0,1.3333333333333333,2.0,0.0,4.0,0.0,0.6666666666666666,0.6666666666666667
hea_ring,4,3,3,104345,16.0,0.0017516107668672,0.8351647882246196,0.0746197728986882,0.0201326935618429,0.0208210773161038,-1.6960981167761442,0.0891682243746797,0.2777777777777778,0.0054240747460747,0.0062789422431708,-2.265674334335656,0.0492453536766186,0.2222222222222222,36.0,15.0,15.0,24.0,12.0,4.0,0.6666666666666666,2.0,2.0,0.0,1.0,1.0,0.8333333333333334,1.3333333333333333,2.0,1.3333333333333333,2.0,0.0,4.0,0.0,0.6666666666666666,0.6666666666666667
hea_ring,4,3,4,104346,16.0,0.0021532560110632,0.8364566021635776,0.0697430697932838,0.021787687185791,0.0251432319564971,-1.6617888686871405,0.093347061112731,0.2777777777777778,0.0053854470821451,0.0058939434173607,-2.268778237166574,0.0495117760765327,0.2222222222222222,36.0,15.0,15.0,24.0,12.0,4.0,0.6666666666666666,2.0,2.0,0.0,1.0,1.0,0.8333333333333334,1.3333333333333333,2.0,1.3333333333333333,2.0,0.0,4.0,0.0,0.6666666666666666,0.6666666666666667
hea_ring,4,3,5,104347,16.0,0.002109139122884,0.8304613583046472,0.0863391856008881,0.0210340929462612,0.0237071468316109,-1.677076211335462,0.0921037722761193,0.2777777777777778,0.0055964249466297,0.0061878674273823,-2.252089316165635,0.0497148877306559,0.2222222222222222,36.0,15.0,15.0,24.0,12.0,4.0,0.6666666666666666,2.0,2.0,0.0,1.0,1.0,0.8333333333333334,1.3333333333333333,2.0,1.3333333333333333,2.0,0.0,4.0,0.0,0.6666666666666666,0.6666666666666667
hea_ring,4,3,6,104348,16.0,0.0020730866177113,0.8318415021328547,0.0731487230002882,0.0218110967779482,0.0218103343572514,-1.6613224952358554,0.0931592744733266,0.2777777777777778,0.005152349491146,0.0052072365932153,-2.287994685840733,0.0472700488526979,0.2222222222222222,36.0,15.0,15.0,24.0,12.0,4.0,0.6666666666666666,2.0,2.0,0.0,1.0,1.0,0.8333333333333334,1.3333333333333333,2.0,1.3333333333333333,2.0,0.0,4.0,0.0,0.6666666666666666,0.6666666666666667
hea_ring,4,3,7,104349,16.0,0.0020903779193886,0.8374032512532729,0.0654858276377532,0.0236792722952582,0.0265620412647554,-1.6256316483600104,0.095194868933417,0.2777777777777778,0.0051858558179316,0.0052698930134585,-2.285179562064769,0.04827324110307,0.2222222222222222,36.0,15.0,15.0,24.0,12.0,4.0,0.6666666666666666,2.0,2.0,0.0,1.0,1.0,0.8333333333333334,1.3333333333333333,2.0,1.3333333333333333,2.0,0.0,4.0,0.0,0.6666666666666666,0.6666666666666667
hea_ring,4,3,8,104350,16.0,0.0018941913973451,0.8229307264266356,0.0860127349056965,0.0226421666903482,0.0245987447079747,-1.6450820166781897,0.0938490092705339,0.2777777777777778,0.0056363947544212,0.0066660835761464,-2.248998597950337,0.0498304407948689,0.2222222222222222,36.0,15.0,15.0,24.0,12.0,4.0,0.6666666666666666,2.0,2.0,0.0,1.0,1.0,0.8333333333333334,1.3333333333333333,2.0,1.3333333333333333,2.0,0.0,4.0,0.0,0.6666666666666666,0.6666666666666667
hea_ring,4,3,9,104351,16.0,0.0032148927701758,0.8318099378541857,0.080253215436648,0.0230324663106233,0.0255693494224857,-1.637659555403312,0.0948832322034785,0.2777777777777778,0.0055677004205941,0.0059839552954403,-2.254324140707672,0.0497844870091676,0.2222222222222222,36.0,15.0,15.0,24.0,12.0,4.0,0.6666666666666666,2.0,2.0,0.0,1.0,1.0,0.8333333333333334,1.3333333333333333,2.0,1.3333333333333333,2.0,0.0,4.0,0.0,0.6666666666666666,0.6666666666666667
hea_ring,4,4,0,104442,16.0,0.0016168178087532,0.8230966493749645,0.0767462190215448,0.0252513960997493,0.026939063360717,-1.5977146055985498,0.1087157590335165,0.2083333333333333,0.0056616550341391,0.0064364472132378,-2.24705659582113,0.0534596058564461,0.1666666666666666,48.0,20.0,20.0,32.0,16.0,4.0,0.6666666666666666,2.0,2.0,0.0,1.0,1.0,0.8333333333333334,1.3333333333333333,2.0,1.3333333333333333,2.0,0.0,4.0,0.0,0.6666666666666666,0.75
hea_ring,4,4,1,104443,16.0,0.001568053010886,0.8330975537470132,0.0684340408677004,0.0254821238801345,0.0297230229616995,-1.5937643773185548,0.1081836464867454,0.2083333333333333,0.0063244820660087,0.0070253802881123,-2.1989750345923844,0.0560632069972986,0.1666666666666666,48.0,20.0,20.0,32.0,16.0,4.0,0.6666666666666666,2.0,2.0,0.0,1.0,1.0,0.8333333333333334,1.3333333333333333,2.0,1.3333333333333333,2.0,0.0,4.0,0.0,0.6666666666666666,0.75
hea_ring,4,4,2,104444,16.0,0.0010394100956143,0.8189710812022328,0.0852753734038253,0.0257419111277338,0.0279448225952069,-1.5893592133982914,0.1110826478111496,0.2083333333333333,0.0060834694874848,0.0068599284816654,-2.2158486658721004,0.0546134366121764,0.1666666666666666,48.0,20.0,20.0,32.0,16.0,4.0,0.6666666666666666,2.0,2.0,0.0,1.0,1.0,0.8333333333333334,1.3333333333333333,2.0,1.3333333333333333,2.0,0.0,4.0,0.0,0.6666666666666666,0.75
hea_ring,4,4,3,104445,16.0,0.0024746875276093,0.8159074190896617,0.0774823276012035,0.0250443994052539,0.02867064487094,-1.6012893787523306,0.1079352952791033,0.2083333333333333,0.0063285506826598,0.0068731812448634,-2.1986957374694645,0.0561442065835274,0.1666666666666666,48.0,20.0,20.0,32.0,16.0,4.0,0.6666666666666666,2.0,2.0,0.0,1.0,1.0,0.8333333333333334,1.3333333333333333,2.0,1.3333333333333333,2.0,0.0,4.0,0.0,0.6666666666666666,0.75
hea_ring,4,4,4,104446,16.0,0.0017850734619305,0.8268346627037931,0.0725303900586138,0.0241020007633605,0.0275333598404821,-1.617946904129674,0.1061892567394013,0.2083333333333333,0.0060884319861536,0.0069796006928919,-2.2154945411016387,0.0553007719377622,0.1666666666666666,48.0,20.0,20.0,32.0,16.0,4.0,0.6666666666666666,2.0,2.0,0.0,1.0,1.0,0.8333333333333334,1.3333333333333333,2.0,1.3333333333333333,2.0,0.0,4.0,0.0,0.6666666666666666,0.75
hea_ring,4,4,5,104447,16.0,0.0011316902048599,0.8307971682600964,0.0735827194781894,0.0244077019796633,0.0270061149866351,-1.6124731081097443,0.1062938811616675,0.2083333333333333,0.0067275417062458,0.007581465151543,-2.1721436012213933,0.0571760794754876,0.1666666666666666,48.0,20.0,20.0,32.0,16.0,4.0,0.6666666666666666,2.0,2.0,0.0,1.0,1.0,0.8333333333333334,1.3333333333333333,2.0,1.3333333333333333,2.0,0.0,4.0,0.0,0.6666666666666666,0.75
hea_ring,4,4,6,104448,16.0,0.0020812905367451,0.8115588907273706,0.0808472384398648,0.0251102376059661,0.026802403704601,-1.6001491777501706,0.1074424967014344,0.2083333333333333,0.0057367930304729,0.0066311918689037,-2.241330818122603,0.0537727805434587,0.1666666666666666,48.0,20.0,20.0,32.0,16.0,4.0,0.6666666666666666,2.0,2.0,0.0,1.0,1.0,0.8333333333333334,1.3333333333333333,2.0,1.3333333333333333,2.0,0.0,4.0,0.0,0.6666666666666666,0.75
hea_ring,4,4,7,104449,16.0,0.0029789940138376,0.8302801997469179,0.0732966968975029,0.0243218392957876,0.0282984534731981,-1.6140035854105437,0.1067237161470729,0.2083333333333333,0.0064166938733432,0.00706679050733,-2.19268867946977,0.0564785159570113,0.1666666666666666,48.0,20.0,20.0,32.0,16.0,4.0,0.6666666666666666,2.0,2.0,0.0,1.0,1.0,0.8333333333333334,1.3333333333333333,2.0,1.3333333333333333,2.0,0.0,4.0,0.0,0.6666666666666666,0.75
hea_ring,4,4,8,104450,16.0,0.0013861001550966,0.8181259912484181,0.0679216462130928,0.0247309420188209,0.0285358864512169,-1.6067593407440814,0.1079694108083037,0.2083333333333333,0.0060003778417997,0.0067952624114327,-2.221821401376009,0.0543279633850035,0.1666666666666666,48.0,20.0,20.0,32.0,16.0,4.0,0.6666666666666666,2.0,2.0,0.0,1.0,1.0,0.8333333333333334,1.3333333333333333,2.0,1.3333333333333333,2.0,0.0,4.0,0.0,0.6666666666666666,0.75
hea_ring,4,4,9,104451,16.0,0.0016003812774208,0.820052514710732,0.0767584084139674,0.0249179299947876,0.0274363065837903,-1.6034880386252726,0.1080369311647637,0.2083333333333333,0.0062951934555041,0.0069773514606035,-2.200990919191229,0.0562773048181832,0.1666666666666666,48.0,20.0,20.0,32.0,16.0,4.0,0.6666666666666666,2.0,2.0,0.0,1.0,1.0,0.8333333333333334,1.3333333333333333,2.0,1.3333333333333333,2.0,0.0,4.0,0.0,0.6666666666666666,0.75
hea_ring,4,5,0,104542,16.0,0.002408937159378,0.837555927355536,0.0767236309490778,0.0252466535241569,0.028575737660114,-1.5977961800130531,0.1129630719135818,0.1666666666666666,0.0064316717517925,0.0069659478095594,-2.191676128442268,0.0582152154760386,0.1333333333333333,60.0,25.0,25.0,40.0,20.0,4.0,0.6666666666666666,2.0,2.0,0.0,1.0,1.0,0.8333333333333334,1.3333333333333333,2.0,1.3333333333333333,2.0,0.0,4.0,0.0,0.6666666666666666,0.8
hea_ring,4,5,1,104543,16.0,0.0013507366345144,0.8182392794882457,0.0761448550671289,0.0250199940694033,0.0274246713228551,-1.6017127975852734,0.1127034138936362,0.1666666666666666,0.0065273883812081,0.0070116428345305,-2.1852605459071386,0.0576679102240292,0.1333333333333333,60.0,25.0,25.0,40.0,20.0,4.0,0.6666666666666666,2.0,2.0,0.0,1.0,1.0,0.8333333333333334,1.3333333333333333,2.0,1.3333333333333333,2.0,0.0,4.0,0.0,0.6666666666666666,0.8
hea_ring,4,5,2,104544,16.0,0.0010653131938276,0.8397443253996836,0.0647696962469377,0.0263192915803717,0.0293497948167658,-1.5797258045290536,0.1150995007081865,0.1666666666666666,0.0061340243063098,0.0069036752912791,-2.212254507441351,0.0569908156247922,0.1333333333333333,60.0,25.0,25.0,40.0,20.0,4.0,0.6666666666666666,2.0,2.0,0.0,1.0,1.0,0.8333333333333334,1.3333333333333333,2.0,1.3333333333333333,2.0,0.0,4.0,0.0,0.6666666666666666,0.8
hea_ring,4,5,3,104545,16.0,0.0007121417777318,0.8301839398023282,0.0749961563214348,0.025790432923483,0.0275283315247248,-1.5885413676448572,0.1143471833312312,0.1666666666666666,0.0066270989497492,0.0073377107076458,-2.178676544874533,0.0592871488238064,0.1333333333333333,60.0,25.0,25.0,40.0,20.0,4.0,0.6666666666666666,2.0,2.0,0.0,1.0,1.0,0.8333333333333334,1.3333333333333333,2.0,1.3333333333333333,2.0,0.0,4.0,0.0,0.6666666666666666,0.8
hea_ring,4,5,4,104546,16.0,0.0026772527517699,0.8138448151073178,0.0747776431794364,0.0268326672529056,0.0311607763342116,-1.5713361549224016,0.1157103388107903,0.1666666666666666,0.006309348622755,0.0065774733457703,-2.2000154750102867,0.0573399327993798,0.1333333333333333,60.0,25.0,25.0,40.0,20.0,4.0,0.6666666666666666,2.0,2.0,0.0,1.0,1.0,0.8333333333333334,1.3333333333333333,2.0,1.3333333333333333,2.0,0.0,4.0,0.0,0.6666666666666666,0.8
hea_ring,4,5,5,104547,16.0,0.0016438967800512,0.8224376246204298,0.0798133867632152,0.0254590140002894,0.0297223175712261,-1.5941584201059886,0.1129940495197285,0.1666666666666666,0.0071015375983245,0.0076158418550938,-2.1486476092850206,0.0605274490572113,0.1333333333333333,60.0,25.0,25.0,40.0,20.0,4.0,0.6666666666666666,2.0,2.0,0.0,1.0,1.0,0.8333333333333334,1.3333333333333333,2.0,1.3333333333333333,2.0,0.0,4.0,0.0,0.6666666666666666,0.8
hea_ring,4,5,6,104548,16.0,0.0016585412903877,0.841099670495166,0.0705986661389196,0.0266677457808567,0.0304740744715777,-1.5740136935831222,0.1165655602663047,0.1666666666666666,0.0065445745627656,0.0074145755489892,-2.1841185799839,0.0583676820751584,0.1333333333333333,60.0,25.0,25.0,40.0,20.0,4.0,0.6666666666666666,2.0,2.0,0.0,1.0,1.0,0.8333333333333334,1.3333333333333333,2.0,1.3333333333333333,2.0,0.0,4.0,0.0,0.6666666666666666,0.8
hea_ring,4,5,7,104549,16.0,0.0015569551416212,0.8360956149613439,0.0745839580855978,0.0258527158272682,0.0293790733868719,-1.5874938275471129,0.1156673001108401,0.1666666666666666,0.0064373543484308,0.0070961909353084,-2.1912925841858404,0.0586314721928145,0.1333333333333333,60.0,25.0,25.0,40.0,20.0,4.0,0.6666666666666666,2.0,2.0,0.0,1.0,1.0,0.8333333333333334,1.3333333333333333,2.0,1.3333333333333333,2.0,0.0,4.0,0.0,0.6666666666666666,0.8
hea_ring,4,5,8,104550,16.0,0.0022688623087448,0.8127319100301817,0.0762865208566908,0.0263195964610182,0.0300756477177497,-1.5797207737243628,0.1154108826020033,0.1666666666666666,0.0062669531150568,0.0069135201914687,-2.2029435543742677,0.0567288812409884,0.1333333333333333,60.0,25.0,25.0,40.0,20.0,4.0,0.6666666666666666,2.0,2.0,0.0,1.0,1.0,0.8333333333333334,1.3333333333333333,2.0,1.3333333333333333,2.0,0.0,4.0,0.0,0.6666666666666666,0.8
hea_ring,4,5,9,104551,16.0,0.0018220251670218,0.8286895614305524,0.0802853172026829,0.0256096410468304,0.0280802294247088,-1.5915965087035069,0.1139609068964076,0.1666666666666666,0.0059393203757273,0.0067211958289384,-2.2262632476043,0.0560106120088192,0.1333333333333333,60.0,25.0,25.0,40.0,20.0,4.0,0.6666666666666666,2.0,2.0,0.0,1.0,1.0,0.8333333333333334,1.3333333333333333,2.0,1.3333333333333333,2.0,0.0,4.0,0.0,0.6666666666666666,0.8
hea_ring,6,1,0,106142,64.0,0.2149824856969681,0.8378014832514217,0.1085580317330853,0.0073260328973059,1.2850266732540945e-33,-2.1351311354822378,0.0268262904577288,0.7222222222222222,0.0027113147504156,6.545917102950345e-34,-2.566820063225822,0.01741418426138,0.6666666666666666,18.0,7.0,7.0,12.0,6.0,6.0,0.4,2.0,2.0,0.0,1.0,1.0,0.6666666666666666,1.8,3.0,1.8,3.0,0.0,6.0,0.0,0.4,0.0
hea_ring,6,1,1,106143,64.0,0.1984249914754588,0.8351091842999118,0.118505348304244,0.0083604889875662,1.4985877951482205e-33,-2.0777683208395445,0.0288065679491438,0.7222222222222222,0.0028852975911143,6.463071511715873e-34,-2.539809386836317,0.0181039777624435,0.6666666666666666,18.0,7.0,7.0,12.0,6.0,6.0,0.4,2.0,2.0,0.0,1.0,1.0,0.6666666666666666,1.8,3.0,1.8,3.0,0.0,6.0,0.0,0.4,0.0
hea_ring,6,1,2,106144,64.0,0.2672077641448545,0.8395692143973241,0.11212790611185,0.0098996072124404,1.8156433137062698e-33,-2.004382036599801,0.0323754192226068,0.7222222222222222,0.002262755226579,7.237497607373532e-34,-2.6453624232858903,0.0160365032371975,0.6666666666666666,18.0,7.0,7.0,12.0,6.0,6.0,0.4,2.0,2.0,0.0,1.0,1.0,0.6666666666666666,1.8,3.0,1.8,3.0,0.0,6.0,0.0,0.4,0.0
hea_ring,6,1,3,106145,64.0,0.1950047666073122,0.8403776335543656,0.1179830692385763,0.0084264575331302,1.3720870456480593e-33,-2.074354963590477,0.0285501758405716,0.7222222222222222,0.0024703405134064,8.387789659026274e-34,-2.60724317916915,0.0162210060991104,0.6666666666666666,18.0,7.0,7.0,12.0,6.0,6.0,0.4,2.0,2.0,0.0,1.0,1.0,0.6666666666666666,1.8,3.0,1.8,3.0,0.0,6.0,0.0,0.4,0.0
hea_ring,6,1,4,106146,64.0,0.2336523896588386,0.8513277969082987,0.1198184343058226,0.0092763535852668,1.8019595286998336e-33,-2.032622705786137,0.0297679118194056,0.7222222222222222,0.0020412406831396,3.680992996918072e-34,-2.690105784506491,0.0148844435043267,0.6666666666666666,18.0,7.0,7.0,12.0,6.0,6.0,0.4,2.0,2.0,0.0,1.0,1.0,0.6666666666666666,1.8,3.0,1.8,3.0,0.0,6.0,0.0,0.4,0.0
hea_ring,6,1,5,106147,64.0,0.2208064086022474,0.8626426978116192,0.1064062782428547,0.0084359576877714,1.4157272737245109e-33,-2.0738656072176926,0.0297446841380344,0.7222222222222222,0.0022327762911858,6.0403605950696445e-34,-2.651154788066286,0.0148885599134616,0.6666666666666666,18.0,7.0,7.0,12.0,6.0,6.0,0.4,2.0,2.0,0.0,1.0,1.0,0.6666666666666666,1.8,3.0,1.8,3.0,0.0,6.0,0.0,0.4,0.0
hea_ring,6,1,6,106148,64.0,0.2154742058478423,0.8474283194812702,0.0990892831247816,0.0076678441748103,1.3987101956353681e-33,-2.115326721394864,0.027111023144809,0.7222222222222222,0.0019655324819258,4.56448493854467e-34,-2.706519774736486,0.0152450454594873,0.6666666666666666,18.0,7.0,7.0,12.0,6.0,6.0,0.4,2.0,2.0,0.0,1.0,1.0,0.6666666666666666,1.8,3.0,1.8,3.0,0.0,6.0,0.0,0.4,0.0
hea_ring,6,1,7,106149,64.0,0.169225422273711,0.855973708692096,0.1072781734608815,0.0085527769130042,1.7200995891161017e-33,-2.067892855775715,0.0294736982467004,0.7222222222222222,0.0024091048785303,7.2654156240394945e-34,-2.618144292913425,0.0154850755487052,0.6666666666666666,18.0,7.0,7.0,12.0,6.0,6.0,0.4,2.0,2.0,0.0,1.0,1.0,0.6666666666666666,1.8,3.0,1.8,3.0,0.0,6.0,0.0,0.4,0.0
hea_ring,6,1,8,106150,64.0,0.189306446449094,0.8482296105234789,0.1078511054811361,0.0081873385217875,1.3774586781893785e-33,-2.0868572524704723,0.0276116443484546,0.7222222222222222,0.0021684740194116,5.262996558737914e-34,-2.6638457767864927,0.0152732697902303,0.6666666666666666,18.0,7.0,7.0,12.0,6.0,6.0,0.4,2.0,2.0,0.0,1.0,1.0,0.6666666666666666,1.8,3.0,1.8,3.0,0.0,6.0,0.0,0.4,0.0
hea_ring,6,1,9,106151,64.0,0.1753225495749737,0.8534958263944433,0.1056022761495406,0.0094350329698656,2.1911793682509268e-33,-2.02525657789378,0.0316338193709564,0.7222222222222222,0.0023061167751609,5.301157899255396e-34,-2.637118705053475,0.0160706134311914,0.6666666666666666,18.0,7.0,7.0,12.0,6.0,6.0,0.4,2.0,2.0,0.0,1.0,1.0,0.6666666666666666,1.8,3.0,1.8,3.0,0.0,6.0,0.0,0.4,0.0
hea_ring,6,2,0,106242,64.0,0.0197556043114189,0.9192726617140964,0.0587172697578615,0.0035891516808082,0.0031702706369024,-2.445008187599873,0.0282035331027199,0.3888888888888889,0.0008138568167055,0.0007551966675832,-3.089451994600224,0.0153546924680846,0.3333333333333333,36.0,14.0,14.0,24.0,12.0,6.0,0.4,2.0,2.0,0.0,1.0,1.0,0.6666666666666666,1.8,3.0,1.8,3.0,0.0,6.0,0.0,0.4,0.5
hea_ring,6,2,1,106243,64.0,0.0129955487811657,0.9280281621199612,0.0409790081861669,0.0046247365519499,0.0043971005131841,-2.3349130017991437,0.0324012734545567,0.3888888888888889,0.0008432055234956,0.000639084470918,-3.0740665572360912,0.0153651246337188,0.3333333333333333,36.0,14.0,14.0,24.0,12.0,6.0,0.4,2.0,2.0,0.0,1.0,1.0,0.6666666666666666,1.8,3.0,1.8,3.0,0.0,6.0,0.0,0.4,0.5
hea_ring,6,2,2,106244,64.0,0.0120436851724261,0.9308063469766892,0.0468153523325017,0.0044024852937639,0.0034564257944527,-2.3563020860927275,0.0307089095214023,0.3888888888888889,0.0007578108538458,0.0005945112159443,-3.1204391787765147,0.0147478405349091,0.3333333333333333,36.0,14.0,14.0,24.0,12.0,6.0,0.4,2.0,2.0,0.0,1.0,1.0,0.6666666666666666,1.8,3.0,1.8,3.0,0.0,6.0,0.0,0.4,0.5
hea_ring,6,2,3,106245,64.0,0.0154116826876304,0.9277097327051074,0.0428004722274551,0.0041258003297999,0.0031457534776973,-2.384491793756069,0.0323310672827967,0.3888888888888889,0.0006864410494304,0.0004288866441814,-3.163396753410966,0.0142148098442646,0.3333333333333333,36.0,14.0,14.0,24.0,12.0,6.0,0.4,2.0,2.0,0.0,1.0,1.0,0.6666666666666666,1.8,3.0,1.8,3.0,0.0,6.0,0.0,0.4,0.5
hea_ring,6,2,4,106246,64.0,0.0117552778795668,0.929026507274674,0.046796960806865,0.0039398347741412,0.0029124559904702,-2.404521990911312,0.0293106908998179,0.3888888888888889,0.0007295380360877,0.0004709904269976,-3.1369520602717014,0.0148446174952931,0.3333333333333333,36.0,14.0,14.0,24.0,12.0,6.0,0.4,2.0,2.0,0.0,1.0,1.0,0.6666666666666666,1.8,3.0,1.8,3.0,0.0,6.0,0.0,0.4,0.5
hea_ring,6,2,5,106247,64.0,0.0181928939551005,0.9252034529167744,0.0569697186523751,0.0040067877343474,0.0035400570658254,-2.397203664366254,0.0302355540713708,0.3888888888888889,0.000760908308458,0.0005381519258628,-3.1186676737549064,0.0149679252380659,0.3333333333333333,36.0,14.0,14.0,24.0,12.0,6.0,0.4,2.0,2.0,0.0,1.0,1.0,0.6666666666666666,1.8,3.0,1.8,3.0,0.0,6.0,0.0,0.4,0.5
hea_ring,6,2,6,106248,64.0,0.0136361576594274,0.929965050138585,0.0421347649165779,0.0043292853983271,0.0037548221757281,-2.3635837833637767,0.0314515300337876,0.3888888888888889,0.0007373967760245,0.0005446695385831,-3.1322987655064494,0.0144583083317394,0.3333333333333333,36.0,14.0,14.0,24.0,12.0,6.0,0.4,2.0,2.0,0.0,1.0,1.0,0.6666666666666666,1.8,3.0,1.8,3.0,0.0,6.0,0.0,0.4,0.5
hea_ring,6,2,7,106249,64.0,0.0202230171613969,0.9307585823010136,0.0403333878604378,0.0042292738989045,0.0045740411356858,-2.3737341878890623,0.0325716504699048,0.3888888888888889,0.0007287709244349,0.0006727424959659,-3.137408962612109,0.0148674438360346,0.3333333333333333,36.0,14.0,14.0,24.0,12.0,6.0,0.4,2.0,2.0,0.0,1.0,1.0,0.6666666666666666,1.8,3.0,1.8,3.0,0.0,6.0,0.0,0.4,0.5
hea_ring,6,2,8,106250,64.0,0.021248139347778,0.9233515976993438,0.054841698611033,0.0045231340962671,0.0041492632512857,-2.3445605366393174,0.0316647005452146,0.3888888888888889,0.0006755751955712,0.0004637462553627,-3.170326304370842,0.0139525339850051,0.3333333333333333,36.0,14.0,14.0,24.0,12.0,6.0,0.4,2.0,2.0,0.0,1.0,1.0,0.6666666666666666,1.8,3.0,1.8,3.0,0.0,6.0,0.0,0.4,0.5
hea_ring,6,2,9,106251,64.0,0.0140574438569233,0.929215019258494,0.0448900848952095,0.0042879462220803,0.0034158122247949,-2.3677506700504147,0.0314659794738367,0.3888888888888889,0.0007649077271795,0.0005482793038383,-3.1163909517663217,0.0149753983606118,0.3333333333333333,36.0,14.0,14.0,24.0,12.0,6.0,0.4,2.0,2.0,0.0,1.0,1.0,0.6666666666666666,1.8,3.0,1.8,3.0,0.0,6.0,0.0,0.4,0.5
hea_ring,6,3,0,106342,64.0,0.000609326460673,0.9567891044193284,0.0226514396084021,0.0055295382469521,0.0060333801501185,-2.2573111336453047,0.0465530426947796,0.2592592592592592,0.0008478233103791,0.0009367324309979,-3.07169464694467,0.019170470157267,0.2222222222222222,54.0,21.0,21.0,36.0,18.0,6.0,0.4,2.0,2.0,0.0,1.0,1.0,0.6666666666666666,1.8,3.0,1.8,3.0,0.0,6.0,0.0,0.4,0.6666666666666667
hea_ring,6,3,1,106343,64.0,0.0012838520210061,0.9523324566411716,0.0257936279485298,0.0052605644580598,0.0058144834349253,-2.278967653589912,0.0448753172234293,0.2592592592592592,0.0008970479365262,0.0010193985551324,-3.047184348469224,0.0193821070283565,0.2222222222222222,54.0,21.0,21.0,36.0,18.0,6.0,0.4,2.0,2.0,0.0,1.0,1.0,0.6666666666666666,1.8,3.0,1.8,3.0,0.0,6.0,0.0,0.4,0.6666666666666667
hea_ring,6,3,2,106344,64.0,0.0011002099612907,0.9477716738067702,0.0258307165317956,0.0053752184689794,0.0054165925808623,-2.2696038797018305,0.0459807543597822,0.2592592592592592,0.0008328620712899,0.0010099855453299,-3.079426915324903,0.0189769510081389,0.2222222222222222,54.0,21.0,21.0,36.0,18.0,6.0,0.4,2.0,2.0,0.0,1.0,1.0,0.6666666666666666,1.8,3.0,1.8,3.0,0.0,6.0,0.0,0.4,0.6666666666666667
hea_ring,6,3,3,106345,64.0,0.0009487284705687,0.9493345936253128,0.028525879366497,0.0052110886192714,0.00578397285851,-2.2830715412002807,0.0442703296900475,0.2592592592592592,0.0008351438204794,0.000874462668411,-3.07823872803482,0.019115212279712,0.2222222222222222,54.0,21.0,21.0,36.0,18.0,6.0,0.4,2.0,2.0,0.0,1.0,1.0,0.6666666666666666,1.8,3.0,1.8,3.0,0.0,6.0,0.0,0.4,0.6666666666666667
hea_ring,6,3,4,106346,64.0,0.0004522177809469,0.9524098336349796,0.0282840459458572,0.004785883824605,0.0050957693556123,-2.320037847917596,0.0436974104018624,0.2592592592592592,0.0008592654751139,0.0009103962701102,-3.0658726376067325,0.0190732686100544,0.2222222222222222,54.0,21.0,21.0,36.0,18.0,6.0,0.4,2.0,2.0,0.0,1.0,1.0,0.6666666666666666,1.8,3.0,1.8,3.0,0.0,6.0,0.0,0.4,0.6666666666666667
hea_ring,6,3,5,106347,64.0,0.0006906029503783,0.950027363685808,0.0237609143615788,0.0054355230966183,0.0056497904674414,-2.2647586545136456,0.0455449186169172,0.2592592592592592,0.0008613878404984,0.0009487465315814,-3.064801263107063,0.0194452172173723,0.2222222222222222,54.0,21.0,21.0,36.0,18.0,6.0,0.4,2.0,2.0,0.0,1.0,1.0,0.6666666666666666,1.8,3.0,1.8,3.0,0.0,6.0,0.0,0.4,0.6666666666666667
hea_ring,6,3,6,106348,64.0,0.0010649754597606,0.951653020018613,0.0214082825674719,0.0056063072860215,0.006027124421425,-2.251323101908206,0.046185633270386,0.2592592592592592,0.0008226792288591,0.0008682151193493,-3.084769467694105,0.0188480057434043,0.2222222222222222,54.0,21.0,21.0,36.0,18.0,6.0,0.4,2.0,2.0,0.0,1.0,1.0,0.6666666666666666,1.8,3.0,1.8,3.0,0.0,6.0,0.0,0.4,0.6666666666666667
hea_ring,6,3,7,106349,64.0,0.0007665308210378,0.9500165947362614,0.0235012958990124,0.0059781337334411,0.0064942682283696,-2.2234343738323856,0.048644064443673,0.2592592592592592,0.0009025667956956,0.0009919940187634,-3.0445206476731923,0.0198259026279907,0.2222222222222222,54.0,21.0,21.0,36.0,18.0,6.0,0.4,2.0,2.0,0.0,1.0,1.0,0.6666666666666666,1.8,3.0,1.8,3.0,0.0,6.0,0.0,0.4,0.6666666666666667
hea_ring,6,3,8,106350,64.0,0.0012368574417029,0.9509651202356793,0.0246324044815821,0.0053490698102549,0.006073611932266,-2.2717217341276696,0.0457261861953309,0.2592592592592592,0.0009455201143351,0.0010097803066919,-3.0243292278428804,0.0200262771847388,0.2222222222222222,54.0,21.0,21.0,36.0,18.0,6.0,0.4,2.0,2.0,0.0,1.0,1.0,0.6666666666666666,1.8,3.0,1.8,3.0,0.0,6.0,0.0,0.4,0.6666666666666667
hea_ring,6,3,9,106351,64.0,0.0006685605870308,0.94968440525787,0.0212497458319666,0.0053859458218418,0.005943278908633,-2.268738019545648,0.0463834509747294,0.2592592592592592,0.0008502155252828,0.000953333475525,-3.070470968901805,0.0193818460950003,0.2222222222222222,54.0,21.0,21.0,36.0,18.0,6.0,0.4,2.0,2.0,0.0,1.0,1.0,0.6666666666666666,1.8,3.0,1.8,3.0,0.0,6.0,0.0,0.4,0.6666666666666667
hea_ring,6,4,0,106442,64.0,0.000826756810757,0.949758756453444,0.0175500222385417,0.00626608304132,0.0072835031679557,-2.203003853924775,0.0542075936233991,0.1944444444444444,0.0009846835895199,0.0011019224394117,-3.006703299858845,0.0219584094320939,0.1666666666666666,72.0,28.0,28.0,48.0,24.0,6.0,0.4,2.0,2.0,0.0,1.0,1.0,0.6666666666666666,1.8,3.0,1.8,3.0,0.0,6.0,0.0,0.4,0.75
hea_ring,6,4,1,106443,64.0,0.0003818417869079,0.955179923908954,0.0167728414687794,0.0061255503310543,0.0065428074929501,-2.2128548873710288,0.0535178882845072,0.1944444444444444,0.0009680980964489,0.0010398253158128,-3.014080633819753,0.0218843181178802,0.1666666666666666,72.0,28.0,28.0,48.0,24.0,6.0,0.4,2.0,2.0,0.0,1.0,1.0,0.6666666666666666,1.8,3.0,1.8,3.0,0.0,6.0,0.0,0.4,0.75
hea_ring,6,4,2,106444,64.0,0.0010301638715671,0.9524065163517982,0.0203331022302993,0.0064717690875839,0.0074535489905306,-2.188976986725999,0.0553523086540878,0.1944444444444444,0.0009932828681482,0.0011392963547425,-3.00292705504757,0.0220889471207219,0.1666666666666666,72.0,28.0,28.0,48.0,24.0,6.0,0.4,2.0,2.0,0.0,1.0,1.0,0.6666666666666666,1.8,3.0,1.8,3.0,0.0,6.0,0.0,0.4,0.75
hea_ring,6,4,3,106445,64.0,0.000363818642285,0.9542190179101138,0.0216475827137194,0.0066551177117561,0.0071680548268596,-2.17684425857938,0.0560991046308009,0.1944444444444444,0.0010098048843555,0.0011562418462372,-2.9957625329834348,0.0221765942064244,0.1666666666666666,72.0,28.0,28.0,48.0,24.0,6.0,0.4,2.0,2.0,0.0,1.0,1.0,0.6666666666666666,1.8,3.0,1.8,3.0,0.0,6.0,0.0,0.4,0.75
hea_ring,6,4,4,106446,64.0,0.000438537190717,0.954105516224222,0.0175680799300314,0.0060964265806404,0.0066101108656995,-2.214924652046324,0.0534053973173626,0.1944444444444444,0.0010060426805816,0.0011171812071588,-2.997383594282156,0.0223235442029997,0.1666666666666666,72.0,28.0,28.0,48.0,24.0,6.0,0.4,2.0,2.0,0.0,1.0,1.0,0.6666666666666666,1.8,3.0,1.8,3.0,0.0,6.0,0.0,0.4,0.75
hea_ring,6,4,5,106447,64.0,0.001093452923445,0.9562248959067176,0.0153971716586469,0.0066013102135015,0.0072999527531783,-2.1803698580912605,0.0556677104773491,0.1944444444444444,0.0009336529058529,0.0010450050920056,-3.0298145467773683,0.0214966329277257,0.1666666666666666,72.0,28.0,28.0,48.0,24.0,6.0,0.4,2.0,2.0,0.0,1.0,1.0,0.6666666666666666,1.8,3.0,1.8,3.0,0.0,6.0,0.0,0.4,0.75
hea_ring,6,4,6,106448,64.0,0.0004359081207601,0.949327687686738,0.0210270198403723,0.0066065236828682,0.0073954363924165,-2.1800270038256992,0.0560029791242645,0.1944444444444444,0.0009239468883592,0.0009921134937143,-3.0343529928009367,0.0212429446681085,0.1666666666666666,72.0,28.0,28.0,48.0,24.0,6.0,0.4,2.0,2.0,0.0,1.0,1.0,0.6666666666666666,1.8,3.0,1.8,3.0,0.0,6.0,0.0,0.4,0.75
hea_ring,6,4,7,106449,64.0,0.0003921113918219,0.9510729112597024,0.0181749807175399,0.0065138913942346,0.0072069211953481,-2.186159486679619,0.0554054563202277,0.1944444444444444,0.0009355928718821,0.0010274777288623,-3.0289130956636905,0.021646134614376,0.1666666666666666,72.0,28.0,28.0,48.0,24.0,6.0,0.4,2.0,2.0,0.0,1.0,1.0,0.6666666666666666,1.8,3.0,1.8,3.0,0.0,6.0,0.0,0.4,0.75
hea_ring,6,4,8,106450,64.0,0.0002847175480033,0.9501134298249928,0.0167710148224202,0.0064545051471513,0.0070680637958441,-2.1901370485330736,0.0550091676333349,0.1944444444444444,0.0009620737017389,0.001088542464517,-3.01679165661868,0.0219983710179915,0.1666666666666666,72.0,28.0,28.0,48.0,24.0,6.0,0.4,2.0,2.0,0.0,1.0,1.0,0.6666666666666666,1.8,3.0,1.8,3.0,0.0,6.0,0.0,0.4,0.75
hea_ring,6,4,9,106451,64.0,0.00161094251023,0.9550310936485008,0.0173542047724205,0.0064232496609759,0.0071538147310885,-2.1922451973573778,0.0547401743546144,0.1944444444444444,0.0009678793572203,0.0010946013684789,-3.014178772607678,0.0218172352186662,0.1666666666666666,72.0,28.0,28.0,48.0,24.0,6.0,0.4,2.0,2.0,0.0,1.0,1.0,0.6666666666666666,1.8,3.0,1.8,3.0,0.0,6.0,0.0,0.4,0.75
hea_ring,6,5,0,106542,64.0,0.0003103596654478,0.9539438898803548,0.0170206614246304,0.0065088708933884,0.0070750213750691,-2.1864943428144,0.0578196110661096,0.1555555555555555,0.001072249064012,0.001208269115863,-2.969704324193185,0.023420983217254,0.1333333333333333,90.0,35.0,35.0,60.0,30.0,6.0,0.4,2.0,2.0,0.0,1.0,1.0,0.6666666666666666,1.8,3.0,1.8,3.0,0.0,6.0,0.0,0.4,0.8
hea_ring,6,5,1,106543,64.0,0.0002946222655786,0.9520873302178876,0.0162864264399488,0.0068400632415699,0.0073629902047531,-2.1649398828796103,0.0587321988554564,0.1555555555555555,0.0010489679613418,0.0011485503769239,-2.979237776272554,0.023363839279416,0.1333333333333333,90.0,35.0,35.0,60.0,30.0,6.0,0.4,2.0,2.0,0.0,1.0,1.0,0.6666666666666666,1.8,3.0,1.8,3.0,0.0,6.0,0.0,0.4,0.8
hea_ring,6,5,2,106544,64.0,0.0008711311883223,0.951256568865234,0.0163355268877726,0.0066492398210429,0.0071650296185939,-2.1772280028769586,0.0578253825075301,0.1555555555555555,0.0010178805163555,0.0011583970226535,-2.9923031985542154,0.0231767392406325,0.1333333333333333,90.0,35.0,35.0,60.0,30.0,6.0,0.4,2.0,2.0,0.0,1.0,1.0,0.6666666666666666,1.8,3.0,1.8,3.0,0.0,6.0,0.0,0.4,0.8
hea_ring,6,5,3,106545,64.0,0.0005576715728235,0.9546352454937016,0.0138556011064614,0.0067549728586528,0.0071926350698321,-2.170376391625072,0.0585938168131249,0.1555555555555555,0.0010444035816418,0.0011623955076601,-2.98113164749192,0.023302250939975,0.1333333333333333,90.0,35.0,35.0,60.0,30.0,6.0,0.4,2.0,2.0,0.0,1.0,1.0,0.6666666666666666,1.8,3.0,1.8,3.0,0.0,6.0,0.0,0.4,0.8
hea_ring,6,5,4,106546,64.0,0.000632317297639,0.9540657751315648,0.0201279010482458,0.0067283937954307,0.0072785106089922,-2.1720885983371176,0.0583059677848244,0.1555555555555555,0.0010435547585509,0.0011993455674484,-2.981484757223773,0.0233862524618142,0.1333333333333333,90.0,35.0,35.0,60.0,30.0,6.0,0.4,2.0,2.0,0.0,1.0,1.0,0.6666666666666666,1.8,3.0,1.8,3.0,0.0,6.0,0.0,0.4,0.8
hea_ring,6,5,5,106547,64.0,0.0007110349742105,0.9565828971040148,0.0146258517637536,0.0067884840841634,0.0075528818628706,-2.1682271958792763,0.0585496938182335,0.1555555555555555,0.0010147589777607,0.0011469284276975,-2.993637097709887,0.0228865132083534,0.1333333333333333,90.0,35.0,35.0,60.0,30.0,6.0,0.4,2.0,2.0,0.0,1.0,1.0,0.6666666666666666,1.8,3.0,1.8,3.0,0.0,6.0,0.0,0.4,0.8
hea_ring,6,5,6,106548,64.0,0.0002947030120941,0.9527251801021324,0.0177260585362786,0.0066769225960805,0.0072773784230885,-2.17542365840632,0.0581389738613282,0.1555555555555555,0.0010524185109796,0.0011620134345728,-2.977811521717449,0.0233898317699849,0.1333333333333333,90.0,35.0,35.0,60.0,30.0,6.0,0.4,2.0,2.0,0.0,1.0,1.0,0.6666666666666666,1.8,3.0,1.8,3.0,0.0,6.0,0.0,0.4,0.8
hea_ring,6,5,7,106549,64.0,0.0004453021740617,0.9547253218396744,0.0157479937485185,0.0066375832468208,0.0071908413217566,-2.1779900190693096,0.0579609213652598,0.1555555555555555,0.000971220545166,0.001080461370014,-3.0126821391211034,0.022479295758524,0.1333333333333333,90.0,35.0,35.0,60.0,30.0,6.0,0.4,2.0,2.0,0.0,1.0,1.0,0.6666666666666666,1.8,3.0,1.8,3.0,0.0,6.0,0.0,0.4,0.8
hea_ring,6,5,8,106550,64.0,0.0003554189979766,0.9547568309198672,0.0175102127655303,0.0066098964503781,0.007172219935592,-2.17980534405167,0.057696196704568,0.1555555555555555,0.0010978569116964,0.0012079404685874,-2.9594542596219373,0.0239994382186496,0.1333333333333333,90.0,35.0,35.0,60.0,30.0,6.0,0.4,2.0,2.0,0.0,1.0,1.0,0.6666666666666666,1.8,3.0,1.8,3.0,0.0,6.0,0.0,0.4,0.8
hea_ring,6,5,9,106551,64.0,0.0004346030843228,0.9550673558244662,0.0173843696806747,0.0065543360006524,0.007199157836018,-2.1834712987655247,0.0577675931652419,0.1555555555555555,0.0010515028307014,0.0011620593183655,-2.9781895538322627,0.0234401980850468,0.1333333333333333,90.0,35.0,35.0,60.0,30.0,6.0,0.4,2.0,2.0,0.0,1.0,1.0,0.6666666666666666,1.8,3.0,1.8,3.0,0.0,6.0,0.0,0.4,0.8
hea_ring,8,1,0,108142,256.0,0.2280288082234108,0.8644047534540015,0.1122275245342298,0.0031378593284689,1.151419536370975e-33,-2.503366529913869,0.0151135343997999,0.7083333333333334,0.0011057053749254,5.2330096186290335e-34,-2.9563605792608505,0.00956634152402,0.6666666666666666,24.0,9.0,9.0,16.0,8.0,8.0,0.2857142857142857,2.0,2.0,0.0,1.0,1.0,0.5595238095238094,2.2857142857142856,4.0,2.2857142857142856,4.0,0.0,8.0,0.0,0.2857142857142857,0.0
hea_ring,8,1,1,108143,256.0,0.2279844241462856,0.8769953455065855,0.0776228555653813,0.0024616300679587,7.775772724007513e-34,-2.6087772119715096,0.0132464051942758,0.7083333333333334,0.0011487466363047,5.7862257796054626e-34,-2.939775747280631,0.0100268132774832,0.6666666666666666,24.0,9.0,9.0,16.0,8.0,8.0,0.2857142857142857,2.0,2.0,0.0,1.0,1.0,0.5595238095238094,2.2857142857142856,4.0,2.2857142857142856,4.0,0.0,8.0,0.0,0.2857142857142857,0.0
hea_ring,8,1,2,108144,256.0,0.2213281685672394,0.8696463733011369,0.0862245278561576,0.0027786012003384,1.2288125474855473e-33,-2.5561737810098992,0.0148595082520499,0.70875,0.0009365873728274,6.026631827811731e-34,-3.0284517017197667,0.0092495187312271,0.6666666666666666,24.0,9.0,9.0,16.0,8.0,8.0,0.2857142857142857,2.0,2.0,0.0,1.0,1.0,0.5595238095238094,2.2857142857142856,4.0,2.2857142857142856,4.0,0.0,8.0,0.0,0.2857142857142857,0.0
hea_ring,8,1,3,108145,256.0,0.1934904293853539,0.8720601033200315,0.0894254934435464,0.0019339642902756,1.2666622018342286e-33,-2.713551549218595,0.011189180179334,0.7083333333333334,0.0009631010157741,3.9097909271006585e-34,-3.0163281590929936,0.0091344327353091,0.6666666666666666,24.0,9.0,9.0,16.0,8.0,8.0,0.2857142857142857,2.0,2.0,0.0,1.0,1.0,0.5595238095238094,2.2857142857142856,4.0,2.2857142857142856,4.0,0.0,8.0,0.0,0.2857142857142857,0.0
hea_ring,8,1,4,108146,256.0,0.158300996546025,0.8706728029657629,0.0933852207110658,0.0021994422558127,6.6931821599465956e-34,-2.657687435510757,0.0112001260371293,0.7083333333333334,0.001060053678216,3.715781014780436e-34,-2.9746721426948617,0.0096927242844565,0.6666666666666666,24.0,9.0,9.0,16.0,8.0,8.0,0.2857142857142857,2.0,2.0,0.0,1.0,1.0,0.5595238095238094,2.2857142857142856,4.0,2.2857142857142856,4.0,0.0,8.0,0.0,0.2857142857142857,0.0
hea_ring,8,1,5,108147,256.0,0.2077914683132733,0.8729574136056973,0.0972746562253662,0.0020303615439958,8.39848817569656e-34,-2.692426620913564,0.0119440280941511,0.7083333333333334,0.001206473133626,4.373730501894629e-34,-2.918482344743887,0.009508439309586,0.6666666666666666,24.0,9.0,9.0,16.0,8.0,8.0,0.2857142857142857,2.0,2.0,0.0,1.0,1.0,0.5595238095238094,2.2857142857142856,4.0,2.2857142857142856,4.0,0.0,8.0,0.0,0.2857142857142857,0.0
hea_ring,8,1,6,108148,256.0,0.2178531024316994,0.8716173616139102,0.0829301237298265,0.0023769026815706,1.1527012807233344e-33,-2.6239885993917467,0.0123449067598875,0.7083333333333334,0.0011242586736344,4.199508203880786e-34,-2.949133753173367,0.0094025042160863,0.6666666666666666,24.0,9.0,9.0,16.0,8.0,8.0,0.2857142857142857,2.0,2.0,0.0,1.0,1.0,0.5595238095238094,2.2857142857142856,4.0,2.2857142857142856,4.0,0.0,8.0,0.0,0.2857142857142857,0.0
hea_ring,8,1,7,108149,256.0,0.1892902706591899,0.8917869088147203,0.075047045691141,0.0026052942461197,8.360873144521509e-34,-2.5841432196775216,0.0141746221913192,0.7083333333333334,0.0009629960189616,4.296076751427825e-34,-3.0163755082509174,0.0091845938288994,0.6670833333333334,24.0,9.0,9.0,16.0,8.0,8.0,0.2857142857142857,2.0,2.0,0.0,1.0,1.0,0.5595238095238094,2.2857142857142856,4.0,2.2857142857142856,4.0,0.0,8.0,0.0,0.2857142857142857,0.0
hea_ring,8,1,8,108150,256.0,0.1687352537432583,0.8914254647307287,0.0809753887813775,0.0016190919888297,6.146915565242082e-34,-2.7907284760728968,0.0104449030992687,0.7083333333333334,0.0010007922709204,4.8012049631796844e-34,-2.999656057340987,0.0088726728892436,0.6666666666666666,24.0,9.0,9.0,16.0,8.0,8.0,0.2857142857142857,2.0,2.0,0.0,1.0,1.0,0.5595238095238094,2.2857142857142856,4.0,2.2857142857142856,4.0,0.0,8.0,0.0,0.2857142857142857,0.0
hea_ring,8,1,9,108151,256.0,0.2004619189504612,0.8765525627975574,0.087251968961082,0.0018656631556724,7.976751850517342e-34,-2.7291667651115725,0.0113764773418679,0.7083333333333334,0.0008701124868656,4.186620239824737e-34,-3.0604245987984804,0.0090442440654492,0.6666666666666666,24.0,9.0,9.0,16.0,8.0,8.0,0.2857142857142857,2.0,2.0,0.0,1.0,1.0,0.5595238095238094,2.2857142857142856,4.0,2.2857142857142856,4.0,0.0,8.0,0.0,0.2857142857142857,0.0
hea_ring,8,2,0,108242,256.0,0.0139564785503407,0.9398452109761744,0.037757302860498,0.0010898584853252,0.0010816136270743,-2.9626298901623973,0.0151904263079238,0.375,0.0002101981018254,0.0001123972959018,-3.677371210146237,0.0067808400825441,0.3333333333333333,48.0,18.0,18.0,32.0,16.0,8.0,0.2857142857142857,2.0,2.0,0.0,1.0,1.0,0.5595238095238094,2.2857142857142856,4.0,2.2857142857142856,4.0,0.0,8.0,0.0,0.2857142857142857,0.5
hea_ring,8,2,1,108243,256.0,0.0189168093420924,0.932292859989278,0.0447373395024834,0.0008682912131452,0.0008161957588896,-3.0613345938890317,0.0136410378862804,0.375,0.000169291612334,7.520126208767787e-05,-3.771364558768029,0.0062135342023778,0.3333333333333333,48.0,18.0,18.0,32.0,16.0,8.0,0.2857142857142857,2.0,2.0,0.0,1.0,1.0,0.5595238095238094,2.2857142857142856,4.0,2.2857142857142856,4.0,0.0,8.0,0.0,0.2857142857142857,0.5
hea_ring,8,2,2,108244,256.0,0.0107705125375231,0.9380322328269058,0.0408194170450366,0.0011117308714902,0.0009222679135406,-2.9540003343123176,0.0141521092032723,0.375,0.0001969964482847,9.68364186666018e-05,-3.7055416038092233,0.0068805110065651,0.3333333333333333,48.0,18.0,18.0,32.0,16.0,8.0,0.2857142857142857,2.0,2.0,0.0,1.0,1.0,0.5595238095238094,2.2857142857142856,4.0,2.2857142857142856,4.0,0.0,8.0,0.0,0.2857142857142857,0.5
hea_ring,8,2,3,108245,256.0,0.0181147137586313,0.9420904635521968,0.0366560334039295,0.0010456584162973,0.000781443791157,-2.9806101626435475,0.0150060653554003,0.375,0.0002072233490866,0.0001255564541379,-3.683561311628597,0.0069541863647401,0.3333333333333333,48.0,18.0,18.0,32.0,16.0,8.0,0.2857142857142857,2.0,2.0,0.0,1.0,1.0,0.5595238095238094,2.2857142857142856,4.0,2.2857142857142856,4.0,0.0,8.0,0.0,0.2857142857142857,0.5
hea_ring,8,2,4,108246,256.0,0.0226192501177602,0.9360423113216976,0.0405410896150103,0.0009630375362901,0.0009160929574707,-3.016356785060325,0.014604917819434,0.375,0.000237460665085,0.0001178623121873,-3.6244083201499775,0.00729674697913,0.3333333333333333,48.0,18.0,18.0,32.0,16.0,8.0,0.2857142857142857,2.0,2.0,0.0,1.0,1.0,0.5595238095238094,2.2857142857142856,4.0,2.2857142857142856,4.0,0.0,8.0,0.0,0.2857142857142857,0.5
hea_ring,8,2,5,108247,256.0,0.0149148235133094,0.9301386273308696,0.0442381728590642,0.0009227844067805,0.0006902537813596,-3.0348997528011,0.0136975763300865,0.375,0.0001961681141107,0.0001357736004199,-3.707371583047504,0.0066107419326023,0.3333333333333333,48.0,18.0,18.0,32.0,16.0,8.0,0.2857142857142857,2.0,2.0,0.0,1.0,1.0,0.5595238095238094,2.2857142857142856,4.0,2.2857142857142856,4.0,0.0,8.0,0.0,0.2857142857142857,0.5
hea_ring,8,2,6,108248,256.0,0.0175145075925893,0.9392811827492336,0.0406737446290714,0.0011150612344666,0.0009281120759167,-2.9527012823371237,0.0151271080310485,0.375,0.0001697292649534,0.0001158847539845,-3.770243269573786,0.0063639651108448,0.3333333333333333,48.0,18.0,18.0,32.0,16.0,8.0,0.2857142857142857,2.0,2.0,0.0,1.0,1.0,0.5595238095238094,2.2857142857142856,4.0,2.2857142857142856,4.0,0.0,8.0,0.0,0.2857142857142857,0.5
hea_ring,8,2,7,108249,256.0,0.0179015177626399,0.9338271294657948,0.047140731590793,0.0012098374183798,0.0008985865831548,-2.917272987571627,0.0154560120560436,0.375,0.0001890212172542,0.0001108732892702,-3.723489444402165,0.0065358172751186,0.3333333333333333,48.0,18.0,18.0,32.0,16.0,8.0,0.2857142857142857,2.0,2.0,0.0,1.0,1.0,0.5595238095238094,2.2857142857142856,4.0,2.2857142857142856,4.0,0.0,8.0,0.0,0.2857142857142857,0.5
hea_ring,8,2,8,108250,256.0,0.0199523145222327,0.9427657146448064,0.0373604805561829,0.0011855370018087,0.0010034849641069,-2.926084886704264,0.0153767291217873,0.375,0.0001720183390244,0.0001100141313956,-3.7644252501124815,0.0065328301803012,0.3333333333333333,48.0,18.0,18.0,32.0,16.0,8.0,0.2857142857142857,2.0,2.0,0.0,1.0,1.0,0.5595238095238094,2.2857142857142856,4.0,2.2857142857142856,4.0,0.0,8.0,0.0,0.2857142857142857,0.5
hea_ring,8,2,9,108251,256.0,0.0257633564969106,0.9427210963212446,0.0370137298256324,0.000782351027418,0.0005370555482696,-3.1065983427651145,0.012836683533798,0.375,0.0001967101175116,0.0001124652504729,-3.7061733021726826,0.0068711324761113,0.3333333333333333,48.0,18.0,18.0,32.0,16.0,8.0,0.2857142857142857,2.0,2.0,0.0,1.0,1.0,0.5595238095238094,2.2857142857142856,4.0,2.2857142857142856,4.0,0.0,8.0,0.0,0.2857142857142857,0.5
hea_ring,8,3,0,108342,256.0,0.0006764383177647,0.977454682612848,0.0129147581820951,0.0014048293456662,0.0014230524176118,-2.852376429308276,0.0226461995639148,0.25,0.0001687690527216,0.0001882984496423,-3.7727071872387934,0.0082829074758558,0.2222222222222222,72.0,27.0,27.0,48.0,24.0,8.0,0.2857142857142857,2.0,2.0,0.0,1.0,1.0,0.5595238095238094,2.2857142857142856,4.0,2.2857142857142856,4.0,0.0,8.0,0.0,0.2857142857142857,0.6666666666666667
hea_ring,8,3,1,108343,256.0,0.000536547806015,0.9777356005829588,0.0141469189941257,0.0013117259610048,0.0013531567149992,-2.882156886038404,0.0224873978245024,0.25,0.0001710369786734,0.0001781942979422,-3.7669099837738056,0.0083423144717768,0.2222222222222222,72.0,27.0,27.0,48.0,24.0,8.0,0.2857142857142857,2.0,2.0,0.0,1.0,1.0,0.5595238095238094,2.2857142857142856,4.0,2.2857142857142856,4.0,0.0,8.0,0.0,0.2857142857142857,0.6666666666666667
hea_ring,8,3,2,108344,256.0,0.000122599309158,0.9777940263039596,0.0143947199586253,0.0012509534533924,0.0014006261653876,-2.902758849627852,0.0219349598913917,0.25,0.0001501125050379,0.0001448811386972,-3.823583127591786,0.0076829124546351,0.2222222222222222,72.0,27.0,27.0,48.0,24.0,8.0,0.2857142857142857,2.0,2.0,0.0,1.0,1.0,0.5595238095238094,2.2857142857142856,4.0,2.2857142857142856,4.0,0.0,8.0,0.0,0.2857142857142857,0.6666666666666667
hea_ring,8,3,3,108345,256.0,0.0009935015785685,0.9768219223210022,0.0126031251447275,0.0014295261088991,0.001580536626208,-2.844807908268716,0.0234928864952685,0.25,0.000164977447022,0.0001532403588707,-3.782575421260881,0.0082059638276536,0.2222222222222222,72.0,27.0,27.0,48.0,24.0,8.0,0.2857142857142857,2.0,2.0,0.0,1.0,1.0,0.5595238095238094,2.2857142857142856,4.0,2.2857142857142856,4.0,0.0,8.0,0.0,0.2857142857142857,0.6666666666666667
hea_ring,8,3,4,108346,256.0,0.0006764383177647,0.9760654195280332,0.0173035714237188,0.0013933915860467,0.0015193446461004,-2.855926816267726,0.0227509883167204,0.25,0.0001553068580018,0.0001613111139151,-3.808809366379608,0.0079034493718883,0.2222222222222222,72.0,27.0,27.0,48.0,24.0,8.0,0.2857142857142857,2.0,2.0,0.0,1.0,1.0,0.5595238095238094,2.2857142857142856,4.0,2.2857142857142856,4.0,0.0,8.0,0.0,0.2857142857142857,0.6666666666666667
hea_ring,8,3,5,108347,256.0,0.000536547806015,0.9754292142464286,0.017834575518922,0.0013096496490839,0.001384484364723,-2.8828448690920814,0.0218804905068441,0.25,0.0001682716960604,0.0001747699948438,-3.773988927865633,0.0082291458387175,0.2222222222222222,72.0,27.0,27.0,48.0,24.0,8.0,0.2857142857142857,2.0,2.0,0.0,1.0,1.0,0.5595238095238094,2.2857142857142856,4.0,2.2857142857142856,4.0,0.0,8.0,0.0,0.2857142857142857,0.6666666666666667
hea_ring,8,3,6,108348,256.0,0.0011692689735281,0.975862983747692,0.0180777440583717,0.0014154001051081,0.0015527715651962,-2.849120776479876,0.0227702146601364,0.25,0.0001709432675385,0.0001776656051168,-3.7671479988653056,0.0083222427964598,0.2222222222222222,72.0,27.0,27.0,48.0,24.0,8.0,0.2857142857142857,2.0,2.0,0.0,1.0,1.0,0.5595238095238094,2.2857142857142856,4.0,2.2857142857142856,4.0,0.0,8.0,0.0,0.2857142857142857,0.6666666666666667
hea_ring,8,3,7,108349,256.0,0.000122599309158,0.9764080107202772,0.0149986660890223,0.0012741292783492,0.0014256434047462,-2.894786504476901,0.0217544328064747,0.25,0.0001742937348048,0.0001895554200345,-3.75871822384004,0.0083493566649993,0.2222222222222222,72.0,27.0,27.0,48.0,24.0,8.0,0.2857142857142857,2.0,2.0,0.0,1.0,1.0,0.5595238095238094,2.2857142857142856,4.0,2.2857142857142856,4.0,0.0,8.0,0.0,0.2857142857142857,0.6666666666666667
hea_ring,8,3,8,108350,256.0,0.0002019958747975,0.9740893204400188,0.0182372758551617,0.0013040189451007,0.0014461565664219,-2.8847160990236094,0.0218249865366946,0.25,0.0001546479722986,0.0001580009692578,-3.8106557699723904,0.0079094521813171,0.2222222222222222,72.0,27.0,27.0,48.0,24.0,8.0,0.2857142857142857,2.0,2.0,0.0,1.0,1.0,0.5595238095238094,2.2857142857142856,4.0,2.2857142857142856,4.0,0.0,8.0,0.0,0.2857142857142857,0.6666666666666667
hea_ring,8,3,9,108351,256.0,0.0002019958747975,0.976908190329642,0.0205468036911434,0.0014388914395114,0.0015070223016196,-2.8419719711778093,0.0228527449322402,0.25,0.00017221289352,0.0001786952373725,-3.7639343361868263,0.0082903919345752,0.2222222222222222,72.0,27.0,27.0,48.0,24.0,8.0,0.2857142857142857,2.0,2.0,0.0,1.0,1.0,0.5595238095238094,2.2857142857142856,4.0,2.2857142857142856,4.0,0.0,8.0,0.0,0.2857142857142857,0.6666666666666667
hea_ring,8,4,0,108442,256.0,2.792315121268327e-06,0.9831390506752348,0.0089887528543735,0.0016037294975131,0.001712976871473,-2.7948688827129358,0.0274300515369237,0.1875,0.0001899807293093,0.0002223845727512,-3.721290449463373,0.0096147857247104,0.1666666666666666,96.0,36.0,36.0,64.0,32.0,8.0,0.2857142857142857,2.0,2.0,0.0,1.0,1.0,0.5595238095238094,2.2857142857142856,4.0,2.2857142857142856,4.0,0.0,8.0,0.0,0.2857142857142857,0.75
hea_ring,8,4,1,108443,256.0,0.000536547806015,0.9835507681637794,0.0077526201385465,0.0016008523433582,0.0018310731919107,-2.795648723934566,0.0271844999935702,0.1875,0.0001850379409543,0.0002117869306931,-3.7327392129067807,0.0094034678530713,0.1666666666666666,96.0,36.0,36.0,64.0,32.0,8.0,0.2857142857142857,2.0,2.0,0.0,1.0,1.0,0.5595238095238094,2.2857142857142856,4.0,2.2857142857142856,4.0,0.0,8.0,0.0,0.2857142857142857,0.75
hea_ring,8,4,2,108444,256.0,9.99779818355508e-06,0.9839881283038512,0.0067729477181907,0.0015964875891446,0.0017493603119438,-2.796834453251654,0.0272588849127035,0.1875,0.0001944923300483,0.0002164889483022,-3.7110975207308634,0.0097161974364471,0.1666666666666666,96.0,36.0,36.0,64.0,32.0,8.0,0.2857142857142857,2.0,2.0,0.0,1.0,1.0,0.5595238095238094,2.2857142857142856,4.0,2.2857142857142856,4.0,0.0,8.0,0.0,0.2857142857142857,0.75
hea_ring,8,4,3,108445,256.0,0.000122599309158,0.9838411661570676,0.008641051649764,0.0016397694081849,0.0018471568879396,-2.7852172201193404,0.0275095384503676,0.1875,0.0001771046863775,0.0001954670448924,-3.75176994676597,0.0092809144997934,0.1666666666666666,96.0,36.0,36.0,64.0,32.0,8.0,0.2857142857142857,2.0,2.0,0.0,1.0,1.0,0.5595238095238094,2.2857142857142856,4.0,2.2857142857142856,4.0,0.0,8.0,0.0,0.2857142857142857,0.75
hea_ring,8,4,4,108446,256.0,0.000122599309158,0.9831840176309008,0.0070668495124327,0.0016902242934845,0.0018502204886283,-2.7720556604992037,0.0282149238234379,0.1875,0.0001696964972976,0.0001858591275499,-3.770327121854333,0.0090241905172658,0.1666666666666666,96.0,36.0,36.0,64.0,32.0,8.0,0.2857142857142857,2.0,2.0,0.0,1.0,1.0,0.5595238095238094,2.2857142857142856,4.0,2.2857142857142856,4.0,0.0,8.0,0.0,0.2857142857142857,0.75
hea_ring,8,4,5,108447,256.0,0.000410176238024,0.9839580929149988,0.0061616426947224,0.0015079305891027,0.0016605984341685,-2.821618648826624,0.0267102408891892,0.1875,0.0001832257470391,0.0002081356679904,-3.737013498946818,0.0093848808371999,0.1666666666666666,96.0,36.0,36.0,64.0,32.0,8.0,0.2857142857142857,2.0,2.0,0.0,1.0,1.0,0.5595238095238094,2.2857142857142856,4.0,2.2857142857142856,4.0,0.0,8.0,0.0,0.2857142857142857,0.75
hea_ring,8,4,6,108448,256.0,0.0002270695896973,0.9842241971471748,0.0074955892877123,0.0015762922663767,0.0016834966459445,-2.8023632551797766,0.0270183702247205,0.1875,0.0001948742387536,0.0002091234559914,-3.710245568304653,0.0097328946923258,0.1666666666666666,96.0,36.0,36.0,64.0,32.0,8.0,0.2857142857142857,2.0,2.0,0.0,1.0,1.0,0.5595238095238094,2.2857142857142856,4.0,2.2857142857142856,4.0,0.0,8.0,0.0,0.2857142857142857,0.75
hea_ring,8,4,7,108449,256.0,4.62031536132114e-05,0.9836493848791924,0.0073878373249251,0.0015537341323046,0.001690380726111,-2.8086232936119053,0.0269726500117428,0.1875,0.0001940272580669,0.0002166683520559,-3.712137253593077,0.0096122285271995,0.1666666666666666,96.0,36.0,36.0,64.0,32.0,8.0,0.2857142857142857,2.0,2.0,0.0,1.0,1.0,0.5595238095238094,2.2857142857142856,4.0,2.2857142857142856,4.0,0.0,8.0,0.0,0.2857142857142857,0.75
hea_ring,8,4,8,108450,256.0,2.094641179272709e-05,0.9835288035831276,0.0092667831760217,0.0015487418518438,0.0016676180151785,-2.810020965496296,0.0269906265087998,0.1875,0.0001804828301799,0.0002024530130511,-3.7435641074025927,0.0093870035234141,0.1666666666666666,96.0,36.0,36.0,64.0,32.0,8.0,0.2857142857142857,2.0,2.0,0.0,1.0,1.0,0.5595238095238094,2.2857142857142856,4.0,2.2857142857142856,4.0,0.0,8.0,0.0,0.2857142857142857,0.75
hea_ring,8,4,9,108451,256.0,2.094641179272709e-05,0.9828716130835196,0.0099034129669849,0.0015409087856271,0.001711194147243,-2.8122230686607104,0.0269933457334148,0.1875,0.000177722691316,0.0002018032505826,-3.7502571187102016,0.0092558945029727,0.1666666666666666,96.0,36.0,36.0,64.0,32.0,8.0,0.2857142857142857,2.0,2.0,0.0,1.0,1.0,0.5595238095238094,2.2857142857142856,4.0,2.2857142857142856,4.0,0.0,8.0,0.0,0.2857142857142857,0.75
hea_ring,8,5,0,108542,256.0,2.094641179272709e-05,0.9868947359432204,0.0043824237091423,0.0016477143629416,0.0017425623072535,-2.7831180725842666,0.0288405892984784,0.15,0.0001999946021346,0.0002240898778535,-3.698981725809972,0.010165131161251,0.1333333333333333,120.0,45.0,45.0,80.0,40.0,8.0,0.2857142857142857,2.0,2.0,0.0,1.0,1.0,0.5595238095238094,2.2857142857142856,4.0,2.2857142857142856,4.0,0.0,8.0,0.0,0.2857142857142857,0.8
hea_ring,8,5,1,108543,256.0,0.000122599309158,0.9873164861743172,0.0034755076435749,0.0016555179121616,0.001738827261236,-2.781066115962419,0.0289218033611413,0.15,0.0001894836792943,0.0002188430458056,-3.7224281909605543,0.0099886336699923,0.1333333333333333,120.0,45.0,45.0,80.0,40.0,8.0,0.2857142857142857,2.0,2.0,0.0,1.0,1.0,0.5595238095238094,2.2857142857142856,4.0,2.2857142857142856,4.0,0.0,8.0,0.0,0.2857142857142857,0.8
hea_ring,8,5,2,108544,256.0,2.792315121268327e-06,0.9869299306017416,0.0040014797585367,0.0016995821193407,0.0018754551954861,-2.769657846606125,0.029336456112858,0.15,0.0001912027195263,0.0002108190775741,-3.7185059349318808,0.0100410632875973,0.1333333333333333,120.0,45.0,45.0,80.0,40.0,8.0,0.2857142857142857,2.0,2.0,0.0,1.0,1.0,0.5595238095238094,2.2857142857142856,4.0,2.2857142857142856,4.0,0.0,8.0,0.0,0.2857142857142857,0.8
hea_ring,8,5,3,108545,256.0,0.0001162770423858,0.9874171405176057,0.0037892720559116,0.0017131080880152,0.0018525485889349,-2.766215234496454,0.0294691821064587,0.15,0.0001930312840593,0.0002123216869959,-3.714372300353239,0.010036497693135,0.1333333333333333,120.0,45.0,45.0,80.0,40.0,8.0,0.2857142857142857,2.0,2.0,0.0,1.0,1.0,0.5595238095238094,2.2857142857142856,4.0,2.2857142857142856,4.0,0.0,8.0,0.0,0.2857142857142857,0.8
hea_ring,8,5,4,108546,256.0,9.99779818355508e-06,0.9872261493950742,0.0048058060474963,0.0016923322576318,0.0018077168059443,-2.771514367366692,0.0294094414387695,0.15,0.0001983574044012,0.00022605399987,-3.702551583288792,0.0101712459104548,0.1333333333333333,120.0,45.0,45.0,80.0,40.0,8.0,0.2857142857142857,2.0,2.0,0.0,1.0,1.0,0.5595238095238094,2.2857142857142856,4.0,2.2857142857142856,4.0,0.0,8.0,0.0,0.2857142857142857,0.8
hea_ring,8,5,5,108547,256.0,0.0002270695896973,0.9876336590772944,0.0044824167319759,0.0016712547025557,0.0018011860522688,-2.776957357715825,0.0291069493653894,0.15,0.0001951165634862,0.0002194852307445,-3.709705861690279,0.0100169176544035,0.1333333333333333,120.0,45.0,45.0,80.0,40.0,8.0,0.2857142857142857,2.0,2.0,0.0,1.0,1.0,0.5595238095238094,2.2857142857142856,4.0,2.2857142857142856,4.0,0.0,8.0,0.0,0.2857142857142857,0.8
hea_ring,8,5,6,108548,256.0,9.99779818355508e-06,0.9874972688747248,0.0045865307972829,0.0016294001754587,0.0017603567295121,-2.787972241259231,0.0289031930468815,0.15,0.000193466581122,0.0002197838265879,-3.7133940429847954,0.0100463620936107,0.1333333333333333,120.0,45.0,45.0,80.0,40.0,8.0,0.2857142857142857,2.0,2.0,0.0,1.0,1.0,0.5595238095238094,2.2857142857142856,4.0,2.2857142857142856,4.0,0.0,8.0,0.0,0.2857142857142857,0.8
hea_ring,8,5,7,108549,256.0,2.792315121268327e-06,0.9868739034626092,0.0044832940340154,0.0017114370923151,0.001846274898057,-2.76663905969438,0.0292771795352741,0.15,0.0001945506705102,0.0002142440298626,-3.7109672680809935,0.009973422722042,0.1333333333333333,120.0,45.0,45.0,80.0,40.0,8.0,0.2857142857142857,2.0,2.0,0.0,1.0,1.0,0.5595238095238094,2.2857142857142856,4.0,2.2857142857142856,4.0,0.0,8.0,0.0,0.2857142857142857,0.8
hea_ring,8,5,8,108550,256.0,0.0002982879079061,0.9869395090827384,0.0047260262809722,0.0016605480066639,0.0017797171967271,-2.7797485643727984,0.0289509782381503,0.15,0.0001949335121054,0.0002104085507167,-3.7101134924814407,0.0101119094449225,0.1333333333333333,120.0,45.0,45.0,80.0,40.0,8.0,0.2857142857142857,2.0,2.0,0.0,1.0,1.0,0.5595238095238094,2.2857142857142856,4.0,2.2857142857142856,4.0,0.0,8.0,0.0,0.2857142857142857,0.8
hea_ring,8,5,9,108551,256.0,0.0002270695896973,0.987419502794446,0.0037401314555834,0.0016718138849471,0.0017918622549768,-2.776812072135881,0.0290886371819825,0.15,0.0001974982816982,0.0002169058617243,-3.704436678529712,0.0100854161381963,0.1333333333333333,120.0,45.0,45.0,80.0,40.0,8.0,0.2857142857142857,2.0,2.0,0.0,1.0,1.0,0.5595238095238094,2.2857142857142856,4.0,2.2857142857142856,4.0,0.0,8.0,0.0,0.2857142857142857,0.8
symmetry_xy,4,1,0,404142,6.0,0.7825023652535323,0.4795520560867883,0.268125511973384,0.3439890363780844,7.092148047893138e-33,-0.4634553990458453,0.2161773624146128,0.8333333333333334,0.1734680091844324,5.144044912076766e-33,-0.7607806056898293,0.2162416356535634,0.6666666666666666,6.0,3.0,3.0,8.0,4.0,2.0,0.3333333333333333,1.0,1.0,0.0,2.0,0.5,0.3333333333333333,,,1.0,1.0,0.0,2.0,0.0,0.3333333333333333,0.0
symmetry_xy,4,1,1,404143,6.0,0.7118699238275248,0.4682136760170741,0.2697412382307321,0.3214008114024992,1.0049037324734151e-32,-0.4929530311595342,0.208011100974404,0.8333333333333334,0.1573518585416807,3.385750803422992e-33,-0.8031281231058323,0.2077205155967834,0.6666666666666666,6.0,3.0,3.0,8.0,4.0,2.0,0.3333333333333333,1.0,1.0,0.0,2.0,0.5,0.3333333333333333,,,1.0,1.0,0.0,2.0,0.0,0.3333333333333333,0.0
symmetry_xy,4,1,2,404144,6.0,0.7274600125157915,0.4929107525378792,0.230959786854056,0.3053823848725603,8.812595936741772e-33,-0.5151560176177759,0.199228325325255,0.8333333333333334,0.1788951524141976,2.8414610865554266e-33,-0.7474014275057854,0.2222394563448331,0.6666666666666666,6.0,3.0,3.0,8.0,4.0,2.0,0.3333333333333333,1.0,1.0,0.0,2.0,0.5,0.3333333333333333,,,1.0,1.0,0.0,2.0,0.0,0.3333333333333333,0.0
symmetry_xy,4,1,3,404145,6.0,0.6998292200479388,0.534916810837094,0.221388850263245,0.2979908486789361,8.404086856544184e-33,-0.5257970729347048,0.1946374184965371,0.8333333333333334,0.1684755761818928,2.482424795168376e-33,-0.7734630496783924,0.2160789454600274,0.6666666666666666,6.0,3.0,3.0,8.0,4.0,2.0,0.3333333333333333,1.0,1.0,0.0,2.0,0.5,0.3333333333333333,,,1.0,1.0,0.0,2.0,0.0,0.3333333333333333,0.0
symmetry_xy,4,1,4,404146,6.0,0.6819412929438166,0.5099857143501216,0.2370048689491113,0.3310919105271209,7.153744167686201e-33,-0.4800514301097595,0.2147991832282298,0.8333333333333334,0.1747059249571169,2.1734036276014773e-33,-0.7576923661530296,0.2207737864394391,0.6666666666666666,6.0,3.0,3.0,8.0,4.0,2.0,0.3333333333333333,1.0,1.0,0.0,2.0,0.5,0.3333333333333333,,,1.0,1.0,0.0,2.0,0.0,0.3333333333333333,0.0
symmetry_xy,4,1,5,404147,6.0,0.7076200737215905,0.4986481160986173,0.2413629242761722,0.3223449354331577,9.394770350330024e-33,-0.4916791488768299,0.2052753012093124,0.8333333333333334,0.1653512395968008,4.7255871381703416e-33,-0.7815925449411919,0.2085541564300736,0.6666666666666666,6.0,3.0,3.0,8.0,4.0,2.0,0.3333333333333333,1.0,1.0,0.0,2.0,0.5,0.3333333333333333,,,1.0,1.0,0.0,2.0,0.0,0.3333333333333333,0.0
symmetry_xy,4,1,6,404148,6.0,0.7459110851584494,0.4893341971076295,0.2625105203350206,0.3417647207172545,9.487607354019932e-33,-0.4662727701366235,0.2182681196440856,0.8333333333333334,0.1590661198454369,3.6962876442621e-33,-0.7984223126919209,0.2099673238328973,0.6666666666666666,6.0,3.0,3.0,8.0,4.0,2.0,0.3333333333333333,1.0,1.0,0.0,2.0,0.5,0.3333333333333333,,,1.0,1.0,0.0,2.0,0.0,0.3333333333333333,0.0
symmetry_xy,4,1,7,404149,6.0,0.7215747454189448,0.4874094765233359,0.253133283709163,0.3007490473429416,8.721310902939208e-33,-0.5217957396634589,0.1977809174549629,0.8333333333333334,0.1752927092884365,5.5978991191809215e-33,-0.7562361465510788,0.2208208010027418,0.6666666666666666,6.0,3.0,3.0,8.0,4.0,2.0,0.3333333333333333,1.0,1.0,0.0,2.0,0.5,0.3333333333333333,,,1.0,1.0,0.0,2.0,0.0,0.3333333333333333,0.0
symmetry_xy,4,1,8,404150,6.0,0.7474517617040614,0.4952327159681124,0.2650960281744414,0.3415536102932093,6.251459823438186e-33,-0.4665411197212645,0.2179804139244811,0.8333333333333334,0.1522491680455483,4.6699903835999696e-33,-0.8174450718590589,0.1978729700538522,0.6666666666666666,6.0,3.0,3.0,8.0,4.0,2.0,0.3333333333333333,1.0,1.0,0.0,2.0,0.5,0.3333333333333333,,,1.0,1.0,0.0,2.0,0.0,0.3333333333333333,0.0
symmetry_xy,4,1,9,404151,6.0,0.7503821981890864,0.5097676531301677,0.2744591784436174,0.3526057400902476,8.061370280002034e-33,-0.4527106220729159,0.2215955708589615,0.8333333333333334,0.1722185645205655,4.0730267671302735e-33,-0.7639200350294423,0.2140179450618697,0.6666666666666666,6.0,3.0,3.0,8.0,4.0,2.0,0.3333333333333333,1.0,1.0,0.0,2.0,0.5,0.3333333333333333,,,1.0,1.0,0.0,2.0,0.0,0.3333333333333333,0.0
symmetry_xy,4,2,0,404242,6.0,0.1647387441127685,0.543478071398323,0.2390031824797762,0.1790244330270829,1.5661692241497375e-32,-0.7470876930161479,0.1164451377063176,0.9090909090909092,0.0393334645281077,2.2206364840796045e-33,-1.4052377988439215,0.072484663766491,0.7272727272727273,11.0,6.0,6.0,14.0,6.0,3.0,0.5,1.5,2.0,0.5,1.0,1.0,0.7222222222222222,1.6666666666666667,3.0,1.6666666666666667,3.0,0.0,1.5,0.5,0.5,0.0
symmetry_xy,4,2,1,404243,6.0,0.1286885129494011,0.5550236848401088,0.2469858666040057,0.1683504798601064,1.646248235176414e-32,-0.7737856413768768,0.1090752424037177,0.9090909090909092,0.0448696504608539,4.133118402038266e-33,-1.348047313651985,0.0811282460620983,0.7272727272727273,11.0,6.0,6.0,14.0,6.0,3.0,0.5,1.5,2.0,0.5,1.0,1.0,0.7222222222222222,1.6666666666666667,3.0,1.6666666666666667,3.0,0.0,1.5,0.5,0.5,0.0
symmetry_xy,4,2,2,404244,6.0,0.1547132534466953,0.5383840890830529,0.2288234044151562,0.1746532183482463,1.4387306454213452e-32,-0.7578234071748813,0.1119817998987431,0.9090909090909092,0.0411602791449975,3.857350482878255e-33,-1.385521688556811,0.075172864505362,0.7272727272727273,11.0,6.0,6.0,14.0,6.0,3.0,0.5,1.5,2.0,0.5,1.0,1.0,0.7222222222222222,1.6666666666666667,3.0,1.6666666666666667,3.0,0.0,1.5,0.5,0.5,0.0
symmetry_xy,4,2,3,404245,6.0,0.1761683790080505,0.5286938586041111,0.2379605328087268,0.1911213456059342,1.2799562887427162e-32,-0.7186908055605288,0.1180519076819901,0.9090909090909092,0.043961766292936,3.111570459547016e-33,-1.356924866843059,0.0811491171853201,0.7272727272727273,11.0,6.0,6.0,14.0,6.0,3.0,0.5,1.5,2.0,0.5,1.0,1.0,0.7222222222222222,1.6666666666666667,3.0,1.6666666666666667,3.0,0.0,1.5,0.5,0.5,0.0
symmetry_xy,4,2,4,404246,6.0,0.1687013319416095,0.5326960668572671,0.2339725221765687,0.1530503804041152,1.9661879016787126e-32,-0.8151655866337629,0.1090900971037909,0.9090909090909092,0.0506223502975179,2.8605667499293445e-33,-1.295657695259403,0.0880635837998039,0.7272727272727273,11.0,6.0,6.0,14.0,6.0,3.0,0.5,1.5,2.0,0.5,1.0,1.0,0.7222222222222222,1.6666666666666667,3.0,1.6666666666666667,3.0,0.0,1.5,0.5,0.5,0.0
symmetry_xy,4,2,5,404247,6.0,0.1292231357499267,0.583323635728824,0.2513235541552516,0.1826967643541709,1.403916566263176e-32,-0.7382691441393749,0.115584455377509,0.9090909090909092,0.0461911113332752,5.310528974798349e-33,-1.335441588736288,0.0842692067363871,0.7272727272727273,11.0,6.0,6.0,14.0,6.0,3.0,0.5,1.5,2.0,0.5,1.0,1.0,0.7222222222222222,1.6666666666666667,3.0,1.6666666666666667,3.0,0.0,1.5,0.5,0.5,0.0
symmetry_xy,4,2,6,404248,6.0,0.1424795473149213,0.5691310089502253,0.2428203077953225,0.2063167640815795,1.480843661252225e-32,-0.685465482388802,0.1259736673119678,0.9090909090909092,0.0447141889694154,2.8004000021049398e-33,-1.349554642118484,0.076421363813647,0.7272727272727273,11.0,6.0,6.0,14.0,6.0,3.0,0.5,1.5,2.0,0.5,1.0,1.0,0.7222222222222222,1.6666666666666667,3.0,1.6666666666666667,3.0,0.0,1.5,0.5,0.5,0.0
symmetry_xy,4,2,7,404249,6.0,0.2469309141797274,0.5105718898728763,0.2429096027546903,0.1924080547204562,1.9957814685942303e-32,-0.715776751178528,0.121945708812193,0.9090909090909092,0.0456642459906245,4.275474470806789e-33,-1.3404237090401514,0.0807893399390193,0.7272727272727273,11.0,6.0,6.0,14.0,6.0,3.0,0.5,1.5,2.0,0.5,1.0,1.0,0.7222222222222222,1.6666666666666667,3.0,1.6666666666666667,3.0,0.0,1.5,0.5,0.5,0.0
symmetry_xy,4,2,8,404250,6.0,0.1603913900869217,0.5429731387680253,0.2481635519766759,0.1784100748580638,1.0019893949210911e-32,-0.7485806245578818,0.1148146029469125,0.9090909090909092,0.0403801635660016,2.2824164939534004e-33,-1.3938319262128829,0.0747832056346223,0.7272727272727273,11.0,6.0,6.0,14.0,6.0,3.0,0.5,1.5,2.0,0.5,1.0,1.0,0.7222222222222222,1.6666666666666667,3.0,1.6666666666666667,3.0,0.0,1.5,0.5,0.5,0.0
symmetry_xy,4,2,9,404251,6.0,0.1462822277165614,0.5440323623972734,0.2499068183581877,0.1976750746029519,1.4433408229483788e-32,-0.7040480886268601,0.1207538723193548,0.9090909090909092,0.0493755836761736,3.3368114619751906e-33,-1.306487757474989,0.0845072658149617,0.7272727272727273,11.0,6.0,6.0,14.0,6.0,3.0,0.5,1.5,2.0,0.5,1.0,1.0,0.7222222222222222,1.6666666666666667,3.0,1.6666666666666667,3.0,0.0,1.5,0.5,0.5,0.0
symmetry_xy,4,3,0,404342,6.0,0.0333198060737998,0.6604707122554268,0.1832918260698532,0.141967486065831,2.4140081419755944e-32,-0.8478111080046227,0.1593083480907753,0.5294117647058824,0.0720236806822816,0.0188728773254788,-1.1425246883082605,0.1526840531488263,0.2352941176470588,17.0,9.0,9.0,22.0,10.0,3.0,0.5,1.5,2.0,0.5,1.0,1.0,0.7222222222222222,1.6666666666666667,3.0,1.6666666666666667,3.0,0.0,1.6666666666666667,0.4714045207910317,0.5,0.4
symmetry_xy,4,3,1,404343,6.0,0.0273813380404753,0.6701053140498968,0.2163395667490169,0.1730260556115788,1.7035309185809167e-32,-0.7618884924996597,0.1828304659607259,0.5294117647058824,0.068442709859393,0.0128639899913192,-1.1646728037235334,0.1428882830137823,0.2352941176470588,17.0,9.0,9.0,22.0,10.0,3.0,0.5,1.5,2.0,0.5,1.0,1.0,0.7222222222222222,1.6666666666666667,3.0,1.6666666666666667,3.0,0.0,1.6666666666666667,0.4714045207910317,0.5,0.4
symmetry_xy,4,3,2,404344,6.0,0.0277866506646078,0.718492752404599,0.1877467988281946,0.1592874077243644,2.313906938146242e-32,-0.7978185554730707,0.1732378991990094,0.5294117647058824,0.0625526090210149,0.015069722427584,-1.2037545715053397,0.1406951060726866,0.2352941176470588,17.0,9.0,9.0,22.0,10.0,3.0,0.5,1.5,2.0,0.5,1.0,1.0,0.7222222222222222,1.6666666666666667,3.0,1.6666666666666667,3.0,0.0,1.6666666666666667,0.4714045207910317,0.5,0.4
symmetry_xy,4,3,3,404345,6.0,0.0331987095629504,0.6741330512301463,0.1558932723275068,0.1588351872756825,2.1168693763703438e-32,-0.7990532805812055,0.1762395248669825,0.5294117647058824,0.0701837237450342,0.0141600805029861,-1.1537635931024075,0.1466903574068972,0.2352941176470588,17.0,9.0,9.0,22.0,10.0,3.0,0.5,1.5,2.0,0.5,1.0,1.0,0.7222222222222222,1.6666666666666667,3.0,1.6666666666666667,3.0,0.0,1.6666666666666667,0.4714045207910317,0.5,0.4
symmetry_xy,4,3,4,404346,6.0,0.0395996249281583,0.6501567692073444,0.2027064737418669,0.1621403144361941,2.1356049425172623e-32,-0.7901089890973804,0.1627091251992259,0.5294117647058824,0.0618524928973903,0.0164417885741717,-1.2086427919158187,0.1414222679118876,0.2352941176470588,17.0,9.0,9.0,22.0,10.0,3.0,0.5,1.5,2.0,0.5,1.0,1.0,0.7222222222222222,1.6666666666666667,3.0,1.6666666666666667,3.0,0.0,1.6666666666666667,0.4714045207910317,0.5,0.4
symmetry_xy,4,3,5,404347,6.0,0.0251419999325928,0.6537028374819702,0.1968856768906541,0.1564307152682198,1.829572394469702e-32,-0.8056779689116851,0.1660032991071166,0.5294117647058824,0.0676767124985845,0.0203355125720723,-1.169560745985594,0.1490726609645765,0.2352941176470588,17.0,9.0,9.0,22.0,10.0,3.0,0.5,1.5,2.0,0.5,1.0,1.0,0.7222222222222222,1.6666666666666667,3.0,1.6666666666666667,3.0,0.0,1.6666666666666667,0.4714045207910317,0.5,0.4
symmetry_xy,4,3,6,404348,6.0,0.0433797298626352,0.6513796946683794,0.1986688489886353,0.1462345399325403,2.2223079983205012e-32,-0.8349500368826526,0.1645180470160442,0.5294117647058824,0.0645469365310907,0.0188732045647542,-1.1901243650042923,0.1441447237737467,0.2352941176470588,17.0,9.0,9.0,22.0,10.0,3.0,0.5,1.5,2.0,0.5,1.0,1.0,0.7222222222222222,1.6666666666666667,3.0,1.6666666666666667,3.0,0.0,1.6666666666666667,0.4714045207910317,0.5,0.4
symmetry_xy,4,3,7,404349,6.0,0.0390898933708998,0.6757515330256141,0.2053559007373155,0.1593572949839176,1.8718907491888968e-32,-0.7976280508049686,0.1793684159573297,0.5294117647058824,0.0635863264665602,0.0145030538440062,-1.19663626451766,0.1353083332358569,0.2352941176470588,17.0,9.0,9.0,22.0,10.0,3.0,0.5,1.5,2.0,0.5,1.0,1.0,0.7222222222222222,1.6666666666666667,3.0,1.6666666666666667,3.0,0.0,1.6666666666666667,0.4714045207910317,0.5,0.4
symmetry_xy,4,3,8,404350,6.0,0.0527778127838396,0.658314328768555,0.2158757375613062,0.1600680472083945,2.865377362152904e-32,-0.7956953533151746,0.1680249888554432,0.5294117647058824,0.0615942929591914,0.0152695720668783,-1.210459525678958,0.1349909155712762,0.2352941176470588,17.0,9.0,9.0,22.0,10.0,3.0,0.5,1.5,2.0,0.5,1.0,1.0,0.7222222222222222,1.6666666666666667,3.0,1.6666666666666667,3.0,0.0,1.6666666666666667,0.4714045207910317,0.5,0.4
symmetry_xy,4,3,9,404351,6.0,0.0582492235444249,0.6501841876879725,0.2253967885118829,0.1566332054207088,1.888621564448732e-32,-0.8051161643579342,0.1750728875066544,0.5294117647058824,0.0627123218202764,0.0203790627542479,-1.2026471198901345,0.1392244344572182,0.2352941176470588,17.0,9.0,9.0,22.0,10.0,3.0,0.5,1.5,2.0,0.5,1.0,1.0,0.7222222222222222,1.6666666666666667,3.0,1.6666666666666667,3.0,0.0,1.6666666666666667,0.4714045207910317,0.5,0.4
symmetry_xy,4,4,0,404442,6.0,0.0141646745117584,0.7178490876903517,0.1619678484535296,0.1255438079505408,2.668011135621915e-32,-0.9012047026183478,0.1296426942140863,0.6363636363636364,0.0361890066089507,0.0106007940848894,-1.441423338145526,0.0991837468599924,0.2727272727272727,22.0,12.0,12.0,28.0,12.0,3.0,0.5,1.5,2.0,0.5,1.0,1.0,0.7222222222222222,1.6666666666666667,3.0,1.6666666666666667,3.0,0.0,1.5,0.5,0.5,0.5
symmetry_xy,4,4,1,404443,6.0,0.0229057806394582,0.7001800272500692,0.1881503952546624,0.125626192808665,2.0106393782259059e-32,-0.9009198016313612,0.1331107781629822,0.6363636363636364,0.0352600624068685,0.0095529673819651,-1.4527169233771775,0.0989529137591422,0.2727272727272727,22.0,12.0,12.0,28.0,12.0,3.0,0.5,1.5,2.0,0.5,1.0,1.0,0.7222222222222222,1.6666666666666667,3.0,1.6666666666666667,3.0,0.0,1.5,0.5,0.5,0.5
symmetry_xy,4,4,2,404444,6.0,0.0184730905538651,0.7178092303176716,0.1639220045558958,0.1217284716088086,2.2198888524160592e-32,-0.9146078308379364,0.1268680301979962,0.6363636363636364,0.0413096849268766,0.0101929338059655,-1.3839481174184929,0.1075015664208059,0.2727272727272727,22.0,12.0,12.0,28.0,12.0,3.0,0.5,1.5,2.0,0.5,1.0,1.0,0.7222222222222222,1.6666666666666667,3.0,1.6666666666666667,3.0,0.0,1.5,0.5,0.5,0.5
symmetry_xy,4,4,3,404445,6.0,0.0225215433449147,0.6851040815587691,0.1923273922614514,0.1281903717771617,2.0574927893592678e-32,-0.8921445929223368,0.1354437007675576,0.6363636363636364,0.0370383403107712,0.0099659784154129,-1.4313484823038956,0.0979834817102821,0.2727272727272727,22.0,12.0,12.0,28.0,12.0,3.0,0.5,1.5,2.0,0.5,1.0,1.0,0.7222222222222222,1.6666666666666667,3.0,1.6666666666666667,3.0,0.0,1.5,0.5,0.5,0.5
symmetry_xy,4,4,4,404446,6.0,0.0122076629166316,0.710366505350262,0.1859886296745175,0.1253430618573482,2.6519415833831433e-32,-0.9018997006404424,0.1341885661832577,0.6363636363636364,0.0374684115048912,0.007029035508884,-1.426334718683194,0.0980276664909816,0.2727272727272727,22.0,12.0,12.0,28.0,12.0,3.0,0.5,1.5,2.0,0.5,1.0,1.0,0.7222222222222222,1.6666666666666667,3.0,1.6666666666666667,3.0,0.0,1.5,0.5,0.5,0.5
symmetry_xy,4,4,5,404447,6.0,0.0116043967020391,0.729452101255164,0.1698960940100457,0.1196072864597655,2.1380275474212175e-32,-0.9222423623804064,0.1329664763312806,0.6363636363636364,0.0416961800873905,0.0134620986798147,-1.3799037302290438,0.1065157603622231,0.2727272727272727,22.0,12.0,12.0,28.0,12.0,3.0,0.5,1.5,2.0,0.5,1.0,1.0,0.7222222222222222,1.6666666666666667,3.0,1.6666666666666667,3.0,0.0,1.5,0.5,0.5,0.5
symmetry_xy,4,4,6,404448,6.0,0.0191732298640402,0.6831781132521632,0.2038708077059185,0.1290967244408569,1.765548664801195e-32,-0.8890847769071508,0.1366226521905312,0.6363636363636364,0.0440234616485916,0.0089728126951448,-1.356315811038158,0.107582321538661,0.2727272727272727,22.0,12.0,12.0,28.0,12.0,3.0,0.5,1.5,2.0,0.5,1.0,1.0,0.7222222222222222,1.6666666666666667,3.0,1.6666666666666667,3.0,0.0,1.5,0.5,0.5,0.5
symmetry_xy,4,4,7,404449,6.0,0.0140542503372943,0.726404810250262,0.1724355231993931,0.1373172654000592,1.3232689024176183e-32,-0.8622748539026363,0.1400291585897633,0.6363636363636364,0.0402535785689605,0.0114721976735529,-1.395195504521752,0.1077001430616772,0.2727272727272727,22.0,12.0,12.0,28.0,12.0,3.0,0.5,1.5,2.0,0.5,1.0,1.0,0.7222222222222222,1.6666666666666667,3.0,1.6666666666666667,3.0,0.0,1.5,0.5,0.5,0.5
symmetry_xy,4,4,8,404450,6.0,0.0119836228968309,0.7173087951098611,0.1809506767466346,0.1295596919305159,2.2129662734416204e-32,-0.8875300933342599,0.131854677394182,0.6363636363636364,0.0396838566987637,0.0100883557781222,-1.4013861273041823,0.1023071415240502,0.2727272727272727,22.0,12.0,12.0,28.0,12.0,3.0,0.5,1.5,2.0,0.5,1.0,1.0,0.7222222222222222,1.6666666666666667,3.0,1.6666666666666667,3.0,0.0,1.5,0.5,0.5,0.5
symmetry_xy,4,4,9,404451,6.0,0.0141514655649761,0.7093690840010284,0.196491798038168,0.1340883530883801,2.695228220605441e-32,-0.8726089433200528,0.1340615680378868,0.6363636363636364,0.0366194323444132,0.0109026713537611,-1.4362883921916054,0.0996465432093535,0.2727272727272727,22.0,12.0,12.0,28.0,12.0,3.0,0.5,1.5,2.0,0.5,1.0,1.0,0.7222222222222222,1.6666666666666667,3.0,1.6666666666666667,3.0,0.0,1.5,0.5,0.5,0.5
symmetry_xy,4,5,0,404542,6.0,0.008088712703437,0.7337022828600355,0.1649315403647499,0.1361253777915547,0.0578825915582001,-0.8660609019281071,0.1901435400894934,0.2857142857142857,0.0465870645100187,0.017516852641515,-1.3317346539489654,0.1342413180369966,0.1428571428571428,28.0,15.0,15.0,36.0,16.0,3.0,0.5,1.5,2.0,0.5,1.0,1.0,0.7222222222222222,1.6666666666666667,3.0,1.6666666666666667,3.0,0.0,1.6,0.4898979485566356,0.5,0.625
symmetry_xy,4,5,1,404543,6.0,0.0121011014648802,0.7289155348277327,0.1666394180240966,0.1176733944795853,0.0505110924287615,-0.9293217184380904,0.1859724280333624,0.2857142857142857,0.0529061055482989,0.0222274462156001,-1.2764942059813156,0.1461844371812524,0.1428571428571428,28.0,15.0,15.0,36.0,16.0,3.0,0.5,1.5,2.0,0.5,1.0,1.0,0.7222222222222222,1.6666666666666667,3.0,1.6666666666666667,3.0,0.0,1.6,0.4898979485566356,0.5,0.625
symmetry_xy,4,5,2,404544,6.0,0.0123304460803489,0.7216834994856905,0.1636760400932863,0.1217138191710539,0.0463675331810791,-0.914660109945651,0.1744936418022691,0.2857142857142857,0.0424682955637108,0.0167994462613034,-1.3719351687745474,0.1295366774094571,0.1428571428571428,28.0,15.0,15.0,36.0,16.0,3.0,0.5,1.5,2.0,0.5,1.0,1.0,0.7222222222222222,1.6666666666666667,3.0,1.6666666666666667,3.0,0.0,1.6,0.4898979485566356,0.5,0.625
symmetry_xy,4,5,3,404545,6.0,0.0114633837624875,0.7318987527638281,0.1829430375289073,0.127015921982085,0.0664707179498956,-0.8961418349846662,0.1936141342729657,0.2857142857142857,0.0445622700523579,0.0149907922934139,-1.3510326938194814,0.1293929894393797,0.1428571428571428,28.0,15.0,15.0,36.0,16.0,3.0,0.5,1.5,2.0,0.5,1.0,1.0,0.7222222222222222,1.6666666666666667,3.0,1.6666666666666667,3.0,0.0,1.6,0.4898979485566356,0.5,0.625
symmetry_xy,4,5,4,404546,6.0,0.014093342791955,0.7398727410779824,0.1749442547325715,0.1321836609475026,0.0521552864088805,-0.8788222241157516,0.1857984518117994,0.2857142857142857,0.0516284407388041,0.0206477842019775,-1.2871109911402467,0.14191576038433,0.1428571428571428,28.0,15.0,15.0,36.0,16.0,3.0,0.5,1.5,2.0,0.5,1.0,1.0,0.7222222222222222,1.6666666666666667,3.0,1.6666666666666667,3.0,0.0,1.6,0.4898979485566356,0.5,0.625
symmetry_xy,4,5,5,404547,6.0,0.0119721682038398,0.7272528572963078,0.1706150885058114,0.1238810364877068,0.052306419337052,-0.9069951696455016,0.1805084369795683,0.2857142857142857,0.0516592147899009,0.0181258191843707,-1.2868521993048772,0.1438329592990616,0.1428571428571428,28.0,15.0,15.0,36.0,16.0,3.0,0.5,1.5,2.0,0.5,1.0,1.0,0.7222222222222222,1.6666666666666667,3.0,1.6666666666666667,3.0,0.0,1.6,0.4898979485566356,0.5,0.625
symmetry_xy,4,5,6,404548,6.0,0.0110244357598405,0.7316412979757295,0.1620476437337412,0.1207446799218557,0.064347329214797,-0.9181319954127328,0.1838296567965182,0.2857142857142857,0.0462879470350039,0.0156306289824775,-1.3345320806373882,0.1318389873975049,0.1428571428571428,28.0,15.0,15.0,36.0,16.0,3.0,0.5,1.5,2.0,0.5,1.0,1.0,0.7222222222222222,1.6666666666666667,3.0,1.6666666666666667,3.0,0.0,1.6,0.4898979485566356,0.5,0.625
symmetry_xy,4,5,7,404549,6.0,0.0120635452344159,0.7427213056897027,0.1621255052950169,0.1283769077765056,0.0418445417266749,-0.8915130894071075,0.1816430346685421,0.2857142857142857,0.0474649850061194,0.0189893788685485,-1.3236266519813316,0.1372238601685705,0.1428571428571428,28.0,15.0,15.0,36.0,16.0,3.0,0.5,1.5,2.0,0.5,1.0,1.0,0.7222222222222222,1.6666666666666667,3.0,1.6666666666666667,3.0,0.0,1.6,0.4898979485566356,0.5,0.625
symmetry_xy,4,5,8,404550,6.0,0.0112157454199028,0.7512750005451077,0.1388559865270963,0.1324416283776744,0.0583544812041082,-0.8779754882107353,0.1875761104609872,0.2857142857142857,0.042999211442356,0.0170552050106899,-1.3665395088244516,0.1308195858427411,0.1428571428571428,28.0,15.0,15.0,36.0,16.0,3.0,0.5,1.5,2.0,0.5,1.0,1.0,0.7222222222222222,1.6666666666666667,3.0,1.6666666666666667,3.0,0.0,1.6,0.4898979485566356,0.5,0.625
symmetry_xy,4,5,9,404551,6.0,0.0102364649361808,0.7650163570837298,0.1597153603428373,0.1279071191113167,0.0561614514366012,-0.8931052826932211,0.1884778721494959,0.2857142857142857,0.0511731749617704,0.0180132633655172,-1.2909576370516975,0.1404751099756176,0.1428571428571428,28.0,15.0,15.0,36.0,16.0,3.0,0.5,1.5,2.0,0.5,1.0,1.0,0.7222222222222222,1.6666666666666667,3.0,1.6666666666666667,3.0,0.0,1.6,0.4898979485566356,0.5,0.625
symmetry_xy,6,1,0,406142,20.0,1.5934480743559731,0.4625840562986492,0.1986084133740241,0.1964924386435249,1.0395042650661094e-32,-0.7066541573423769,0.1385308997883924,0.8888888888888888,0.0740083947884859,4.591591449125847e-33,-1.1307190153563773,0.1424129835008183,0.6666666666666666,9.0,3.0,3.0,12.0,6.0,3.0,0.2,1.0,1.0,0.0,3.0,0.3333333333333333,0.2,,,1.0,1.0,0.0,3.0,0.0,0.2,0.0
symmetry_xy,6,1,1,406143,20.0,1.5411360177542068,0.5011574984481227,0.2238788272362623,0.2134669077507465,1.0337616488555378e-32,-0.6706694409910148,0.1352840070951989,0.8888888888888888,0.0724512157480576,4.1102700815814226e-33,-1.1399543225704063,0.1412646060066017,0.6666666666666666,9.0,3.0,3.0,12.0,6.0,3.0,0.2,1.0,1.0,0.0,3.0,0.3333333333333333,0.2,,,1.0,1.0,0.0,3.0,0.0,0.2,0.0
symmetry_xy,6,1,2,406144,20.0,1.481533130758181,0.4821902499488925,0.2144735095759438,0.2238900201506332,1.254181055631031e-32,-0.6499652645724063,0.1433041965298132,0.8888888888888888,0.0751094191562322,3.106399717390617e-33,-1.1243055965368811,0.1424261473081164,0.6666666666666666,9.0,3.0,3.0,12.0,6.0,3.0,0.2,1.0,1.0,0.0,3.0,0.3333333333333333,0.2,,,1.0,1.0,0.0,3.0,0.0,0.2,0.0
symmetry_xy,6,1,3,406145,20.0,1.4232298393131837,0.4916202843035946,0.1898863939288905,0.1976264731742123,1.404280729220108e-32,-0.704154879670504,0.1301361258960107,0.8888888888888888,0.0730124092189772,4.4891251484431593e-33,-1.1366033207381665,0.1405863006909168,0.6666666666666666,9.0,3.0,3.0,12.0,6.0,3.0,0.2,1.0,1.0,0.0,3.0,0.3333333333333333,0.2,,,1.0,1.0,0.0,3.0,0.0,0.2,0.0
symmetry_xy,6,1,4,406146,20.0,1.4504951699725388,0.5096851980329562,0.1992177639630881,0.2211317157106758,9.999486044430663e-33,-0.6553489644754369,0.1422481685298029,0.8888888888888888,0.0751246807282804,4.8541774448904955e-33,-1.124217360689579,0.1444107224911085,0.6666666666666666,9.0,3.0,3.0,12.0,6.0,3.0,0.2,1.0,1.0,0.0,3.0,0.3333333333333333,0.2,,,1.0,1.0,0.0,3.0,0.0,0.2,0.0
symmetry_xy,6,1,5,406147,20.0,1.4552622551211232,0.4695433066575099,0.2217343773953101,0.2489358264228011,1.1577446186639436e-32,-0.6039125959665493,0.1490595852053586,0.8888888888888888,0.0729258046319512,4.185485183833461e-33,-1.13711877036134,0.1387281544367118,0.6666666666666666,9.0,3.0,3.0,12.0,6.0,3.0,0.2,1.0,1.0,0.0,3.0,0.3333333333333333,0.2,,,1.0,1.0,0.0,3.0,0.0,0.2,0.0
symmetry_xy,6,1,6,406148,20.0,1.4723006882100904,0.5005815750023754,0.2100072401861733,0.2329141175390964,1.2650280419645226e-32,-0.6328041869332854,0.1477900906327165,0.8888888888888888,0.0727344425045985,3.614268245584981e-33,-1.1382598855990484,0.1412983994336779,0.6666666666666666,9.0,3.0,3.0,12.0,6.0,3.0,0.2,1.0,1.0,0.0,3.0,0.3333333333333333,0.2,,,1.0,1.0,0.0,3.0,0.0,0.2,0.0
symmetry_xy,6,1,7,406149,20.0,1.4496218942104186,0.4961810871854029,0.1974338347074509,0.2531396500089468,8.072768131020868e-33,-0.596639824689908,0.1524572946312183,0.8888888888888888,0.0720875619965066,3.635278476272823e-33,-1.1421396620803814,0.1387250871172724,0.6666666666666666,9.0,3.0,3.0,12.0,6.0,3.0,0.2,1.0,1.0,0.0,3.0,0.3333333333333333,0.2,,,1.0,1.0,0.0,3.0,0.0,0.2,0.0
symmetry_xy,6,1,8,406150,20.0,1.480405944553251,0.4683293523373663,0.2220155962604434,0.2097399539500067,1.3172194800125675e-32,-0.6783188316843047,0.1342027523955147,0.8888888888888888,0.0774258990015845,3.784221715544927e-33,-1.111113743295545,0.1493212046604713,0.6666666666666666,9.0,3.0,3.0,12.0,6.0,3.0,0.2,1.0,1.0,0.0,3.0,0.3333333333333333,0.2,,,1.0,1.0,0.0,3.0,0.0,0.2,0.0
symmetry_xy,6,1,9,406151,20.0,1.5473426023088444,0.4962134274342659,0.2219872979840022,0.2412061742817939,1.1869599811673692e-32,-0.6176115795244518,0.1513933802354631,0.8888888888888888,0.0705550530910342,7.455613312159919e-33,-1.151471877005796,0.1376247063627473,0.6666666666666666,9.0,3.0,3.0,12.0,6.0,3.0,0.2,1.0,1.0,0.0,3.0,0.3333333333333333,0.2,,,1.0,1.0,0.0,3.0,0.0,0.2,0.0
symmetry_xy,6,2,0,406242,20.0,0.3257163204862326,0.5781745922129056,0.1836463946044164,0.1167103563174705,1.5087400654708734e-32,-0.9328906050345562,0.0744555690035343,0.9411764705882352,0.0201457999585109,1.7457564878834758e-33,-1.695815482772042,0.0575065098127429,0.7058823529411765,17.0,6.0,6.0,22.0,10.0,5.0,0.3333333333333333,1.6666666666666667,2.0,0.4714045207910317,1.0,1.0,0.58,2.333333333333333,5.0,2.333333333333333,5.0,0.0,2.5,0.5,0.3333333333333333,0.0
symmetry_xy,6,2,1,406243,20.0,0.2831527738564841,0.6159611308151236,0.1804556204531065,0.129440272910569,1.2480698281980552e-32,-0.8879305800687218,0.0785889719711607,0.9411764705882352,0.0197311381455648,1.430322765769564e-33,-1.704847862741618,0.0548510245088889,0.7058823529411765,17.0,6.0,6.0,22.0,10.0,5.0,0.3333333333333333,1.6666666666666667,2.0,0.4714045207910317,1.0,1.0,0.58,2.333333333333333,5.0,2.333333333333333,5.0,0.0,2.5,0.5,0.3333333333333333,0.0
symmetry_xy,6,2,2,406244,20.0,0.3035734187529145,0.6003237973496341,0.1918389627886949,0.11626733374265,1.4902150875106726e-32,-0.9345422867166944,0.0746831343820479,0.9411764705882352,0.0189581688897714,1.822463097804449e-33,-1.7222036121177688,0.0531616004016728,0.7058823529411765,17.0,6.0,6.0,22.0,10.0,5.0,0.3333333333333333,1.6666666666666667,2.0,0.4714045207910317,1.0,1.0,0.58,2.333333333333333,5.0,2.333333333333333,5.0,0.0,2.5,0.5,0.3333333333333333,0.0
symmetry_xy,6,2,3,406245,20.0,0.2741679366250105,0.5797409697318886,0.1775255444833041,0.1168239248612284,2.316125611235164e-32,-0.9324682071278252,0.0760415666867486,0.9411764705882352,0.022010761303898,2.274029300669185e-33,-1.6573649358944464,0.0608023985308502,0.7058823529411765,17.0,6.0,6.0,22.0,10.0,5.0,0.3333333333333333,1.6666666666666667,2.0,0.4714045207910317,1.0,1.0,0.58,2.333333333333333,5.0,2.333333333333333,5.0,0.0,2.5,0.5,0.3333333333333333,0.0
symmetry_xy,6,2,4,406246,20.0,0.2725365736000807,0.5938264828540624,0.192252913248632,0.1254241347425089,2.610821656468072e-32,-0.9016188863364872,0.0765370174232375,0.9411764705882352,0.0186028468882131,1.861614092780873e-33,-1.730420588404053,0.0538359313191388,0.7058823529411765,17.0,6.0,6.0,22.0,10.0,5.0,0.3333333333333333,1.6666666666666667,2.0,0.4714045207910317,1.0,1.0,0.58,2.333333333333333,5.0,2.333333333333333,5.0,0.0,2.5,0.5,0.3333333333333333,0.0
symmetry_xy,6,2,5,406247,20.0,0.3672213883876083,0.5762217415855083,0.2044322483977841,0.1111426088732673,1.7744105444422502e-32,-0.9541194131474896,0.0724343786703658,0.9411764705882352,0.0193735164839114,1.7571684058164978e-33,-1.712791543403239,0.0529790692610188,0.7058823529411765,17.0,6.0,6.0,22.0,10.0,5.0,0.3333333333333333,1.6666666666666667,2.0,0.4714045207910317,1.0,1.0,0.58,2.333333333333333,5.0,2.333333333333333,5.0,0.0,2.5,0.5,0.3333333333333333,0.0
symmetry_xy,6,2,6,406248,20.0,0.2954514716802322,0.5913508099849262,0.1856452773782289,0.1151353927435059,1.675342125518301e-32,-0.938791153255956,0.072613266562976,0.9411764705882352,0.0204518859745757,1.7742550207935698e-33,-1.6892666372612926,0.0572268787512452,0.7058823529411765,17.0,6.0,6.0,22.0,10.0,5.0,0.3333333333333333,1.6666666666666667,2.0,0.4714045207910317,1.0,1.0,0.58,2.333333333333333,5.0,2.333333333333333,5.0,0.0,2.5,0.5,0.3333333333333333,0.0
symmetry_xy,6,2,7,406249,20.0,0.3117858656270836,0.6011741718847656,0.1867020264087096,0.1070770098717339,1.2921760692317864e-32,-0.9703037650003984,0.0715921252853503,0.9411764705882352,0.0203018108592059,2.224527036851149e-33,-1.692465222624456,0.056253444915267,0.7058823529411765,17.0,6.0,6.0,22.0,10.0,5.0,0.3333333333333333,1.6666666666666667,2.0,0.4714045207910317,1.0,1.0,0.58,2.333333333333333,5.0,2.333333333333333,5.0,0.0,2.5,0.5,0.3333333333333333,0.0
symmetry_xy,6,2,8,406250,20.0,0.2986860188989526,0.6002563305929778,0.2046538457606404,0.11320224687729,1.664199954422319e-32,-0.9461449530353409,0.0738928523129203,0.9411764705882352,0.018894401113298,2.089362010365378e-33,-1.7236668691511428,0.0538573868486671,0.7058823529411765,17.0,6.0,6.0,22.0,10.0,5.0,0.3333333333333333,1.6666666666666667,2.0,0.4714045207910317,1.0,1.0,0.58,2.333333333333333,5.0,2.333333333333333,5.0,0.0,2.5,0.5,0.3333333333333333,0.0
symmetry_xy,6,2,9,406251,20.0,0.4149462702375663,0.569058081165193,0.1867685766097274,0.1218343137049161,1.483718093460861e-32,-0.9142303787478988,0.0775237010647418,0.9411764705882352,0.0200388224340479,2.026836176198187e-33,-1.698127803035384,0.0560382555329877,0.7058823529411765,17.0,6.0,6.0,22.0,10.0,5.0,0.3333333333333333,1.6666666666666667,2.0,0.4714045207910317,1.0,1.0,0.58,2.333333333333333,5.0,2.333333333333333,5.0,0.0,2.5,0.5,0.3333333333333333,0.0
symmetry_xy,6,3,0,406342,20.0,0.1237123947949142,0.6936546288758264,0.1652510340674134,0.1042671742676465,2.161579278560477e-32,-0.9818523960629778,0.1064643119522162,0.6923076923076923,0.0244885854094285,0.0055838995102061,-1.6110363013033386,0.0838792289387943,0.2307692307692307,26.0,9.0,9.0,34.0,16.0,5.0,0.3333333333333333,1.6666666666666667,2.0,0.4714045207910317,1.0,1.0,0.58,2.333333333333333,5.0,2.333333333333333,5.0,0.0,2.6666666666666665,0.4714045207910317,0.3333333333333333,0.375
symmetry_xy,6,3,1,406343,20.0,0.1386350701490737,0.6790313734434238,0.1630425488866922,0.0958981865765232,1.7283959242673497e-32,-1.018189605209478,0.1063436547105926,0.6923076923076923,0.0250966417752037,0.006368900593336,-1.60038438832267,0.0853926153300274,0.2307692307692307,26.0,9.0,9.0,34.0,16.0,5.0,0.3333333333333333,1.6666666666666667,2.0,0.4714045207910317,1.0,1.0,0.58,2.333333333333333,5.0,2.333333333333333,5.0,0.0,2.6666666666666665,0.4714045207910317,0.3333333333333333,0.375
symmetry_xy,6,3,2,406344,20.0,0.1324494015677524,0.6871036214884408,0.1650656424481953,0.0979022552599316,2.9058303702944997e-32,-1.0092073037467877,0.108564815495555,0.6923076923076923,0.0247918336435094,0.0063065971361872,-1.6056913509325463,0.0856422947335186,0.2307692307692307,26.0,9.0,9.0,34.0,16.0,5.0,0.3333333333333333,1.6666666666666667,2.0,0.4714045207910317,1.0,1.0,0.58,2.333333333333333,5.0,2.333333333333333,5.0,0.0,2.6666666666666665,0.4714045207910317,0.3333333333333333,0.375
symmetry_xy,6,3,3,406345,20.0,0.1273740518602546,0.6714523976464857,0.1595419418960093,0.0927452563343138,2.2968448520477343e-32,-1.0327082941174022,0.107866964921381,0.6923076923076923,0.0284707989912903,0.0053037459533288,-1.545600344843229,0.0908148585258421,0.2307692307692307,26.0,9.0,9.0,34.0,16.0,5.0,0.3333333333333333,1.6666666666666667,2.0,0.4714045207910317,1.0,1.0,0.58,2.333333333333333,5.0,2.333333333333333,5.0,0.0,2.6666666666666665,0.4714045207910317,0.3333333333333333,0.375
symmetry_xy,6,3,4,406346,20.0,0.1671776278671453,0.6804699312785293,0.1815941442268364,0.1012358294601168,2.4716569732629706e-32,-0.9946657544636602,0.1117056064078498,0.6923076923076923,0.0275203185998461,0.0062577746716981,-1.5603465426256908,0.091492555362971,0.2307692307692307,26.0,9.0,9.0,34.0,16.0,5.0,0.3333333333333333,1.6666666666666667,2.0,0.4714045207910317,1.0,1.0,0.58,2.333333333333333,5.0,2.333333333333333,5.0,0.0,2.6666666666666665,0.4714045207910317,0.3333333333333333,0.375
symmetry_xy,6,3,5,406347,20.0,0.0960227391808253,0.7119495420177913,0.1453450019756746,0.1042505366763047,2.20358629995466e-32,-0.9819217006231952,0.1098059229952702,0.6923076923076923,0.0265971522110468,0.0065774721185388,-1.575164861310185,0.0896734686062486,0.2307692307692307,26.0,9.0,9.0,34.0,16.0,5.0,0.3333333333333333,1.6666666666666667,2.0,0.4714045207910317,1.0,1.0,0.58,2.333333333333333,5.0,2.333333333333333,5.0,0.0,2.6666666666666665,0.4714045207910317,0.3333333333333333,0.375
symmetry_xy,6,3,6,406348,20.0,0.1468989990478015,0.6793094664888639,0.1485365279533141,0.1041959010007282,2.450118355759857e-32,-0.9821493655641338,0.1174946147187254,0.6923076923076923,0.0253918278122495,0.0070079165591478,-1.5953060356287447,0.0860115116848426,0.2307692307692307,26.0,9.0,9.0,34.0,16.0,5.0,0.3333333333333333,1.6666666666666667,2.0,0.4714045207910317,1.0,1.0,0.58,2.333333333333333,5.0,2.333333333333333,5.0,0.0,2.6666666666666665,0.4714045207910317,0.3333333333333333,0.375
symmetry_xy,6,3,7,406349,20.0,0.1308770202155882,0.6905698088442931,0.1608068319747938,0.1203107047500766,1.7272662132109983e-32,-0.91969572920997,0.1167365004439436,0.6923076923076923,0.0286016866694138,0.0063995706149913,-1.5436083553457705,0.090265888290652,0.2307692307692307,26.0,9.0,9.0,34.0,16.0,5.0,0.3333333333333333,1.6666666666666667,2.0,0.4714045207910317,1.0,1.0,0.58,2.333333333333333,5.0,2.333333333333333,5.0,0.0,2.6666666666666665,0.4714045207910317,0.3333333333333333,0.375
symmetry_xy,6,3,8,406350,20.0,0.1160104470140547,0.6809573152475824,0.1592147170668741,0.103292387556508,2.4111949030169623e-32,-0.9859316839404348,0.1126527789692117,0.6923076923076923,0.0271631498228907,0.006150801542541,-1.5660198709385171,0.087616851686488,0.2307692307692307,26.0,9.0,9.0,34.0,16.0,5.0,0.3333333333333333,1.6666666666666667,2.0,0.4714045207910317,1.0,1.0,0.58,2.333333333333333,5.0,2.333333333333333,5.0,0.0,2.6666666666666665,0.4714045207910317,0.3333333333333333,0.375
symmetry_xy,6,3,9,406351,20.0,0.1280293117424307,0.67076047528844,0.1714675858537961,0.1098429465290075,2.013017261210534e-32,-0.9592278256973285,0.1139604163111051,0.6923076923076923,0.0288144475479451,0.006611827826233,-1.5403897026201565,0.0926810646579487,0.2307692307692307,26.0,9.0,9.0,34.0,16.0,5.0,0.3333333333333333,1.6666666666666667,2.0,0.4714045207910317,1.0,1.0,0.58,2.333333333333333,5.0,2.333333333333333,5.0,0.0,2.6666666666666665,0.4714045207910317,0.3333333333333333,0.375
symmetry_xy,6,4,0,406442,20.0,0.0636379359978718,0.7263222251711312,0.1306721997402096,0.077187650388764,2.5516923111350034e-32,-1.112452178900606,0.0853310229334567,0.7647058823529411,0.0153992363437067,0.0032787946355698,-1.8125008155231144,0.0656301698428924,0.2352941176470588,34.0,12.0,12.0,44.0,20.0,5.0,0.3333333333333333,1.6666666666666667,2.0,0.4714045207910317,1.0,1.0,0.58,2.333333333333333,5.0,2.333333333333333,5.0,0.0,2.5,0.5,0.3333333333333333,0.5
symmetry_xy,6,4,1,406443,20.0,0.0698090278550927,0.7369551708597096,0.1307615941504489,0.0862611585947367,1.8052556495134958e-32,-1.0641847130353972,0.0890648569316774,0.7647058823529411,0.0148841193113931,0.0040640081365276,-1.8272768573234417,0.0659201627870617,0.2352941176470588,34.0,12.0,12.0,44.0,20.0,5.0,0.3333333333333333,1.6666666666666667,2.0,0.4714045207910317,1.0,1.0,0.58,2.333333333333333,5.0,2.333333333333333,5.0,0.0,2.5,0.5,0.3333333333333333,0.5
symmetry_xy,6,4,2,406444,20.0,0.0544403283520441,0.755161792230411,0.1438695103197387,0.0827582233133768,1.9952640802409718e-32,-1.0821888415137826,0.088945336055667,0.7647058823529411,0.0155093781101621,0.0039668489368316,-1.8094056160316367,0.0667806777547338,0.2352941176470588,34.0,12.0,12.0,44.0,20.0,5.0,0.3333333333333333,1.6666666666666667,2.0,0.4714045207910317,1.0,1.0,0.58,2.333333333333333,5.0,2.333333333333333,5.0,0.0,2.5,0.5,0.3333333333333333,0.5
symmetry_xy,6,4,3,406445,20.0,0.0676346279713442,0.7343689916662567,0.146227300998416,0.0862462745579314,1.9225512116755e-32,-1.0642596553720949,0.091426392950955,0.7647058823529411,0.0157057585873257,0.003583794537524,-1.8039410823579127,0.066597711956741,0.2352941176470588,34.0,12.0,12.0,44.0,20.0,5.0,0.3333333333333333,1.6666666666666667,2.0,0.4714045207910317,1.0,1.0,0.58,2.333333333333333,5.0,2.333333333333333,5.0,0.0,2.5,0.5,0.3333333333333333,0.5
symmetry_xy,6,4,4,406446,20.0,0.0710996489560972,0.7341309350125433,0.1458014845002875,0.0882876903303775,2.0990878587323387e-32,-1.0540998444888312,0.0888187442542332,0.7647058823529411,0.0149397259785871,0.0044665210761868,-1.825657368188552,0.0662653313275366,0.2352941176470588,34.0,12.0,12.0,44.0,20.0,5.0,0.3333333333333333,1.6666666666666667,2.0,0.4714045207910317,1.0,1.0,0.58,2.333333333333333,5.0,2.333333333333333,5.0,0.0,2.5,0.5,0.3333333333333333,0.5
symmetry_xy,6,4,5,406447,20.0,0.0597994462640031,0.7393344688132251,0.1437373983713808,0.0848553485032923,2.332403972204688e-32,-1.0713207785406489,0.0922941360436716,0.7647058823529411,0.0158884178167137,0.0049989376144742,-1.798919348084132,0.0688308096170815,0.2352941176470588,34.0,12.0,12.0,44.0,20.0,5.0,0.3333333333333333,1.6666666666666667,2.0,0.4714045207910317,1.0,1.0,0.58,2.333333333333333,5.0,2.333333333333333,5.0,0.0,2.5,0.5,0.3333333333333333,0.5
symmetry_xy,6,4,6,406448,20.0,0.0621946609838064,0.722091411340297,0.1475250761670806,0.0892162887454865,2.0903180814987289e-32,-1.0495558466725163,0.0918818572306777,0.7647058823529411,0.0148339539107718,0.003658634104701,-1.8287430746789863,0.0633835528807827,0.2352941176470588,34.0,12.0,12.0,44.0,20.0,5.0,0.3333333333333333,1.6666666666666667,2.0,0.4714045207910317,1.0,1.0,0.58,2.333333333333333,5.0,2.333333333333333,5.0,0.0,2.5,0.5,0.3333333333333333,0.5
symmetry_xy,6,4,7,406449,20.0,0.0686744778971653,0.7191952652631649,0.144665870723296,0.0787292733169361,2.3453302923382927e-32,-1.103863757143033,0.0877384889545335,0.7647058823529411,0.0153743449435293,0.0037997675564008,-1.81320337919294,0.0661697757544561,0.2352941176470588,34.0,12.0,12.0,44.0,20.0,5.0,0.3333333333333333,1.6666666666666667,2.0,0.4714045207910317,1.0,1.0,0.58,2.333333333333333,5.0,2.333333333333333,5.0,0.0,2.5,0.5,0.3333333333333333,0.5
symmetry_xy,6,4,8,406450,20.0,0.1028072319518518,0.6968251303782135,0.1409265097293039,0.0830180164837728,2.0013315395533127e-32,-1.0808276472577043,0.0871076276837353,0.7647058823529411,0.0154399515438433,0.0035769450660325,-1.811354066971428,0.0662575826595533,0.2352941176470588,34.0,12.0,12.0,44.0,20.0,5.0,0.3333333333333333,1.6666666666666667,2.0,0.4714045207910317,1.0,1.0,0.58,2.333333333333333,5.0,2.333333333333333,5.0,0.0,2.5,0.5,0.3333333333333333,0.5
symmetry_xy,6,4,9,406451,20.0,0.0723093265488661,0.7207357996317967,0.1432697801388908,0.0826564138310043,1.788670190271439e-32,-1.082723441144701,0.084818387992562,0.7647058823529411,0.0136224996963643,0.0037754057566772,-1.865743193103963,0.0625118692226222,0.2352941176470588,34.0,12.0,12.0,44.0,20.0,5.0,0.3333333333333333,1.6666666666666667,2.0,0.4714045207910317,1.0,1.0,0.58,2.333333333333333,5.0,2.333333333333333,5.0,0.0,2.5,0.5,0.3333333333333333,0.5
symmetry_xy,6,5,0,406542,20.0,0.0483085619868155,0.7530604288671495,0.1321034019221894,0.071339354688687,0.0065784663531221,-1.1466708234586944,0.1121062604918183,0.4883720930232558,0.0159042739310886,0.0063987877133854,-1.7984861527068423,0.0780528315470412,0.1395348837209302,43.0,15.0,15.0,56.0,26.0,5.0,0.3333333333333333,1.6666666666666667,2.0,0.4714045207910317,1.0,1.0,0.58,2.333333333333333,5.0,2.333333333333333,5.0,0.0,2.6,0.4898979485566356,0.3333333333333333,0.6153846153846154
symmetry_xy,6,5,1,406543,20.0,0.0414595265105209,0.7486170452480667,0.1296799170827982,0.0740525164530041,0.0118611004616236,-1.130460178694639,0.1153560575880166,0.4883720930232558,0.0183930484471567,0.0072334805400947,-1.7353462852230674,0.0816155788671351,0.1395348837209302,43.0,15.0,15.0,56.0,26.0,5.0,0.3333333333333333,1.6666666666666667,2.0,0.4714045207910317,1.0,1.0,0.58,2.333333333333333,5.0,2.333333333333333,5.0,0.0,2.6,0.4898979485566356,0.3333333333333333,0.6153846153846154
symmetry_xy,6,5,2,406544,20.0,0.0506695497406855,0.758987906870727,0.124446505539923,0.0790004893066413,0.0118227608219924,-1.1023702188042903,0.1176454096306488,0.4886046511627906,0.0172940970723241,0.0056130428855363,-1.7621021076446324,0.0805849250361251,0.1395348837209302,43.0,15.0,15.0,56.0,26.0,5.0,0.3333333333333333,1.6666666666666667,2.0,0.4714045207910317,1.0,1.0,0.58,2.333333333333333,5.0,2.333333333333333,5.0,0.0,2.6,0.4898979485566356,0.3333333333333333,0.6153846153846154
symmetry_xy,6,5,3,406545,20.0,0.0420201211108324,0.7465062664656132,0.1316824690831499,0.0806229165191282,0.0101916430609439,-1.0935414953760527,0.1183150615632424,0.4883720930232558,0.017298475120609,0.0059724572412544,-1.7619921787147366,0.0797117213030741,0.1395348837209302,43.0,15.0,15.0,56.0,26.0,5.0,0.3333333333333333,1.6666666666666667,2.0,0.4714045207910317,1.0,1.0,0.58,2.333333333333333,5.0,2.333333333333333,5.0,0.0,2.6,0.4898979485566356,0.3333333333333333,0.6153846153846154
symmetry_xy,6,5,4,406546,20.0,0.0445610213332398,0.7665244782986543,0.1203189695879664,0.0758307313263963,0.0150592823261987,-1.1201547555723603,0.1164019842853185,0.4883720930232558,0.0180963873284084,0.0061511585627556,-1.742408116840024,0.0821033268823233,0.1395348837209302,43.0,15.0,15.0,56.0,26.0,5.0,0.3333333333333333,1.6666666666666667,2.0,0.4714045207910317,1.0,1.0,0.58,2.333333333333333,5.0,2.333333333333333,5.0,0.0,2.6,0.4898979485566356,0.3333333333333333,0.6153846153846154
symmetry_xy,6,5,5,406547,20.0,0.0508462729489164,0.759226645446757,0.1387367310438965,0.0781294103018267,0.004872449688541,-1.1071854536070898,0.1143930924357814,0.4883720930232558,0.0161055270438929,0.0061837794297753,-1.793025058580446,0.077797985597366,0.1395348837209302,43.0,15.0,15.0,56.0,26.0,5.0,0.3333333333333333,1.6666666666666667,2.0,0.4714045207910317,1.0,1.0,0.58,2.333333333333333,5.0,2.333333333333333,5.0,0.0,2.6,0.4898979485566356,0.3333333333333333,0.6153846153846154
symmetry_xy,6,5,6,406548,20.0,0.0450096138486044,0.771658130263608,0.1251753415046525,0.0804323309452729,0.0050107883023895,-1.094569345172866,0.1162860059590781,0.4886046511627906,0.0170718459719777,0.0067639809247549,-1.7677195162550028,0.0803428514717795,0.1395348837209302,43.0,15.0,15.0,56.0,26.0,5.0,0.3333333333333333,1.6666666666666667,2.0,0.4714045207910317,1.0,1.0,0.58,2.333333333333333,5.0,2.333333333333333,5.0,0.0,2.6,0.4898979485566356,0.3333333333333333,0.6153846153846154
symmetry_xy,6,5,7,406549,20.0,0.0370044979987079,0.7919557516872957,0.0991508293646465,0.0725526981658511,0.0130901695596249,-1.139346431927126,0.1123920629971468,0.4883720930232558,0.015968459705524,0.0065931817315025,-1.7967369732574436,0.0772179245765835,0.1395348837209302,43.0,15.0,15.0,56.0,26.0,5.0,0.3333333333333333,1.6666666666666667,2.0,0.4714045207910317,1.0,1.0,0.58,2.333333333333333,5.0,2.333333333333333,5.0,0.0,2.6,0.4898979485566356,0.3333333333333333,0.6153846153846154
symmetry_xy,6,5,8,406550,20.0,0.048294450901653,0.7678262879252726,0.1293537336312685,0.0739920933021619,0.0106469814603803,-1.1308146859271613,0.1160147045596828,0.4883720930232558,0.0178022701965654,0.0056826797528988,-1.7495246116813312,0.0811022800472454,0.1395348837209302,43.0,15.0,15.0,56.0,26.0,5.0,0.3333333333333333,1.6666666666666667,2.0,0.4714045207910317,1.0,1.0,0.58,2.333333333333333,5.0,2.333333333333333,5.0,0.0,2.6,0.4898979485566356,0.3333333333333333,0.6153846153846154
symmetry_xy,6,5,9,406551,20.0,0.0580877062075568,0.7490613796822804,0.1265332175330482,0.0770249596235843,0.0148234248082896,-1.1133685206677448,0.1195605472222302,0.4883720930232558,0.0177339228787382,0.0061513808966022,-1.751195184526477,0.0802081738626412,0.1395348837209302,43.0,15.0,15.0,56.0,26.0,5.0,0.3333333333333333,1.6666666666666667,2.0,0.4714045207910317,1.0,1.0,0.58,2.333333333333333,5.0,2.333333333333333,5.0,0.0,2.6,0.4898979485566356,0.3333333333333333,0.6153846153846154
symmetry_xy,8,1,0,408142,70.0,2.3055626693689635,0.5060203343254286,0.1621043466168777,0.1869989527179658,9.950128079749684e-33,-0.7281608257099292,0.1133991509866741,0.9166666666666666,0.0412850440399424,3.288002557698371e-33,-1.3842072477934222,0.1056048042137832,0.6666666666666666,12.0,3.0,3.0,16.0,8.0,4.0,0.1428571428571428,1.0,1.0,0.0,4.0,0.25,0.1428571428571428,,,1.0,1.0,0.0,4.0,0.0,0.1428571428571428,0.0
symmetry_xy,8,1,1,408143,70.0,2.3927862881573567,0.5226314942813735,0.1621571665262135,0.1797476396812016,1.050865045369369e-32,-0.745336803755427,0.1093986351982338,0.9166666666666666,0.040910795581018,3.3892288032470184e-33,-1.3881620748138614,0.1038781043894494,0.6666666666666666,12.0,3.0,3.0,16.0,8.0,4.0,0.1428571428571428,1.0,1.0,0.0,4.0,0.25,0.1428571428571428,,,1.0,1.0,0.0,4.0,0.0,0.1428571428571428,0.0
symmetry_xy,8,1,2,408144,70.0,2.2635688793280284,0.5135452749441506,0.1850236935756928,0.1478393826502342,1.3536168617805646e-32,-0.8302098596531654,0.0990942733547999,0.9166666666666666,0.0419963604214415,5.204288602212869e-33,-1.376788345730081,0.1063355546238242,0.6666666666666666,12.0,3.0,3.0,16.0,8.0,4.0,0.1428571428571428,1.0,1.0,0.0,4.0,0.25,0.1428571428571428,,,1.0,1.0,0.0,4.0,0.0,0.1428571428571428,0.0
symmetry_xy,8,1,3,408145,70.0,2.2503104856686145,0.4857343315032145,0.1770386287563788,0.1702924091163136,1.2400598672233696e-32,-0.7688047105363559,0.1086980031585148,0.9166666666666666,0.0434865599058415,3.3267284869166266e-33,-1.3616449467380258,0.1091034393984115,0.6666666666666666,12.0,3.0,3.0,16.0,8.0,4.0,0.1428571428571428,1.0,1.0,0.0,4.0,0.25,0.1428571428571428,,,1.0,1.0,0.0,4.0,0.0,0.1428571428571428,0.0
symmetry_xy,8,1,4,408146,70.0,2.2770027459317483,0.4893785878834441,0.1679203310531728,0.1856377746052264,1.2521434320004658e-32,-0.7313336464718353,0.1139976406497883,0.9166666666666666,0.0402739124101896,3.366870243147577e-33,-1.394976178795294,0.1038944778580543,0.6666666666666666,12.0,3.0,3.0,16.0,8.0,4.0,0.1428571428571428,1.0,1.0,0.0,4.0,0.25,0.1428571428571428,,,1.0,1.0,0.0,4.0,0.0,0.1428571428571428,0.0
symmetry_xy,8,1,5,408147,70.0,2.27584095342167,0.4940411938896194,0.1690701117426014,0.1528275295120175,1.3326664932831032e-32,-0.8157984072900566,0.1010958999140691,0.9166666666666666,0.0435218195389977,3.2299625965910786e-33,-1.361292956158506,0.1099958826609372,0.6666666666666666,12.0,3.0,3.0,16.0,8.0,4.0,0.1428571428571428,1.0,1.0,0.0,4.0,0.25,0.1428571428571428,,,1.0,1.0,0.0,4.0,0.0,0.1428571428571428,0.0
symmetry_xy,8,1,6,408148,70.0,2.201808064618736,0.4850873455023459,0.162290736900887,0.1774524574536407,1.243469745757134e-32,-0.7509179819395742,0.1115913281492071,0.9166666666666666,0.0411920854454719,4.668984942145566e-33,-1.3851862203151564,0.1049073090696059,0.6666666666666666,12.0,3.0,3.0,16.0,8.0,4.0,0.1428571428571428,1.0,1.0,0.0,4.0,0.25,0.1428571428571428,,,1.0,1.0,0.0,4.0,0.0,0.1428571428571428,0.0
symmetry_xy,8,1,7,408149,70.0,2.251842528213852,0.5090255180383857,0.1754961686807432,0.1746781645487398,1.5740664097250456e-32,-0.7577613801268255,0.1102745837909673,0.9166666666666666,0.0416100754917578,6.365271258458847e-33,-1.380801496280493,0.1056408993074566,0.6666666666666666,12.0,3.0,3.0,16.0,8.0,4.0,0.1428571428571428,1.0,1.0,0.0,4.0,0.25,0.1428571428571428,,,1.0,1.0,0.0,4.0,0.0,0.1428571428571428,0.0
symmetry_xy,8,1,8,408150,70.0,2.339903511202528,0.4910160720648865,0.173728425469449,0.1760461501310893,1.3744886205441119e-32,-0.7543734678678988,0.1092964441789646,0.9166666666666666,0.0419598977771677,5.166930310328071e-33,-1.377165578506746,0.1071232899690049,0.6666666666666666,12.0,3.0,3.0,16.0,8.0,4.0,0.1428571428571428,1.0,1.0,0.0,4.0,0.25,0.1428571428571428,,,1.0,1.0,0.0,4.0,0.0,0.1428571428571428,0.0
symmetry_xy,8,1,9,408151,70.0,2.224944058678396,0.4876258467183517,0.1644701892382005,0.1862327704999648,1.274105060116063e-32,-0.7299438958839058,0.114001298616802,0.9166666666666666,0.0400106358700017,2.8895977253391264e-33,-1.3978245465305617,0.1045484908795576,0.6666666666666666,12.0,3.0,3.0,16.0,8.0,4.0,0.1428571428571428,1.0,1.0,0.0,4.0,0.25,0.1428571428571428,,,1.0,1.0,0.0,4.0,0.0,0.1428571428571428,0.0
symmetry_xy,8,2,0,408242,70.0,0.4410512960814441,0.6173640636810184,0.1608588896042261,0.0929771238762208,1.9838743587281027e-32,-1.0316238922678571,0.0578749770439454,0.9565217391304348,0.01157738998835,1.5178903853531294e-33,-1.9363893371040544,0.0437745879345507,0.6956521739130435,23.0,6.0,6.0,30.0,14.0,7.0,0.25,1.75,2.0,0.4330127018922193,1.0,1.0,0.4908163265306121,3.0,7.0,3.0,7.0,0.0,3.5,0.5,0.25,0.0
symmetry_xy,8,2,1,408243,70.0,0.6685274934933014,0.6066809375318268,0.1728663607010191,0.0836529935022343,1.8651638218324118e-32,-1.0775185133000271,0.0532922478877127,0.9565217391304348,0.0119132887803746,2.7600342068375094e-33,-1.9239683307084268,0.0435444658745658,0.6956521739130435,23.0,6.0,6.0,30.0,14.0,7.0,0.25,1.75,2.0,0.4330127018922193,1.0,1.0,0.4908163265306121,3.0,7.0,3.0,7.0,0.0,3.5,0.5,0.25,0.0
symmetry_xy,8,2,2,408244,70.0,0.5153116251116526,0.583714732113505,0.1439743766141629,0.0820958128614039,1.750860615929919e-32,-1.0856789926681325,0.0521457060430445,0.9565217391304348,0.0112986610039759,1.212973664572554e-33,-1.9469730213874503,0.0436601566707743,0.6956521739130435,23.0,6.0,6.0,30.0,14.0,7.0,0.25,1.75,2.0,0.4330127018922193,1.0,1.0,0.4908163265306121,3.0,7.0,3.0,7.0,0.0,3.5,0.5,0.25,0.0
symmetry_xy,8,2,3,408245,70.0,0.6457612824587928,0.5639488074568879,0.1607164229481142,0.0917240055337936,2.0084303373180516e-32,-1.0375169881414026,0.0559036053168251,0.9565217391304348,0.0109633984146162,1.4005942432068102e-33,-1.9600548031563017,0.0416822956337137,0.6956521739130435,23.0,6.0,6.0,30.0,14.0,7.0,0.25,1.75,2.0,0.4330127018922193,1.0,1.0,0.4908163265306121,3.0,7.0,3.0,7.0,0.0,3.5,0.5,0.25,0.0
symmetry_xy,8,2,4,408246,70.0,0.5481860749954449,0.6245389304320504,0.1588719687830335,0.0956666506087772,2.118330992792819e-32,-1.019239430883092,0.0588415114525468,0.9565217391304348,0.0113087468869304,1.7181014647076993e-33,-1.946585516227728,0.0436794595539616,0.6956521739130435,23.0,6.0,6.0,30.0,14.0,7.0,0.25,1.75,2.0,0.4330127018922193,1.0,1.0,0.4908163265306121,3.0,7.0,3.0,7.0,0.0,3.5,0.5,0.25,0.0
symmetry_xy,8,2,5,408247,70.0,0.5057494594882637,0.5845132140870588,0.1649547067641949,0.0948311233242647,1.8509305687065606e-32,-1.0230491049649575,0.0591786155287372,0.9565217391304348,0.0110055784614481,1.8628818359185618e-33,-1.9583871256674188,0.0424094635030729,0.6956521739130435,23.0,6.0,6.0,30.0,14.0,7.0,0.25,1.75,2.0,0.4330127018922193,1.0,1.0,0.4908163265306121,3.0,7.0,3.0,7.0,0.0,3.5,0.5,0.25,0.0
symmetry_xy,8,2,6,408248,70.0,0.6482434543774027,0.5790708157926325,0.141917343267465,0.0983035482777491,2.0798324603068222e-32,-1.0074308059762556,0.0603025998360655,0.9565217391304348,0.0107757704837319,2.9167154361032128e-33,-1.96755166735098,0.0415216074126999,0.6956521739130435,23.0,6.0,6.0,30.0,14.0,7.0,0.25,1.75,2.0,0.4330127018922193,1.0,1.0,0.4908163265306121,3.0,7.0,3.0,7.0,0.0,3.5,0.5,0.25,0.0
symmetry_xy,8,2,7,408249,70.0,0.4589372519844756,0.6035512396848481,0.1708023489975127,0.0927663579421234,2.5489467333422837e-32,-1.032609493706374,0.0587783451823862,0.9565217391304348,0.0103611968430886,1.87239290567316e-33,-1.9845900754472168,0.0400730888888418,0.6956521739130435,23.0,6.0,6.0,30.0,14.0,7.0,0.25,1.75,2.0,0.4330127018922193,1.0,1.0,0.4908163265306121,3.0,7.0,3.0,7.0,0.0,3.5,0.5,0.25,0.0
symmetry_xy,8,2,8,408250,70.0,0.6033908342010222,0.6024216333510654,0.1636358122002286,0.0816086680353546,2.1262595689804363e-32,-1.0882637103638475,0.0526927514993744,0.9565217391304348,0.010657425379201,1.0543745998762024e-33,-1.9723476994985345,0.0415709289240957,0.6956521739130435,23.0,6.0,6.0,30.0,14.0,7.0,0.25,1.75,2.0,0.4330127018922193,1.0,1.0,0.4908163265306121,3.0,7.0,3.0,7.0,0.0,3.5,0.5,0.25,0.0
symmetry_xy,8,2,9,408251,70.0,0.4393404594689165,0.6343759579889252,0.1800950965126606,0.0883107777698003,1.9185091338494128e-32,-1.0539862903033663,0.0561081030809753,0.9565217391304348,0.0104788646814805,3.067398182527839e-33,-1.9796857678558533,0.0395433400888208,0.6956521739130435,23.0,6.0,6.0,30.0,14.0,7.0,0.25,1.75,2.0,0.4330127018922193,1.0,1.0,0.4908163265306121,3.0,7.0,3.0,7.0,0.0,3.5,0.5,0.25,0.0
symmetry_xy,8,3,0,408342,70.0,0.2290279005303476,0.6904257439071503,0.131718220953253,0.0822754762232314,2.0644341311805846e-32,-1.084729595262419,0.0837659546455989,0.7714285714285715,0.0127719176522166,0.0036655076793783,-1.893743890265948,0.0615424607464763,0.2285714285714285,35.0,9.0,9.0,46.0,22.0,7.0,0.25,1.75,2.0,0.4330127018922193,1.0,1.0,0.4908163265306121,3.0,7.0,3.0,7.0,0.0,3.6666666666666665,0.4714045207910317,0.25,0.3636363636363636
symmetry_xy,8,3,1,408343,70.0,0.2152130107726987,0.7134526063605879,0.1408814773501394,0.0761615540355597,1.83569340706662e-32,-1.1182642029877805,0.0835945315205991,0.7714285714285715,0.0132731199797321,0.0033032402591399,-1.8770269798697872,0.0640056656631373,0.2285714285714285,35.0,9.0,9.0,46.0,22.0,7.0,0.25,1.75,2.0,0.4330127018922193,1.0,1.0,0.4908163265306121,3.0,7.0,3.0,7.0,0.0,3.6666666666666665,0.4714045207910317,0.25,0.3636363636363636
symmetry_xy,8,3,2,408344,70.0,0.2135304662567446,0.6914247584113951,0.1482603016206127,0.0751543774513531,2.115294130204124e-32,-1.1240457183691492,0.0810180966280176,0.7714285714285715,0.0139320633319175,0.0044502590760964,-1.855984560007672,0.0644942168366609,0.2285714285714285,35.0,9.0,9.0,46.0,22.0,7.0,0.25,1.75,2.0,0.4330127018922193,1.0,1.0,0.4908163265306121,3.0,7.0,3.0,7.0,0.0,3.6666666666666665,0.4714045207910317,0.25,0.3636363636363636
symmetry_xy,8,3,3,408345,70.0,0.2203473179223275,0.7152792456857316,0.1333612670621765,0.0842215213924844,2.310402542099416e-32,-1.074576917672427,0.0888374001769686,0.7714285714285715,0.012523524606431,0.0041968890952344,-1.9022734265806984,0.0616163015784228,0.2285714285714285,35.0,9.0,9.0,46.0,22.0,7.0,0.25,1.75,2.0,0.4330127018922193,1.0,1.0,0.4908163265306121,3.0,7.0,3.0,7.0,0.0,3.6666666666666665,0.4714045207910317,0.25,0.3636363636363636
symmetry_xy,8,3,4,408346,70.0,0.1864896696285043,0.7018003204259755,0.1323034049810612,0.0736082753165834,1.8750316298309628e-32,-1.1330733579138677,0.0842892284714725,0.7714285714285715,0.0143256294850616,0.0034644038598234,-1.84388628552935,0.0649841250662749,0.2285714285714285,35.0,9.0,9.0,46.0,22.0,7.0,0.25,1.75,2.0,0.4330127018922193,1.0,1.0,0.4908163265306121,3.0,7.0,3.0,7.0,0.0,3.6666666666666665,0.4714045207910317,0.25,0.3636363636363636
symmetry_xy,8,3,5,408347,70.0,0.2635922259184535,0.6550599478907752,0.1499802257067627,0.0811860598928555,1.9643782704574464e-32,-1.0905185351842297,0.0827412560736052,0.7714285714285715,0.0137239927113504,0.0038731086091358,-1.862519521264444,0.0633054460675225,0.2285714285714285,35.0,9.0,9.0,46.0,22.0,7.0,0.25,1.75,2.0,0.4330127018922193,1.0,1.0,0.4908163265306121,3.0,7.0,3.0,7.0,0.0,3.6666666666666665,0.4714045207910317,0.25,0.3636363636363636
symmetry_xy,8,3,6,408348,70.0,0.2300435878889751,0.6647831231553306,0.1556704521310261,0.0736004227440396,2.203487664569843e-32,-1.1331196911668977,0.0815135629324817,0.7714285714285715,0.0127580823318604,0.0036093543397572,-1.8942145995395847,0.0610848217847935,0.2285714285714285,35.0,9.0,9.0,46.0,22.0,7.0,0.25,1.75,2.0,0.4330127018922193,1.0,1.0,0.4908163265306121,3.0,7.0,3.0,7.0,0.0,3.6666666666666665,0.4714045207910317,0.25,0.3636363636363636
symmetry_xy,8,3,7,408349,70.0,0.2136950102298345,0.6956420560327935,0.1349094715405395,0.074072134220571,2.0162328156529526e-32,-1.130345141957504,0.0861637733163538,0.7714285714285715,0.0131953782806258,0.0034120425041378,-1.8795781550586668,0.0608056054382454,0.2285714285714285,35.0,9.0,9.0,46.0,22.0,7.0,0.25,1.75,2.0,0.4330127018922193,1.0,1.0,0.4908163265306121,3.0,7.0,3.0,7.0,0.0,3.6666666666666665,0.4714045207910317,0.25,0.3636363636363636
symmetry_xy,8,3,8,408350,70.0,0.2153288275449241,0.7189311854378377,0.1268792790707555,0.0766561176817836,1.8591305461576918e-32,-1.1154531797604286,0.0826946602142051,0.7714285714285715,0.0138320170397116,0.0034458453429778,-1.859114484724868,0.0633258064027858,0.2285714285714285,35.0,9.0,9.0,46.0,22.0,7.0,0.25,1.75,2.0,0.4330127018922193,1.0,1.0,0.4908163265306121,3.0,7.0,3.0,7.0,0.0,3.6666666666666665,0.4714045207910317,0.25,0.3636363636363636
symmetry_xy,8,3,9,408351,70.0,0.208361235160317,0.6938665840253875,0.1368954888797971,0.0782755095786047,2.1772358692012516e-32,-1.1063740964168185,0.0839719891150747,0.7714285714285715,0.0133640049590326,0.0045283787500895,-1.874063371878555,0.0629302276474868,0.2285714285714285,35.0,9.0,9.0,46.0,22.0,7.0,0.25,1.75,2.0,0.4330127018922193,1.0,1.0,0.4908163265306121,3.0,7.0,3.0,7.0,0.0,3.6666666666666665,0.4714045207910317,0.25,0.3636363636363636
symmetry_xy,8,4,0,408442,70.0,0.1232032980972143,0.734001466636985,0.1166017503739153,0.0546922813219473,1.6201475529407222e-32,-1.262073960975891,0.0632435113994575,0.8260869565217391,0.007727000267791,0.0015941207778449,-2.111989072703827,0.0457678123338576,0.217391304347826,46.0,12.0,12.0,60.0,28.0,7.0,0.25,1.75,2.0,0.4330127018922193,1.0,1.0,0.4908163265306121,3.0,7.0,3.0,7.0,0.0,3.5,0.5,0.25,0.5
symmetry_xy,8,4,1,408443,70.0,0.1225950486402771,0.7518654055519021,0.1068245308354176,0.0613483981391072,1.962167736754496e-32,-1.2121967726016682,0.0625640962907156,0.826304347826087,0.008351608423347,0.0022756937934063,-2.07822987635885,0.0483654122307651,0.217391304347826,46.0,12.0,12.0,60.0,28.0,7.0,0.25,1.75,2.0,0.4330127018922193,1.0,1.0,0.4908163265306121,3.0,7.0,3.0,7.0,0.0,3.5,0.5,0.25,0.5
symmetry_xy,8,4,2,408444,70.0,0.1424567365135329,0.7258660815645408,0.1366238956427406,0.0580758872739075,1.6055993770678822e-32,-1.236004146396975,0.0627871579943925,0.8260869565217391,0.0080952715383592,0.0025966052810556,-2.0917685791980416,0.04839584076851,0.217391304347826,46.0,12.0,12.0,60.0,28.0,7.0,0.25,1.75,2.0,0.4330127018922193,1.0,1.0,0.4908163265306121,3.0,7.0,3.0,7.0,0.0,3.5,0.5,0.25,0.5
symmetry_xy,8,4,3,408445,70.0,0.1229760465343595,0.7396783159071889,0.1166954515172165,0.0615031663607631,1.6916727933139724e-32,-1.2111025249138738,0.0643090354877497,0.8260869565217391,0.0082382688273218,0.002442808646107,-2.084164040454669,0.0487000312383268,0.217391304347826,46.0,12.0,12.0,60.0,28.0,7.0,0.25,1.75,2.0,0.4330127018922193,1.0,1.0,0.4908163265306121,3.0,7.0,3.0,7.0,0.0,3.5,0.5,0.25,0.5
symmetry_xy,8,4,4,408446,70.0,0.1208626577238218,0.7441123401511915,0.1225902057678142,0.0625239728581042,1.6956906124897754e-32,-1.2039534341151976,0.0668183535203951,0.8260869565217391,0.0081263045217656,0.0027543129488815,-2.090106907133356,0.049111918900666,0.217391304347826,46.0,12.0,12.0,60.0,28.0,7.0,0.25,1.75,2.0,0.4330127018922193,1.0,1.0,0.4908163265306121,3.0,7.0,3.0,7.0,0.0,3.5,0.5,0.25,0.5
symmetry_xy,8,4,5,408447,70.0,0.1158742211237606,0.7454039081626281,0.1278742802275682,0.0658936674395443,2.0425410772462315e-32,-1.1811563202801727,0.0672812592571017,0.8260869565217391,0.0079440373690072,0.001994510374383,-2.09995872157266,0.0481494757992697,0.217391304347826,46.0,12.0,12.0,60.0,28.0,7.0,0.25,1.75,2.0,0.4330127018922193,1.0,1.0,0.4908163265306121,3.0,7.0,3.0,7.0,0.0,3.5,0.5,0.25,0.5
symmetry_xy,8,4,6,408448,70.0,0.1186896439150296,0.7382146815915301,0.1280160616687866,0.0569276970642538,1.740857296614698e-32,-1.2446763846500086,0.0645379083569843,0.8260869565217391,0.0078041018239611,0.0020244488065448,-2.107677072786496,0.047953723240815,0.217391304347826,46.0,12.0,12.0,60.0,28.0,7.0,0.25,1.75,2.0,0.4330127018922193,1.0,1.0,0.4908163265306121,3.0,7.0,3.0,7.0,0.0,3.5,0.5,0.25,0.5
symmetry_xy,8,4,7,408449,70.0,0.130563936687967,0.7326254635090506,0.1323449238995798,0.0633758436828736,1.5976989296871708e-32,-1.1980762461299663,0.0658491564166496,0.8260869565217391,0.0081211186858343,0.0024247109518835,-2.090384142480364,0.04884964550204,0.217391304347826,46.0,12.0,12.0,60.0,28.0,7.0,0.25,1.75,2.0,0.4330127018922193,1.0,1.0,0.4908163265306121,3.0,7.0,3.0,7.0,0.0,3.5,0.5,0.25,0.5
symmetry_xy,8,4,8,408450,70.0,0.1059626712672608,0.7347479660474657,0.1075731401498032,0.0618456985240097,1.3994263964941062e-32,-1.2086905009216862,0.065152270286161,0.8260869565217391,0.0076699033478793,0.0026257286230578,-2.115210108769031,0.047132591112332,0.217391304347826,46.0,12.0,12.0,60.0,28.0,7.0,0.25,1.75,2.0,0.4330127018922193,1.0,1.0,0.4908163265306121,3.0,7.0,3.0,7.0,0.0,3.5,0.5,0.25,0.5
symmetry_xy,8,4,9,408451,70.0,0.1152856476062057,0.7334563351585475,0.1254276798943143,0.0624310773968614,1.4502707239199303e-32,-1.2045991702188898,0.0668582913896733,0.8260869565217391,0.0084880510947897,0.0021746256701011,-2.071192014813779,0.0489964254639227,0.217391304347826,46.0,12.0,12.0,60.0,28.0,7.0,0.25,1.75,2.0,0.4330127018922193,1.0,1.0,0.4908163265306121,3.0,7.0,3.0,7.0,0.0,3.5,0.5,0.25,0.5
symmetry_xy,8,5,0,408542,70.0,0.0885725514702574,0.7841779014714136,0.1014849285156571,0.0553511841983474,1.9999377011763383e-32,-1.2568730832711428,0.0884006238078562,0.6206896551724138,0.0087304134070234,0.0033061273234838,-2.058965190871963,0.0560925576411003,0.1379310344827586,58.0,15.0,15.0,76.0,36.0,7.0,0.25,1.75,2.0,0.4330127018922193,1.0,1.0,0.4908163265306121,3.0,7.0,3.0,7.0,0.0,3.6,0.4898979485566356,0.25,0.6111111111111112
symmetry_xy,8,5,1,408543,70.0,0.084726076587398,0.7437886196120118,0.1058705336337074,0.0555041489511565,2.90888805302079e-32,-1.2556745520260393,0.0863943515946174,0.6206896551724138,0.0084288164075037,0.0035585184163543,-2.0742334056574285,0.0567185483243049,0.1379310344827586,58.0,15.0,15.0,76.0,36.0,7.0,0.25,1.75,2.0,0.4330127018922193,1.0,1.0,0.4908163265306121,3.0,7.0,3.0,7.0,0.0,3.6,0.4898979485566356,0.25,0.6111111111111112
symmetry_xy,8,5,2,408544,70.0,0.0907598236842306,0.7807802673525908,0.1030007112338983,0.0552629589806704,2.2576988273891358e-32,-1.25756586508413,0.0877760823596696,0.6206896551724138,0.00896075750063,0.0036105438833268,-2.047655275556835,0.0576857187807184,0.1379310344827586,58.0,15.0,15.0,76.0,36.0,7.0,0.25,1.75,2.0,0.4330127018922193,1.0,1.0,0.4908163265306121,3.0,7.0,3.0,7.0,0.0,3.6,0.4898979485566356,0.25,0.6111111111111112
symmetry_xy,8,5,3,408545,70.0,0.070551359929662,0.7897895834751207,0.1055082585096529,0.0614465449690296,1.832175290079892e-32,-1.2115025317046173,0.0899058701363464,0.6206896551724138,0.0091701651928013,0.0031902228217227,-2.037622840810252,0.0578214227066895,0.1379310344827586,58.0,15.0,15.0,76.0,36.0,7.0,0.25,1.75,2.0,0.4330127018922193,1.0,1.0,0.4908163265306121,3.0,7.0,3.0,7.0,0.0,3.6,0.4898979485566356,0.25,0.6111111111111112
symmetry_xy,8,5,4,408546,70.0,0.0977715005733725,0.783786352583776,0.1062895918789812,0.0540976183339126,2.834441822331203e-32,-1.2668218544351648,0.0832605771060226,0.6206896551724138,0.0092173885694054,0.003046513523982,-2.0353921039507403,0.0577137482104066,0.1379310344827586,58.0,15.0,15.0,76.0,36.0,7.0,0.25,1.75,2.0,0.4330127018922193,1.0,1.0,0.4908163265306121,3.0,7.0,3.0,7.0,0.0,3.6,0.4898979485566356,0.25,0.6111111111111112
symmetry_xy,8,5,5,408547,70.0,0.0861721929573406,0.7830500669569688,0.101535979570589,0.0561175316983807,1.8502670254825528e-32,-1.250901439449586,0.0849190769918066,0.6206896551724138,0.0095858280017617,0.0043183492870852,-2.0183703678078166,0.0594086153263223,0.1379310344827586,58.0,15.0,15.0,76.0,36.0,7.0,0.25,1.75,2.0,0.4330127018922193,1.0,1.0,0.4908163265306121,3.0,7.0,3.0,7.0,0.0,3.6,0.4898979485566356,0.25,0.6111111111111112
symmetry_xy,8,5,6,408548,70.0,0.0854735489870158,0.7626505380671275,0.101609093665675,0.062279806440111,2.772549459918193e-32,-1.2056527458489772,0.0920865806868256,0.6206896551724138,0.0085432795599906,0.0027204781443236,-2.068375382074961,0.0549865093013502,0.1379310344827586,58.0,15.0,15.0,76.0,36.0,7.0,0.25,1.75,2.0,0.4330127018922193,1.0,1.0,0.4908163265306121,3.0,7.0,3.0,7.0,0.0,3.6,0.4898979485566356,0.25,0.6111111111111112
symmetry_xy,8,5,7,408549,70.0,0.0807546981167516,0.7678130568753808,0.117004155633338,0.0615998184877968,2.059261242497211e-32,-1.2104205675411646,0.0896353780129406,0.6210344827586207,0.0082646339994766,0.0032568295502541,-2.082776374461223,0.0548221815589839,0.1379310344827586,58.0,15.0,15.0,76.0,36.0,7.0,0.25,1.75,2.0,0.4330127018922193,1.0,1.0,0.4908163265306121,3.0,7.0,3.0,7.0,0.0,3.6,0.4898979485566356,0.25,0.6111111111111112
symmetry_xy,8,5,8,408550,70.0,0.0868400307428192,0.7945918219099382,0.0966396206397485,0.0626158261221302,2.588932466819853e-32,-1.2033158851787222,0.0928671052030436,0.6206896551724138,0.0087451590801557,0.0032929382018926,-2.058232286013156,0.0571093947898814,0.1379310344827586,58.0,15.0,15.0,76.0,36.0,7.0,0.25,1.75,2.0,0.4330127018922193,1.0,1.0,0.4908163265306121,3.0,7.0,3.0,7.0,0.0,3.6,0.4898979485566356,0.25,0.6111111111111112
symmetry_xy,8,5,9,408551,70.0,0.0724483359582194,0.7730647474188177,0.0943828357791433,0.0592023898659043,2.0045525459738734e-32,-1.2276607614421895,0.0904617189091573,0.6206896551724138,0.0090105016328827,0.0033588479088385,-2.045251030294129,0.0553901001913468,0.1379310344827586,58.0,15.0,15.0,76.0,36.0,7.0,0.25,1.75,2.0,0.4330127018922193,1.0,1.0,0.4908163265306121,3.0,7.0,3.0,7.0,0.0,3.6,0.4898979485566356,0.25,0.6111111111111112
ttn,4,1,0,304142,16.0,0.2345849231557315,0.4089275348634292,0.2233976909698167,0.0382666304367906,4.359440982044417e-33,-1.4171797778365234,0.0507533288112721,0.9166666666666666,0.0100274432259361,1.2611217913341537e-33,-1.9988097882575533,0.0418287890618187,0.6666666666666666,12.0,2.0,2.0,6.0,2.0,2.0,0.3333333333333333,1.0,1.0,0.0,2.0,0.5,0.3333333333333333,,,1.0,1.0,0.0,2.0,0.0,0.3333333333333333,0.0
ttn,4,1,1,304143,16.0,0.2447133956455515,0.3291391516947493,0.2095304160411316,0.0387059341073033,5.474820673311108e-33,-1.4122224470613989,0.0499816719107155,0.9166666666666666,0.0096780862742804,1.1362302126689216e-33,-2.014210510737735,0.0430718392390458,0.6666666666666666,12.0,2.0,2.0,6.0,2.0,2.0,0.3333333333333333,1.0,1.0,0.0,2.0,0.5,0.3333333333333333,,,1.0,1.0,0.0,2.0,0.0,0.3333333333333333,0.0
ttn,4,1,2,304144,16.0,0.2961816099313322,0.3587746926723347,0.2362516203303196,0.0439521560797285,3.9825060330218564e-33,-1.357019815685515,0.0545965238543712,0.9166666666666666,0.0113574287269646,1.1281076616872781e-33,-1.9447199799003552,0.0453376742693487,0.6666666666666666,12.0,2.0,2.0,6.0,2.0,2.0,0.3333333333333333,1.0,1.0,0.0,2.0,0.5,0.3333333333333333,,,1.0,1.0,0.0,2.0,0.0,0.3333333333333333,0.0
ttn,4,1,3,304145,16.0,0.2547884102406288,0.3566178131389318,0.208986232398683,0.0385626349626888,4.6673984540125036e-33,-1.4138332986629178,0.0509776295180531,0.9166666666666666,0.0095021800448095,1.0186732490176424e-33,-2.0221767449411763,0.0418611212886736,0.6666666666666666,12.0,2.0,2.0,6.0,2.0,2.0,0.3333333333333333,1.0,1.0,0.0,2.0,0.5,0.3333333333333333,,,1.0,1.0,0.0,2.0,0.0,0.3333333333333333,0.0
ttn,4,1,4,304146,16.0,0.2118924275452269,0.4273962138130919,0.2362770881520626,0.040833312910201,3.8626734454403646e-33,-1.3889853832351735,0.0523952907879503,0.9166666666666666,0.0100768903301823,1.3486873417095912e-33,-1.996673467969965,0.0416296331663324,0.6666666666666666,12.0,2.0,2.0,6.0,2.0,2.0,0.3333333333333333,1.0,1.0,0.0,2.0,0.5,0.3333333333333333,,,1.0,1.0,0.0,2.0,0.0,0.3333333333333333,0.0
ttn,4,1,5,304147,16.0,0.2168805556954927,0.3522856235087864,0.239913817462106,0.044182060727428,4.1298398619128895e-33,-1.3547540317493487,0.0551986278974425,0.9166666666666666,0.0089591105725032,1.2259023324530924e-33,-2.047735103354297,0.0416907049541466,0.6666666666666666,12.0,2.0,2.0,6.0,2.0,2.0,0.3333333333333333,1.0,1.0,0.0,2.0,0.5,0.3333333333333333,,,1.0,1.0,0.0,2.0,0.0,0.3333333333333333,0.0
ttn,4,1,6,304148,16.0,0.2090840175403511,0.3698387251126114,0.2224794323529275,0.0425656864971572,4.540881256937298e-33,-1.3709403579365218,0.0543380301637011,0.9166666666666666,0.0104327199266087,1.2210518238519837e-33,-1.9816024513892332,0.0432573261852352,0.6666666666666666,12.0,2.0,2.0,6.0,2.0,2.0,0.3333333333333333,1.0,1.0,0.0,2.0,0.5,0.3333333333333333,,,1.0,1.0,0.0,2.0,0.0,0.3333333333333333,0.0
ttn,4,1,7,304149,16.0,0.2105339865003511,0.3579598037905082,0.2263637697668105,0.0418500594627747,4.214351275550077e-33,-1.3783039206017458,0.0527863348764633,0.9166666666666666,0.0104745359834488,7.52054075119659e-34,-1.9798652069574865,0.0432776936209778,0.6666666666666666,12.0,2.0,2.0,6.0,2.0,2.0,0.3333333333333333,1.0,1.0,0.0,2.0,0.5,0.3333333333333333,,,1.0,1.0,0.0,2.0,0.0,0.3333333333333333,0.0
ttn,4,1,8,304150,16.0,0.2281852261252974,0.3768598224875647,0.2241192412019272,0.045818806278488,3.815619191670528e-33,-1.338956229712724,0.0557264001567914,0.9166666666666666,0.0112413573849965,1.659648794479186e-33,-1.9491812448860608,0.0463856786692168,0.6666666666666666,12.0,2.0,2.0,6.0,2.0,2.0,0.3333333333333333,1.0,1.0,0.0,2.0,0.5,0.3333333333333333,,,1.0,1.0,0.0,2.0,0.0,0.3333333333333333,0.0
ttn,4,1,9,304151,16.0,0.2306172978100062,0.395863230465703,0.2303795415110545,0.041783161527094,4.527053173437367e-33,-1.3789987021770442,0.0537099412581218,0.9166666666666666,0.0099839164035507,8.158492376433694e-34,-2.0006990640427205,0.0428614539653405,0.6666666666666666,12.0,2.0,2.0,6.0,2.0,2.0,0.3333333333333333,1.0,1.0,0.0,2.0,0.5,0.3333333333333333,,,1.0,1.0,0.0,2.0,0.0,0.3333333333333333,0.0
ttn,4,2,0,304242,16.0,0.0713539950495292,0.530462791443577,0.2231161851601156,0.0298875215347729,4.9676692770575766e-33,-1.5245100979550583,0.0566037259487889,0.75,0.0071767094441761,0.0035205731070679,-2.1440746362318523,0.0455253284379299,0.3333333333333333,24.0,4.0,4.0,11.0,3.0,3.0,0.5,1.5,2.0,0.5,1.0,1.0,0.7222222222222222,1.6666666666666667,3.0,1.6666666666666667,3.0,0.0,1.5,0.5,0.5,0.0
ttn,4,2,1,304243,16.0,0.068450526573833,0.5159800676903777,0.2179085473405139,0.0275939494379078,5.683305858904437e-33,-1.5591861358261032,0.0544258960789418,0.75,0.0068165757889374,0.0042264138423288,-2.1664337322970013,0.0461110294208949,0.3333333333333333,24.0,4.0,4.0,11.0,3.0,3.0,0.5,1.5,2.0,0.5,1.0,1.0,0.7222222222222222,1.6666666666666667,3.0,1.6666666666666667,3.0,0.0,1.5,0.5,0.5,0.0
ttn,4,2,2,304244,16.0,0.0695815704473615,0.522338326626086,0.2068543308929573,0.0281853256556473,4.685736970943848e-33,-1.549976942939461,0.0547651400384929,0.75,0.0068166048659359,0.0024981573597163,-2.1664318797608466,0.0452673779544534,0.3333333333333333,24.0,4.0,4.0,11.0,3.0,3.0,0.5,1.5,2.0,0.5,1.0,1.0,0.7222222222222222,1.6666666666666667,3.0,1.6666666666666667,3.0,0.0,1.5,0.5,0.5,0.0
ttn,4,2,3,304245,16.0,0.068330433593689,0.5307841223883648,0.2183364646715382,0.0302244191912094,4.7358580256885314e-33,-1.5196420360247211,0.0560310056936722,0.75,0.0071346323258455,0.002842772420518,-2.1466284027835023,0.046027949844623,0.3333333333333333,24.0,4.0,4.0,11.0,3.0,3.0,0.5,1.5,2.0,0.5,1.0,1.0,0.7222222222222222,1.6666666666666667,3.0,1.6666666666666667,3.0,0.0,1.5,0.5,0.5,0.0
ttn,4,2,4,304246,16.0,0.0682786606564824,0.5183598570966849,0.2146493098062278,0.0297100719646719,5.845334724709461e-33,-1.5270962962332904,0.0556565363796487,0.75,0.0068087266650101,0.0036891311224247,-2.1669341001380804,0.045282739700551,0.3333333333333333,24.0,4.0,4.0,11.0,3.0,3.0,0.5,1.5,2.0,0.5,1.0,1.0,0.7222222222222222,1.6666666666666667,3.0,1.6666666666666667,3.0,0.0,1.5,0.5,0.5,0.0
ttn,4,2,5,304247,16.0,0.0709469096744077,0.5255960363615327,0.2119386296770729,0.029263770003058,5.128541323187003e-33,-1.5336697251671143,0.0547306796625393,0.75,0.0071357196051797,0.0028464839022549,-2.146562223698591,0.0456417740889315,0.3333333333333333,24.0,4.0,4.0,11.0,3.0,3.0,0.5,1.5,2.0,0.5,1.0,1.0,0.7222222222222222,1.6666666666666667,3.0,1.6666666666666667,3.0,0.0,1.5,0.5,0.5,0.0
ttn,4,2,6,304248,16.0,0.073843557937482,0.5116202039656647,0.2365863736009408,0.0320665675494205,5.6528442921905946e-33,-1.4939475250770546,0.0578445759650783,0.75,0.0064036894249846,0.00253087145327,-2.193569739258383,0.0430610716714735,0.3333333333333333,24.0,4.0,4.0,11.0,3.0,3.0,0.5,1.5,2.0,0.5,1.0,1.0,0.7222222222222222,1.6666666666666667,3.0,1.6666666666666667,3.0,0.0,1.5,0.5,0.5,0.0
ttn,4,2,7,304249,16.0,0.0742546665913123,0.5557862866031715,0.2072364386667779,0.0300156762032855,5.2235486834789796e-33,-1.5226518682652097,0.0555560067193501,0.75,0.0069372501880654,0.003863445226938,-2.158812642629348,0.0444394575348201,0.3333333333333333,24.0,4.0,4.0,11.0,3.0,3.0,0.5,1.5,2.0,0.5,1.0,1.0,0.7222222222222222,1.6666666666666667,3.0,1.6666666666666667,3.0,0.0,1.5,0.5,0.5,0.0
ttn,4,2,8,304250,16.0,0.0703219062247117,0.5012597908102291,0.2222024024536622,0.0281781679190082,5.120741703114906e-33,-1.550087247157488,0.0553544007081935,0.75,0.0062084080322186,0.0029284398894651,-2.2070197478842664,0.0439737617938119,0.3333333333333333,24.0,4.0,4.0,11.0,3.0,3.0,0.5,1.5,2.0,0.5,1.0,1.0,0.7222222222222222,1.6666666666666667,3.0,1.6666666666666667,3.0,0.0,1.5,0.5,0.5,0.0
ttn,4,2,9,304251,16.0,0.084055464505863,0.5005199054966641,0.2001888155776184,0.0285381222110088,4.581908871737816e-33,-1.5445746065621766,0.0538840194679872,0.75,0.0069863532435887,0.0034083915603004,-2.155749459370729,0.0449779617018807,0.3333333333333333,24.0,4.0,4.0,11.0,3.0,3.0,0.5,1.5,2.0,0.5,1.0,1.0,0.7222222222222222,1.6666666666666667,3.0,1.6666666666666667,3.0,0.0,1.5,0.5,0.5,0.0
ttn,4,3,0,304342,16.0,0.0223789825612782,0.67190162031828,0.1802750949127939,0.0167564367238167,9.817824427878394e-33,-1.7758183291253276,0.0454326062465477,0.5555555555555556,0.0059261881964338,0.0045854945698499,-2.227224560858845,0.0467821397891504,0.2222222222222222,36.0,6.0,6.0,17.0,5.0,3.0,0.5,1.5,2.0,0.5,1.0,1.0,0.7222222222222222,1.6666666666666667,3.0,1.6666666666666667,3.0,0.0,1.6666666666666667,0.4714045207910317,0.5,0.4
ttn,4,3,1,304343,16.0,0.0156789616226793,0.620978119667149,0.1759325091999736,0.0197075896974813,6.280288402710625e-33,-1.7053664881047936,0.0503156579286951,0.5555555555555556,0.0048793994025683,0.0035113989821912,-2.3116336313175188,0.0424820646009984,0.2222222222222222,36.0,6.0,6.0,17.0,5.0,3.0,0.5,1.5,2.0,0.5,1.0,1.0,0.7222222222222222,1.6666666666666667,3.0,1.6666666666666667,3.0,0.0,1.6666666666666667,0.4714045207910317,0.5,0.4
ttn,4,3,2,304344,16.0,0.0218089479812251,0.6734851465552198,0.1595004128401203,0.0169430981579521,5.020505005105218e-33,-1.7710071731152777,0.0456468547942818,0.5555555555555556,0.0058840296108057,0.004046290896114,-2.2303251503943424,0.0461375332317158,0.2222222222222222,36.0,6.0,6.0,17.0,5.0,3.0,0.5,1.5,2.0,0.5,1.0,1.0,0.7222222222222222,1.6666666666666667,3.0,1.6666666666666667,3.0,0.0,1.6666666666666667,0.4714045207910317,0.5,0.4
ttn,4,3,3,304345,16.0,0.0151612761012318,0.6327006595120599,0.188913254606722,0.0177449707902867,6.447310508769922e-33,-1.7509247112010171,0.0467093373614103,0.5555555555555556,0.0062502747079167,0.00437130539913,-2.2041008944142377,0.0461933277354397,0.2222222222222222,36.0,6.0,6.0,17.0,5.0,3.0,0.5,1.5,2.0,0.5,1.0,1.0,0.7222222222222222,1.6666666666666667,3.0,1.6666666666666667,3.0,0.0,1.6666666666666667,0.4714045207910317,0.5,0.4
ttn,4,3,4,304346,16.0,0.0157729797887527,0.6226815329034965,0.1827786940700368,0.015624800861391,6.227488270744752e-33,-1.8061855090462964,0.0434938794408488,0.5555555555555556,0.0054055936697944,0.004577983514912,-2.2671566026621384,0.0448566728456733,0.2222222222222222,36.0,6.0,6.0,17.0,5.0,3.0,0.5,1.5,2.0,0.5,1.0,1.0,0.7222222222222222,1.6666666666666667,3.0,1.6666666666666667,3.0,0.0,1.6666666666666667,0.4714045207910317,0.5,0.4
ttn,4,3,5,304347,16.0,0.013809185086893,0.6223252517912845,0.1841055715783044,0.0189013967930593,4.7015367075715125e-33,-1.7235061007419297,0.0492523126838036,0.5555555555555556,0.0053243451785581,0.0044304155826925,-2.273733796870604,0.0435420103361667,0.2222222222222222,36.0,6.0,6.0,17.0,5.0,3.0,0.5,1.5,2.0,0.5,1.0,1.0,0.7222222222222222,1.6666666666666667,3.0,1.6666666666666667,3.0,0.0,1.6666666666666667,0.4714045207910317,0.5,0.4
ttn,4,3,6,304348,16.0,0.0157553418280041,0.6296571856668721,0.1596873902384428,0.0167264159806273,6.359830224954783e-33,-1.776597106651758,0.0467839956266125,0.5555555555555556,0.0053832967549447,0.0040692968644454,-2.26895167898374,0.0434105171964905,0.2222222222222222,36.0,6.0,6.0,17.0,5.0,3.0,0.5,1.5,2.0,0.5,1.0,1.0,0.7222222222222222,1.6666666666666667,3.0,1.6666666666666667,3.0,0.0,1.6666666666666667,0.4714045207910317,0.5,0.4
ttn,4,3,7,304349,16.0,0.0145144553744709,0.645905638518938,0.1593779582165249,0.0174901778116263,5.8784362455647e-33,-1.7572057753003043,0.047520543099046,0.5555555555555556,0.0057635782633899,0.0049267912249622,-2.239307805197302,0.0458969162752263,0.2222222222222222,36.0,6.0,6.0,17.0,5.0,3.0,0.5,1.5,2.0,0.5,1.0,1.0,0.7222222222222222,1.6666666666666667,3.0,1.6666666666666667,3.0,0.0,1.6666666666666667,0.4714045207910317,0.5,0.4
ttn,4,3,8,304350,16.0,0.0242369968152962,0.638865462042523,0.1843041756754654,0.0169711898566969,5.6432255006388865e-33,-1.7702877080604844,0.04569292237669,0.5555555555555556,0.0055854378574493,0.0047022111908723,-2.252942775704972,0.0450235521799652,0.2222222222222222,36.0,6.0,6.0,17.0,5.0,3.0,0.5,1.5,2.0,0.5,1.0,1.0,0.7222222222222222,1.6666666666666667,3.0,1.6666666666666667,3.0,0.0,1.6666666666666667,0.4714045207910317,0.5,0.4
ttn,4,3,9,304351,16.0,0.0183440557855265,0.6246847214703293,0.1809526817345974,0.0178585617334403,4.9134884181658575e-33,-1.748153520608866,0.0500937243718464,0.5555555555555556,0.0054928168082581,0.0044506183088206,-2.2602048849562992,0.0436584828526229,0.2222222222222222,36.0,6.0,6.0,17.0,5.0,3.0,0.5,1.5,2.0,0.5,1.0,1.0,0.7222222222222222,1.6666666666666667,3.0,1.6666666666666667,3.0,0.0,1.6666666666666667,0.4714045207910317,0.5,0.4
ttn,4,4,0,304442,16.0,0.0058786450378887,0.6137790320639502,0.1755714818737468,0.0164117338170907,0.0024714359798686,-1.7848455354966262,0.0583922828377362,0.4791666666666667,0.0058666363693038,0.0053103488421508,-2.2316108297483765,0.050929414070131,0.1666666666666666,48.0,8.0,8.0,22.0,6.0,3.0,0.5,1.5,2.0,0.5,1.0,1.0,0.7222222222222222,1.6666666666666667,3.0,1.6666666666666667,3.0,0.0,1.5,0.5,0.5,0.5
ttn,4,4,1,304443,16.0,0.0103550255402501,0.6353939169030848,0.1429760828676456,0.0205319414192033,0.0034263595121181,-1.68756998351867,0.0666761537493034,0.4791666666666667,0.0058572179012466,0.005557738108406,-2.2323086189720853,0.0509503712897167,0.1666666666666666,48.0,8.0,8.0,22.0,6.0,3.0,0.5,1.5,2.0,0.5,1.0,1.0,0.7222222222222222,1.6666666666666667,3.0,1.6666666666666667,3.0,0.0,1.5,0.5,0.5,0.5
ttn,4,4,2,304444,16.0,0.0111383745302151,0.6711212253732606,0.1526788637846156,0.021046156412796,0.0036453394193047,-1.6768272062952347,0.0649200045458317,0.4791666666666667,0.0058555870001024,0.0054148687035213,-2.2324295620558345,0.051253294802739,0.1666666666666666,48.0,8.0,8.0,22.0,6.0,3.0,0.5,1.5,2.0,0.5,1.0,1.0,0.7222222222222222,1.6666666666666667,3.0,1.6666666666666667,3.0,0.0,1.5,0.5,0.5,0.5
ttn,4,4,3,304445,16.0,0.004981712562369,0.6504114140231669,0.163872039801154,0.0183515464737474,0.0026786829002312,-1.7363273321358483,0.0610127750573405,0.4791666666666667,0.0062134911137994,0.0062237310483182,-2.2066643184319927,0.052534581971792,0.1666666666666666,48.0,8.0,8.0,22.0,6.0,3.0,0.5,1.5,2.0,0.5,1.0,1.0,0.7222222222222222,1.6666666666666667,3.0,1.6666666666666667,3.0,0.0,1.5,0.5,0.5,0.5
ttn,4,4,4,304446,16.0,0.0047299004756053,0.6736835823693308,0.1447220280231879,0.0191743302215863,0.0034409763088423,-1.7172797974519656,0.062124742160444,0.4791666666666667,0.006446228399923,0.0062596165036827,-2.190694310820433,0.0536360140665629,0.1666666666666666,48.0,8.0,8.0,22.0,6.0,3.0,0.5,1.5,2.0,0.5,1.0,1.0,0.7222222222222222,1.6666666666666667,3.0,1.6666666666666667,3.0,0.0,1.5,0.5,0.5,0.5
ttn,4,4,5,304447,16.0,0.0029043161554507,0.681810997068727,0.1502475282969327,0.019020905554259,0.002424033591211,-1.7207688108551775,0.0622534546372369,0.4791666666666667,0.0061142044997225,0.0057357821154086,-2.2136600396668817,0.0526397471502673,0.1666666666666666,48.0,8.0,8.0,22.0,6.0,3.0,0.5,1.5,2.0,0.5,1.0,1.0,0.7222222222222222,1.6666666666666667,3.0,1.6666666666666667,3.0,0.0,1.5,0.5,0.5,0.5
ttn,4,4,6,304448,16.0,0.0073981268136329,0.6741623845888179,0.1578459030126568,0.0200103105502948,0.0043517215648755,-1.6987461712721934,0.0634169071748887,0.4791666666666667,0.0066809109362691,0.0062551206354238,-2.1751643178204128,0.055194267591643,0.1666666666666666,48.0,8.0,8.0,22.0,6.0,3.0,0.5,1.5,2.0,0.5,1.0,1.0,0.7222222222222222,1.6666666666666667,3.0,1.6666666666666667,3.0,0.0,1.5,0.5,0.5,0.5
ttn,4,4,7,304449,16.0,0.0065406280901634,0.6616226568139778,0.158010444648174,0.0201858036272408,0.004312440121993,-1.6949539559921467,0.0650458678268086,0.4791666666666667,0.0061546584358468,0.0064067669599741,-2.210796044039411,0.0533164683687123,0.1666666666666666,48.0,8.0,8.0,22.0,6.0,3.0,0.5,1.5,2.0,0.5,1.0,1.0,0.7222222222222222,1.6666666666666667,3.0,1.6666666666666667,3.0,0.0,1.5,0.5,0.5,0.5
ttn,4,4,8,304450,16.0,0.0092880707653277,0.6603479830009601,0.1545663044645992,0.0189370545015668,0.0031879809770611,-1.7226875709080487,0.0616831710222557,0.4791666666666667,0.0059257697372437,0.0063791340246733,-2.2272552282841365,0.0513374690358889,0.1666666666666666,48.0,8.0,8.0,22.0,6.0,3.0,0.5,1.5,2.0,0.5,1.0,1.0,0.7222222222222222,1.6666666666666667,3.0,1.6666666666666667,3.0,0.0,1.5,0.5,0.5,0.5
ttn,4,4,9,304451,16.0,0.0054611617821463,0.6877397877152072,0.158298696232068,0.0179042392198625,0.0045767640742448,-1.7470441281363112,0.0602566209177937,0.4791666666666667,0.0062920112270079,0.0067905891363847,-2.2012105111245184,0.053162585055636,0.1666666666666666,48.0,8.0,8.0,22.0,6.0,3.0,0.5,1.5,2.0,0.5,1.0,1.0,0.7222222222222222,1.6666666666666667,3.0,1.6666666666666667,3.0,0.0,1.5,0.5,0.5,0.5
ttn,4,5,0,304542,16.0,0.0045538062254967,0.7285070281716608,0.1404082590048196,0.0196884055296881,0.0154577863061749,-1.7057894538820528,0.0785390747505659,0.3333333333333333,0.0055774017614287,0.0050202162263269,-2.2535680705008985,0.050895431942041,0.1333333333333333,60.0,10.0,10.0,28.0,8.0,3.0,0.5,1.5,2.0,0.5,1.0,1.0,0.7222222222222222,1.6666666666666667,3.0,1.6666666666666667,3.0,0.0,1.6,0.4898979485566356,0.5,0.625
ttn,4,5,1,304543,16.0,0.0036834258751878,0.7257969008801796,0.1379526897848546,0.0203465823772725,0.0186135993509316,-1.6915085289124798,0.0789138883651976,0.3333333333333333,0.0057168474582028,0.0048250566218251,-2.242843395846706,0.0505957115834495,0.1333333333333333,60.0,10.0,10.0,28.0,8.0,3.0,0.5,1.5,2.0,0.5,1.0,1.0,0.7222222222222222,1.6666666666666667,3.0,1.6666666666666667,3.0,0.0,1.6,0.4898979485566356,0.5,0.625
ttn,4,5,2,304544,16.0,0.0033611385165313,0.7358265921527736,0.1412677186833477,0.0187399900518915,0.0148782482311417,-1.7272306439930505,0.0751583843237194,0.3333333333333333,0.0056912961241889,0.0054781111175088,-2.244788817000103,0.0512145275939209,0.1333333333333333,60.0,10.0,10.0,28.0,8.0,3.0,0.5,1.5,2.0,0.5,1.0,1.0,0.7222222222222222,1.6666666666666667,3.0,1.6666666666666667,3.0,0.0,1.6,0.4898979485566356,0.5,0.625
ttn,4,5,3,304545,16.0,0.0045316130178788,0.7275426448609794,0.1400586854564387,0.019636164722535,0.017967031007583,-1.706943333376611,0.0760325440927282,0.3333333333333333,0.0054310803273102,0.0048140858672092,-2.2651137738139617,0.0501430734012701,0.1333333333333333,60.0,10.0,10.0,28.0,8.0,3.0,0.5,1.5,2.0,0.5,1.0,1.0,0.7222222222222222,1.6666666666666667,3.0,1.6666666666666667,3.0,0.0,1.6,0.4898979485566356,0.5,0.625
ttn,4,5,4,304546,16.0,0.0035828327438028,0.7007151768321598,0.1489465942321743,0.0196492260640905,0.0173961872741424,-1.7066545507701891,0.07803341339364,0.3333333333333333,0.0055882134043602,0.0052559245264688,-2.252727017273966,0.0515091995542692,0.1333333333333333,60.0,10.0,10.0,28.0,8.0,3.0,0.5,1.5,2.0,0.5,1.0,1.0,0.7222222222222222,1.6666666666666667,3.0,1.6666666666666667,3.0,0.0,1.6,0.4898979485566356,0.5,0.625
ttn,4,5,5,304547,16.0,0.0042064701893143,0.7266849025044355,0.1197732532992872,0.0208315960814352,0.0172749559390536,-1.681277453873446,0.0794009604184689,0.3333333333333333,0.0054143895532349,0.0055211485426091,-2.2664505009234546,0.0497526000762376,0.1333333333333333,60.0,10.0,10.0,28.0,8.0,3.0,0.5,1.5,2.0,0.5,1.0,1.0,0.7222222222222222,1.6666666666666667,3.0,1.6666666666666667,3.0,0.0,1.6,0.4898979485566356,0.5,0.625
ttn,4,5,6,304548,16.0,0.0028115188245866,0.6997130954798091,0.163844313256141,0.0204648827854915,0.0178939783213809,-1.6889907384733895,0.0790867180028545,0.3333333333333333,0.0055158018285266,0.0054954164097442,-2.2583913455279845,0.0510094147617726,0.1333333333333333,60.0,10.0,10.0,28.0,8.0,3.0,0.5,1.5,2.0,0.5,1.0,1.0,0.7222222222222222,1.6666666666666667,3.0,1.6666666666666667,3.0,0.0,1.6,0.4898979485566356,0.5,0.625
ttn,4,5,7,304549,16.0,0.0042932519866885,0.7091744215245138,0.1490631051923362,0.0206214271962974,0.0177348727458972,-1.685681280758259,0.076911046573073,0.3333333333333333,0.0060115501140877,0.0055188852647098,-2.221013528131687,0.0533165134892709,0.1333333333333333,60.0,10.0,10.0,28.0,8.0,3.0,0.5,1.5,2.0,0.5,1.0,1.0,0.7222222222222222,1.6666666666666667,3.0,1.6666666666666667,3.0,0.0,1.6,0.4898979485566356,0.5,0.625
ttn,4,5,8,304550,16.0,0.0040145148744129,0.7068113914945968,0.1493977792841347,0.0200077769111939,0.0178985687574386,-1.698801163679471,0.0791883976087061,0.3333333333333333,0.0058698203031522,0.0056926168674549,-2.2313751939046784,0.0520834136326387,0.1333333333333333,60.0,10.0,10.0,28.0,8.0,3.0,0.5,1.5,2.0,0.5,1.0,1.0,0.7222222222222222,1.6666666666666667,3.0,1.6666666666666667,3.0,0.0,1.6,0.4898979485566356,0.5,0.625
ttn,4,5,9,304551,16.0,0.0022707786054561,0.7316244673702812,0.1396623865786246,0.0186815962977286,0.0173404447028098,-1.7285860170954688,0.0750733322287889,0.3333333333333333,0.0054078053760661,0.0056738674078298,-2.266978946804119,0.0497747574956092,0.1333333333333333,60.0,10.0,10.0,28.0,8.0,3.0,0.5,1.5,2.0,0.5,1.0,1.0,0.7222222222222222,1.6666666666666667,3.0,1.6666666666666667,3.0,0.0,1.6,0.4898979485566356,0.5,0.625
ttn,6,1,0,306142,64.0,0.1910216547176975,0.3839248917040761,0.1997195675130041,0.0297104747361981,5.9738558760842884e-33,-1.527090408658672,0.0359258341884301,0.9444444444444444,0.005122146031857,7.727776008293148e-34,-2.2905480440000314,0.0303412855689236,0.6666666666666666,18.0,2.0,2.0,9.0,3.0,3.0,0.2,1.0,1.0,0.0,3.0,0.3333333333333333,0.2,,,1.0,1.0,0.0,3.0,0.0,0.2,0.0
ttn,6,1,1,306143,64.0,0.2204478117007368,0.362604908401696,0.1998587783287555,0.0297531072440549,4.352144735914684e-33,-1.5264676723394768,0.0368159137770798,0.9444444444444444,0.0049210497091261,8.045374777691554e-34,-2.3079422479937297,0.0294378753267391,0.6666666666666666,18.0,2.0,2.0,9.0,3.0,3.0,0.2,1.0,1.0,0.0,3.0,0.3333333333333333,0.2,,,1.0,1.0,0.0,3.0,0.0,0.2,0.0
ttn,6,1,2,306144,64.0,0.2533884808511315,0.3792064598814915,0.1888154899340947,0.0283726507658061,4.497967292912942e-33,-1.5471000875674292,0.0356742846700285,0.9444444444444444,0.0044372413812205,6.993040627889e-34,-2.352886945482061,0.0282563268585273,0.6666666666666666,18.0,2.0,2.0,9.0,3.0,3.0,0.2,1.0,1.0,0.0,3.0,0.3333333333333333,0.2,,,1.0,1.0,0.0,3.0,0.0,0.2,0.0
ttn,6,1,3,306145,64.0,0.210407864753256,0.3762389388023802,0.1623261587876572,0.0302406588277969,4.908184399197254e-33,-1.5194087514591927,0.0374199407239831,0.9444444444444444,0.0045798825145172,6.461993938665952e-34,-2.339145662596854,0.0283834489852246,0.6666666666666666,18.0,2.0,2.0,9.0,3.0,3.0,0.2,1.0,1.0,0.0,3.0,0.3333333333333333,0.2,,,1.0,1.0,0.0,3.0,0.0,0.2,0.0
ttn,6,1,4,306146,64.0,0.2085491960347016,0.3682966030682351,0.1929700953335037,0.0261268206187794,5.0513607707939235e-33,-1.5829134364927588,0.0343011973245246,0.9444444444444444,0.0045852168742235,7.14751510729766e-34,-2.338640117998094,0.0283803311695679,0.6666666666666666,18.0,2.0,2.0,9.0,3.0,3.0,0.2,1.0,1.0,0.0,3.0,0.3333333333333333,0.2,,,1.0,1.0,0.0,3.0,0.0,0.2,0.0
ttn,6,1,5,306147,64.0,0.2260303488080821,0.382943582004935,0.1828600714799133,0.0270488666585523,5.6620368806475524e-33,-1.5678509270176082,0.034282354448834,0.9444444444444444,0.0051273023655689,8.884378476707714e-34,-2.2901110707347336,0.0312269523995341,0.6666666666666666,18.0,2.0,2.0,9.0,3.0,3.0,0.2,1.0,1.0,0.0,3.0,0.3333333333333333,0.2,,,1.0,1.0,0.0,3.0,0.0,0.2,0.0
ttn,6,1,6,306148,64.0,0.207263098409544,0.3676872840943725,0.1747791280771115,0.0282415063206823,4.721295717717213e-33,-1.5491121429844763,0.0356443979202065,0.9444444444444444,0.0044741892512549,7.735757781460402e-34,-2.3492856498689303,0.0287997189107492,0.6666666666666666,18.0,2.0,2.0,9.0,3.0,3.0,0.2,1.0,1.0,0.0,3.0,0.3333333333333333,0.2,,,1.0,1.0,0.0,3.0,0.0,0.2,0.0
ttn,6,1,7,306149,64.0,0.2233794851278707,0.4054513049179022,0.1821710099809529,0.0300904827218517,5.2944374798894695e-33,-1.5215708451028929,0.0373224515765613,0.9444444444444444,0.0044873420081223,8.600193289174794e-34,-2.3480108289336337,0.0287735635697336,0.6666666666666666,18.0,2.0,2.0,9.0,3.0,3.0,0.2,1.0,1.0,0.0,3.0,0.3333333333333333,0.2,,,1.0,1.0,0.0,3.0,0.0,0.2,0.0
ttn,6,1,8,306150,64.0,0.2005734249770004,0.354194170651829,0.1809773544094723,0.0282206363677834,5.381363891394542e-33,-1.5494331972471305,0.0360504272869894,0.9444444444444444,0.0046123303867916,7.765036144288817e-34,-2.336079591225266,0.0288454122949674,0.6666666666666666,18.0,2.0,2.0,9.0,3.0,3.0,0.2,1.0,1.0,0.0,3.0,0.3333333333333333,0.2,,,1.0,1.0,0.0,3.0,0.0,0.2,0.0
ttn,6,1,9,306151,64.0,0.2243082742245373,0.3742576454375408,0.1928703378614752,0.0282707340509447,4.370178686430013e-33,-1.5486629148873483,0.0356417922478911,0.9444444444444444,0.0045823447216555,8.067725939616914e-34,-2.3389122427150597,0.0284807573978234,0.6666666666666666,18.0,2.0,2.0,9.0,3.0,3.0,0.2,1.0,1.0,0.0,3.0,0.3333333333333333,0.2,,,1.0,1.0,0.0,3.0,0.0,0.2,0.0
ttn,6,2,0,306242,64.0,0.0934179812329952,0.5202084687424968,0.1752283776464504,0.0200379584538989,4.277135485003198e-33,-1.6981465281826102,0.0379862574708378,0.8333333333333334,0.0030863832967594,0.0017769974338331,-2.5105501400581542,0.031122252221667,0.3333333333333333,36.0,4.0,4.0,16.0,4.0,4.0,0.2666666666666666,1.3333333333333333,2.0,0.4714045207910317,2.0,0.6666666666666666,0.3555555555555555,,,1.6666666666666667,3.0,0.0,2.0,1.0,0.2666666666666666,0.0
ttn,6,2,1,306243,64.0,0.076040376141555,0.4899267158812614,0.1876112723525773,0.0182853748952707,4.920162109452499e-33,-1.7378961311269585,0.0349314927854498,0.8333333333333334,0.0029706859303029,0.0011984099647468,-2.527143260665658,0.0304513381378093,0.3333333333333333,36.0,4.0,4.0,16.0,4.0,4.0,0.2666666666666666,1.3333333333333333,2.0,0.4714045207910317,2.0,0.6666666666666666,0.3555555555555555,,,1.6666666666666667,3.0,0.0,2.0,1.0,0.2666666666666666,0.0
ttn,6,2,2,306244,64.0,0.0823461560700877,0.4844359869017812,0.1629810836046786,0.0193190563142617,4.361713704527469e-33,-1.7140140915601914,0.0373012776275667,0.8333333333333334,0.0030184566051506,0.001447578477441,-2.5202150634013982,0.0305140326699821,0.3333333333333333,36.0,4.0,4.0,16.0,4.0,4.0,0.2666666666666666,1.3333333333333333,2.0,0.4714045207910317,2.0,0.6666666666666666,0.3555555555555555,,,1.6666666666666667,3.0,0.0,2.0,1.0,0.2666666666666666,0.0
ttn,6,2,3,306245,64.0,0.0896591408811111,0.4874903564652332,0.1645367356393072,0.0194339103181461,4.539094438447901e-33,-1.7114398057445004,0.036961018852311,0.8333333333333334,0.003035783330022,0.0013651815076496,-2.517729228143402,0.0313519474256346,0.3333333333333333,36.0,4.0,4.0,16.0,4.0,4.0,0.2666666666666666,1.3333333333333333,2.0,0.4714045207910317,2.0,0.6666666666666666,0.3555555555555555,,,1.6666666666666667,3.0,0.0,2.0,1.0,0.2666666666666666,0.0
ttn,6,2,4,306246,64.0,0.0797929963777519,0.4931783559697374,0.1720747194299104,0.0174850008415469,5.365078872257551e-33,-1.7573343424522945,0.0357702117739758,0.8333333333333334,0.0032210351398346,0.0018205566475747,-2.4920045372253083,0.0321019756148216,0.3333333333333333,36.0,4.0,4.0,16.0,4.0,4.0,0.2666666666666666,1.3333333333333333,2.0,0.4714045207910317,2.0,0.6666666666666666,0.3555555555555555,,,1.6666666666666667,3.0,0.0,2.0,1.0,0.2666666666666666,0.0
ttn,6,2,5,306247,64.0,0.0911926888939503,0.4845435595777291,0.1556015818501128,0.0193065143515353,3.6678300414406914e-33,-1.714296127802084,0.0365486254721532,0.8333333333333334,0.0029780131025178,0.0016702007960277,-2.526073395791814,0.0307098401138344,0.3333333333333333,36.0,4.0,4.0,16.0,4.0,4.0,0.2666666666666666,1.3333333333333333,2.0,0.4714045207910317,2.0,0.6666666666666666,0.3555555555555555,,,1.6666666666666667,3.0,0.0,2.0,1.0,0.2666666666666666,0.0
ttn,6,2,6,306248,64.0,0.0963171532657715,0.4654438420018639,0.1811826648135255,0.0185943640228168,5.311930548066405e-33,-1.7306186710885323,0.0365203357779073,0.8333333333333334,0.0033352903245405,0.0020965513098181,-2.4768663563926885,0.0327036299549597,0.3333333333333333,36.0,4.0,4.0,16.0,4.0,4.0,0.2666666666666666,1.3333333333333333,2.0,0.4714045207910317,2.0,0.6666666666666666,0.3555555555555555,,,1.6666666666666667,3.0,0.0,2.0,1.0,0.2666666666666666,0.0
ttn,6,2,7,306249,64.0,0.0892218075771,0.4957308752803938,0.1857911329271067,0.0192894605628101,4.891658858842368e-33,-1.714679917398659,0.0371583041546147,0.8333333333333334,0.0031330832994852,0.0016004704859743,-2.50402805834974,0.0311455168273793,0.3333333333333333,36.0,4.0,4.0,16.0,4.0,4.0,0.2666666666666666,1.3333333333333333,2.0,0.4714045207910317,2.0,0.6666666666666666,0.3555555555555555,,,1.6666666666666667,3.0,0.0,2.0,1.0,0.2666666666666666,0.0
ttn,6,2,8,306250,64.0,0.0921457296870691,0.5043366436468056,0.1658869000346997,0.0181727055552342,5.135562350864473e-33,-1.7405804100482278,0.035575212401833,0.8333333333333334,0.003050206831188,0.0015368654284652,-2.515670710621057,0.0310801003766415,0.3333333333333333,36.0,4.0,4.0,16.0,4.0,4.0,0.2666666666666666,1.3333333333333333,2.0,0.4714045207910317,2.0,0.6666666666666666,0.3555555555555555,,,1.6666666666666667,3.0,0.0,2.0,1.0,0.2666666666666666,0.0
ttn,6,2,9,306251,64.0,0.100198065287723,0.4801762753722009,0.1792111372339921,0.0188370247779687,5.0539771651158255e-33,-1.7249876909564985,0.0352738927231947,0.8333333333333334,0.0031651787575155,0.0017061212578026,-2.4996017576180822,0.0318159276523913,0.3333333333333333,36.0,4.0,4.0,16.0,4.0,4.0,0.2666666666666666,1.3333333333333333,2.0,0.4714045207910317,2.0,0.6666666666666666,0.3555555555555555,,,1.6666666666666667,3.0,0.0,2.0,1.0,0.2666666666666666,0.0
ttn,6,3,0,306342,64.0,0.0562197145092694,0.5589830639869666,0.1627298760226698,0.0128148390679596,4.4405623694907486e-33,-1.8922868434271367,0.0337930476094972,0.7037037037037037,0.0024438097975354,0.002176739744724,-2.611932598386621,0.0298522194971205,0.2222222222222222,54.0,6.0,6.0,23.0,5.0,5.0,0.3333333333333333,1.6666666666666667,3.0,0.74535599249993,1.0,1.0,0.6055555555555555,2.066666666666667,4.0,2.066666666666667,4.0,0.0,1.6666666666666667,0.9428090415820634,0.3333333333333333,0.0
ttn,6,3,1,306343,64.0,0.0637111680876393,0.5428536888877289,0.1601202761439252,0.0107282875915407,4.064175825213888e-33,-1.9694695929356243,0.0301093880161797,0.7037037037037037,0.0027593115708232,0.00235206782516,-2.559199257893618,0.0314309012155616,0.2222222222222222,54.0,6.0,6.0,23.0,5.0,5.0,0.3333333333333333,1.6666666666666667,3.0,0.74535599249993,1.0,1.0,0.6055555555555555,2.066666666666667,4.0,2.066666666666667,4.0,0.0,1.6666666666666667,0.9428090415820634,0.3333333333333333,0.0
ttn,6,3,2,306344,64.0,0.0543533172436795,0.5858366416703122,0.1458166206983415,0.0113316106405499,3.709952936623437e-33,-1.9457083564570803,0.0309949133029587,0.7037037037037037,0.0026236845973246,0.0017846343738784,-2.581088374279016,0.030433311471775,0.2222222222222222,54.0,6.0,6.0,23.0,5.0,5.0,0.3333333333333333,1.6666666666666667,3.0,0.74535599249993,1.0,1.0,0.6055555555555555,2.066666666666667,4.0,2.066666666666667,4.0,0.0,1.6666666666666667,0.9428090415820634,0.3333333333333333,0.0
ttn,6,3,3,306345,64.0,0.0485065307957795,0.5632525772265516,0.1647968505287987,0.0114954213677115,3.8586883228483526e-33,-1.9394751049237984,0.0328917006451949,0.7037037037037037,0.0027068703091589,0.0022402676135561,-2.5675325515312664,0.0307453800392733,0.2222222222222222,54.0,6.0,6.0,23.0,5.0,5.0,0.3333333333333333,1.6666666666666667,3.0,0.74535599249993,1.0,1.0,0.6055555555555555,2.066666666666667,4.0,2.066666666666667,4.0,0.0,1.6666666666666667,0.9428090415820634,0.3333333333333333,0.0
ttn,6,3,4,306346,64.0,0.0684945780121176,0.5562348400450335,0.1492943339118966,0.0121322482387072,4.033633066032008e-33,-1.9160587121432897,0.0326822468212915,0.7037037037037037,0.0025612453839681,0.0020428745928637,-2.591548811301915,0.0301496395518631,0.2222222222222222,54.0,6.0,6.0,23.0,5.0,5.0,0.3333333333333333,1.6666666666666667,3.0,0.74535599249993,1.0,1.0,0.6055555555555555,2.066666666666667,4.0,2.066666666666667,4.0,0.0,1.6666666666666667,0.9428090415820634,0.3333333333333333,0.0
ttn,6,3,5,306347,64.0,0.0591444435807836,0.5504150322644901,0.1640441877657875,0.0130300126446343,3.791484126183282e-33,-1.8850551628375116,0.0341213476028232,0.7037037037037037,0.0025833235527787,0.002346832414651,-2.587821196464549,0.0308002421876589,0.2222222222222222,54.0,6.0,6.0,23.0,5.0,5.0,0.3333333333333333,1.6666666666666667,3.0,0.74535599249993,1.0,1.0,0.6055555555555555,2.066666666666667,4.0,2.066666666666667,4.0,0.0,1.6666666666666667,0.9428090415820634,0.3333333333333333,0.0
ttn,6,3,6,306348,64.0,0.0518937186490308,0.5443165669410482,0.147942803658582,0.0116404836660104,4.852533518126021e-33,-1.9340289742294745,0.0314518018316734,0.7037037037037037,0.0026268215257037,0.0024620239014701,-2.580569433508224,0.0315472769474568,0.2222222222222222,54.0,6.0,6.0,23.0,5.0,5.0,0.3333333333333333,1.6666666666666667,3.0,0.74535599249993,1.0,1.0,0.6055555555555555,2.066666666666667,4.0,2.066666666666667,4.0,0.0,1.6666666666666667,0.9428090415820634,0.3333333333333333,0.0
ttn,6,3,7,306349,64.0,0.0572444113250064,0.5818387776141887,0.1554646996271863,0.0109152567668403,4.163305960321425e-33,-1.9619660436369029,0.0310423578998329,0.7037037037037037,0.0025902078864606,0.0018917508442158,-2.5866653786524947,0.029542266054595,0.2222222222222222,54.0,6.0,6.0,23.0,5.0,5.0,0.3333333333333333,1.6666666666666667,3.0,0.74535599249993,1.0,1.0,0.6055555555555555,2.066666666666667,4.0,2.066666666666667,4.0,0.0,1.6666666666666667,0.9428090415820634,0.3333333333333333,0.0
ttn,6,3,8,306350,64.0,0.0605437220120536,0.5398644548519611,0.1538464530250468,0.0106074624461584,4.614028420027733e-33,-1.9743884971012984,0.0289418242090047,0.7037037037037037,0.0022935727707103,0.0020945811663543,-2.639487475973872,0.0283699339424372,0.2222222222222222,54.0,6.0,6.0,23.0,5.0,5.0,0.3333333333333333,1.6666666666666667,3.0,0.74535599249993,1.0,1.0,0.6055555555555555,2.066666666666667,4.0,2.066666666666667,4.0,0.0,1.6666666666666667,0.9428090415820634,0.3333333333333333,0.0
ttn,6,3,9,306351,64.0,0.0474766150217886,0.5728714254446523,0.1514482282939384,0.0123729436491169,4.8198338500747515e-33,-1.907526965004458,0.0333072364220536,0.7037037037037037,0.0024781310687174,0.0019591756547566,-2.60587572745334,0.0293948983793984,0.2222222222222222,54.0,6.0,6.0,23.0,5.0,5.0,0.3333333333333333,1.6666666666666667,3.0,0.74535599249993,1.0,1.0,0.6055555555555555,2.066666666666667,4.0,2.066666666666667,4.0,0.0,1.6666666666666667,0.9428090415820634,0.3333333333333333,0.0
ttn,6,4,0,306442,64.0,0.0302664918724888,0.707794271327384,0.1433029452965683,0.0074186746861845,4.19296845032111e-33,-2.129673672603168,0.0266241342738507,0.5972222222222222,0.0019719945847004,0.0015440378836523,-2.705094282010388,0.0261334573573445,0.1666666666666666,72.0,8.0,8.0,32.0,8.0,5.0,0.3333333333333333,1.6666666666666667,3.0,0.74535599249993,1.0,1.0,0.6055555555555555,2.066666666666667,4.0,2.066666666666667,4.0,0.0,2.0,1.0,0.3333333333333333,0.375
ttn,6,4,1,306443,64.0,0.0201621204380524,0.7088775851035458,0.1116050341400291,0.007328715608942,4.509960681389744e-33,-2.134972130792036,0.0265723878406784,0.5972222222222222,0.0020404845407404,0.0016726608160972,-2.690266691210022,0.0270289286750006,0.1666666666666666,72.0,8.0,8.0,32.0,8.0,5.0,0.3333333333333333,1.6666666666666667,3.0,0.74535599249993,1.0,1.0,0.6055555555555555,2.066666666666667,4.0,2.066666666666667,4.0,0.0,2.0,1.0,0.3333333333333333,0.375
ttn,6,4,2,306444,64.0,0.0371632643491971,0.6639948138262927,0.1479831436442808,0.0072686180799883,4.0960160251060056e-33,-2.138548149977759,0.0271601523553337,0.5972222222222222,0.0021967235740876,0.0016584858780037,-2.658224589324992,0.0281622219160087,0.1666666666666666,72.0,8.0,8.0,32.0,8.0,5.0,0.3333333333333333,1.6666666666666667,3.0,0.74535599249993,1.0,1.0,0.6055555555555555,2.066666666666667,4.0,2.066666666666667,4.0,0.0,2.0,1.0,0.3333333333333333,0.375
ttn,6,4,3,306445,64.0,0.0258194496515734,0.7071781084039525,0.1122544132233227,0.0066567260677229,4.128981211836571e-33,-2.1767393144204368,0.0246548140843167,0.5972222222222222,0.0017363342015543,0.0011749005881945,-2.760366680126188,0.0254093683104121,0.1666666666666666,72.0,8.0,8.0,32.0,8.0,5.0,0.3333333333333333,1.6666666666666667,3.0,0.74535599249993,1.0,1.0,0.6055555555555555,2.066666666666667,4.0,2.066666666666667,4.0,0.0,2.0,1.0,0.3333333333333333,0.375
ttn,6,4,4,306446,64.0,0.0246302154114209,0.7101984399874174,0.1317303371624941,0.0072613018988354,4.911740586478182e-33,-2.138985506463756,0.0266494334613447,0.5972222222222222,0.0018774021148915,0.0014952551836435,-2.7264426972376024,0.0270098737400409,0.1666666666666666,72.0,8.0,8.0,32.0,8.0,5.0,0.3333333333333333,1.6666666666666667,3.0,0.74535599249993,1.0,1.0,0.6055555555555555,2.066666666666667,4.0,2.066666666666667,4.0,0.0,2.0,1.0,0.3333333333333333,0.375
ttn,6,4,5,306447,64.0,0.02340096361931,0.7132986572265344,0.1160523552824622,0.0079949452916204,3.897676624516629e-33,-2.097184503728707,0.0280551345602251,0.5972222222222222,0.0020758342011593,0.0014341484015416,-2.6828073369493564,0.0271360836181705,0.1666666666666666,72.0,8.0,8.0,32.0,8.0,5.0,0.3333333333333333,1.6666666666666667,3.0,0.74535599249993,1.0,1.0,0.6055555555555555,2.066666666666667,4.0,2.066666666666667,4.0,0.0,2.0,1.0,0.3333333333333333,0.375
ttn,6,4,6,306448,64.0,0.0361505542325484,0.6922853326189812,0.1386291270853753,0.0071734581193697,4.6094076774430774e-33,-2.144271432881121,0.0271710978778771,0.5972222222222222,0.0019833655491053,0.0015525102137549,-2.702597234696136,0.0272840394691971,0.1666666666666666,72.0,8.0,8.0,32.0,8.0,5.0,0.3333333333333333,1.6666666666666667,3.0,0.74535599249993,1.0,1.0,0.6055555555555555,2.066666666666667,4.0,2.066666666666667,4.0,0.0,2.0,1.0,0.3333333333333333,0.375
ttn,6,4,7,306449,64.0,0.0304747539527,0.6718815944067933,0.1550398322652794,0.0061969440478117,3.805616114407417e-33,-2.2078224250761287,0.0240194038904629,0.5972222222222222,0.0020655667061157,0.0016036300471018,-2.6849607752067857,0.0277237779382014,0.1666666666666666,72.0,8.0,8.0,32.0,8.0,5.0,0.3333333333333333,1.6666666666666667,3.0,0.74535599249993,1.0,1.0,0.6055555555555555,2.066666666666667,4.0,2.066666666666667,4.0,0.0,2.0,1.0,0.3333333333333333,0.375
ttn,6,4,8,306450,64.0,0.0260577159920721,0.6980436118898381,0.1455753428085123,0.0071950278554443,4.93274037666313e-33,-2.142967520359435,0.0266800635887838,0.5972222222222222,0.0021191245226944,0.0015105764574008,-2.67384352279363,0.0280056377781857,0.1666666666666666,72.0,8.0,8.0,32.0,8.0,5.0,0.3333333333333333,1.6666666666666667,3.0,0.74535599249993,1.0,1.0,0.6055555555555555,2.066666666666667,4.0,2.066666666666667,4.0,0.0,2.0,1.0,0.3333333333333333,0.375
ttn,6,4,9,306451,64.0,0.0221683140942591,0.7014208768370416,0.1414584462020726,0.0067094424642216,4.5758459625467845e-33,-2.173313566980351,0.0266652535636498,0.5972222222222222,0.0019345692064967,0.0017183311910148,-2.7134157293896024,0.0270381445972883,0.1666666666666666,72.0,8.0,8.0,32.0,8.0,5.0,0.3333333333333333,1.6666666666666667,3.0,0.74535599249993,1.0,1.0,0.6055555555555555,2.066666666666667,4.0,2.066666666666667,4.0,0.0,2.0,1.0,0.3333333333333333,0.375
ttn,6,5,0,306542,64.0,0.0183988002495148,0.7133988858831877,0.1358466056186172,0.0077787481295561,4.764416749785606e-33,-2.10909029043602,0.0333314613532793,0.5444444444444444,0.0022315332055525,0.0024700249190421,-2.6513966464076044,0.0322025666056253,0.1333333333333333,90.0,10.0,10.0,39.0,9.0,5.0,0.3333333333333333,1.6666666666666667,3.0,0.74535599249993,1.0,1.0,0.6055555555555555,2.066666666666667,4.0,2.066666666666667,4.0,0.0,1.8,0.9797958971132712,0.3333333333333333,0.4444444444444444
ttn,6,5,1,306543,64.0,0.0132101796080275,0.7376175315558596,0.1125183268568352,0.0075112170587519,3.7839689099247226e-33,-2.124289687619558,0.0322621680030397,0.5444444444444444,0.0021903214190743,0.0024111234857138,-2.659492149868681,0.031311423957636,0.1333333333333333,90.0,10.0,10.0,39.0,9.0,5.0,0.3333333333333333,1.6666666666666667,3.0,0.74535599249993,1.0,1.0,0.6055555555555555,2.066666666666667,4.0,2.066666666666667,4.0,0.0,1.8,0.9797958971132712,0.3333333333333333,0.4444444444444444
ttn,6,5,2,306544,64.0,0.0136871840008723,0.7233527732488365,0.121229028043156,0.0072596160295726,5.397819564222056e-33,-2.139086349086089,0.0324935889031632,0.5444444444444444,0.0019678366138574,0.0021492532597782,-2.706010963143388,0.0300332372351538,0.1333333333333333,90.0,10.0,10.0,39.0,9.0,5.0,0.3333333333333333,1.6666666666666667,3.0,0.74535599249993,1.0,1.0,0.6055555555555555,2.066666666666667,4.0,2.066666666666667,4.0,0.0,1.8,0.9797958971132712,0.3333333333333333,0.4444444444444444
ttn,6,5,3,306545,64.0,0.0086142701002975,0.7249080588903543,0.1324249106633866,0.0074718575790683,4.284620162349977e-33,-2.12657141477772,0.0329550277614244,0.5444444444444444,0.0021508876255798,0.0022657362241397,-2.667382278996747,0.0309956605346367,0.1333333333333333,90.0,10.0,10.0,39.0,9.0,5.0,0.3333333333333333,1.6666666666666667,3.0,0.74535599249993,1.0,1.0,0.6055555555555555,2.066666666666667,4.0,2.066666666666667,4.0,0.0,1.8,0.9797958971132712,0.3333333333333333,0.4444444444444444
ttn,6,5,4,306546,64.0,0.0153338577313776,0.7200773484155524,0.1210403197266467,0.0069775976102022,5.609324687818545e-33,-2.1562940794146512,0.0313910544808509,0.5444444444444444,0.0020641635512174,0.0021362173725674,-2.685255894943462,0.0308856838160304,0.1333333333333333,90.0,10.0,10.0,39.0,9.0,5.0,0.3333333333333333,1.6666666666666667,3.0,0.74535599249993,1.0,1.0,0.6055555555555555,2.066666666666667,4.0,2.066666666666667,4.0,0.0,1.8,0.9797958971132712,0.3333333333333333,0.4444444444444444
ttn,6,5,5,306547,64.0,0.0165780191998793,0.7072008654409538,0.1234317032632371,0.0080382381934962,4.390738056831623e-33,-2.094839128700297,0.0339317052536579,0.5444444444444444,0.002174394904886,0.0023802402823814,-2.662661578263556,0.031514591032324,0.1333333333333333,90.0,10.0,10.0,39.0,9.0,5.0,0.3333333333333333,1.6666666666666667,3.0,0.74535599249993,1.0,1.0,0.6055555555555555,2.066666666666667,4.0,2.066666666666667,4.0,0.0,1.8,0.9797958971132712,0.3333333333333333,0.4444444444444444
ttn,6,5,6,306548,64.0,0.0106780334339946,0.73361227880218,0.1193636035497564,0.0076579751415148,5.636226445171465e-33,-2.115886047745508,0.0323669725220892,0.5444444444444444,0.0021022783258133,0.0022201666182436,-2.677309787183589,0.0307812162108762,0.1333333333333333,90.0,10.0,10.0,39.0,9.0,5.0,0.3333333333333333,1.6666666666666667,3.0,0.74535599249993,1.0,1.0,0.6055555555555555,2.066666666666667,4.0,2.066666666666667,4.0,0.0,1.8,0.9797958971132712,0.3333333333333333,0.4444444444444444
ttn,6,5,7,306549,64.0,0.0126872763014767,0.7170205631409856,0.1195794080553287,0.0063891753385205,4.442604851748454e-33,-2.1945551933349035,0.0304978306129083,0.5444444444444444,0.0021608919865838,0.0022675025172961,-2.6653669410311545,0.0310986740958643,0.1333333333333333,90.0,10.0,10.0,39.0,9.0,5.0,0.3333333333333333,1.6666666666666667,3.0,0.74535599249993,1.0,1.0,0.6055555555555555,2.066666666666667,4.0,2.066666666666667,4.0,0.0,1.8,0.9797958971132712,0.3333333333333333,0.4444444444444444
ttn,6,5,8,306550,64.0,0.0151690185616568,0.7358484392005278,0.115586973935517,0.0073267380379765,4.193345500438297e-33,-2.135089336056885,0.0316631408451886,0.5444444444444444,0.0019695444785567,0.0021333170131552,-2.7056342069982047,0.0301415181516055,0.1333333333333333,90.0,10.0,10.0,39.0,9.0,5.0,0.3333333333333333,1.6666666666666667,3.0,0.74535599249993,1.0,1.0,0.6055555555555555,2.066666666666667,4.0,2.066666666666667,4.0,0.0,1.8,0.9797958971132712,0.3333333333333333,0.4444444444444444
ttn,6,5,9,306551,64.0,0.0227568908189988,0.7165800683736969,0.1220651443052993,0.0075750528188389,5.3356448411344055e-33,-2.1206143345945945,0.0334011398467297,0.5444444444444444,0.0022271749567079,0.0024646953602517,-2.6522456654319067,0.0318088020762139,0.1333333333333333,90.0,10.0,10.0,39.0,9.0,5.0,0.3333333333333333,1.6666666666666667,3.0,0.74535599249993,1.0,1.0,0.6055555555555555,2.066666666666667,4.0,2.066666666666667,4.0,0.0,1.8,0.9797958971132712,0.3333333333333333,0.4444444444444444
ttn,8,1,0,308142,256.0,0.2187813368830021,0.3642282928862933,0.160892774345486,0.0182848162199373,7.818585617500116e-33,-1.7379094003829891,0.0244276741540261,0.9583333333333334,0.0023659860219314,8.231732004870256e-34,-2.6259878254798457,0.0205075052420688,0.6666666666666666,24.0,2.0,2.0,12.0,4.0,4.0,0.1428571428571428,1.0,1.0,0.0,4.0,0.25,0.1428571428571428,,,1.0,1.0,0.0,4.0,0.0,0.1428571428571428,0.0
ttn,8,1,1,308143,256.0,0.1778153388739131,0.3711112776427934,0.1653001489313061,0.0226189857120961,6.054753102267152e-33,-1.6455268737481443,0.0281616229898396,0.9583333333333334,0.0027246020338971,8.261635776391587e-34,-2.564696923517344,0.0219134918003578,0.6666666666666666,24.0,2.0,2.0,12.0,4.0,4.0,0.1428571428571428,1.0,1.0,0.0,4.0,0.25,0.1428571428571428,,,1.0,1.0,0.0,4.0,0.0,0.1428571428571428,0.0
ttn,8,1,2,308144,256.0,0.2411516305284293,0.3669324996917109,0.1529730940198695,0.01988797754515,6.326559223239201e-33,-1.7014093790495215,0.0259901895857635,0.9583333333333334,0.0025849896164532,6.139439933847278e-34,-2.587541197067566,0.0215759081045599,0.6666666666666666,24.0,2.0,2.0,12.0,4.0,4.0,0.1428571428571428,1.0,1.0,0.0,4.0,0.25,0.1428571428571428,,,1.0,1.0,0.0,4.0,0.0,0.1428571428571428,0.0
ttn,8,1,3,308145,256.0,0.2066494741877059,0.3704875857889763,0.1461806552255983,0.0221711491535725,6.802443009400674e-33,-1.654211796370333,0.0275198926146343,0.9583333333333334,0.0024879007567719,9.19702132505478e-34,-2.604166947793907,0.0209830082195085,0.6666666666666666,24.0,2.0,2.0,12.0,4.0,4.0,0.1428571428571428,1.0,1.0,0.0,4.0,0.25,0.1428571428571428,,,1.0,1.0,0.0,4.0,0.0,0.1428571428571428,0.0
ttn,8,1,4,308146,256.0,0.1916187824974046,0.3702459607749401,0.158670532086361,0.0205870268601095,6.989160964836177e-33,-1.6864063688497444,0.0264582231179118,0.9583333333333334,0.0025779039995135,8.39550992001424e-34,-2.588733259697057,0.0211476548010112,0.6666666666666666,24.0,2.0,2.0,12.0,4.0,4.0,0.1428571428571428,1.0,1.0,0.0,4.0,0.25,0.1428571428571428,,,1.0,1.0,0.0,4.0,0.0,0.1428571428571428,0.0
ttn,8,1,5,308147,256.0,0.2029264983867818,0.366470559973207,0.1580041642700361,0.02046932139156,5.670477020952818e-33,-1.6888965550310011,0.0262186574957567,0.9583333333333334,0.0028049021742327,7.294251450395196e-34,-2.552082280907555,0.0226620342926694,0.6666666666666666,24.0,2.0,2.0,12.0,4.0,4.0,0.1428571428571428,1.0,1.0,0.0,4.0,0.25,0.1428571428571428,,,1.0,1.0,0.0,4.0,0.0,0.1428571428571428,0.0
ttn,8,1,6,308148,256.0,0.2550527395946882,0.3867066280358902,0.1419352901064813,0.0204562641962605,9.3716315732438e-33,-1.6891736759556584,0.0265618252285896,0.9583333333333334,0.0025781153308337,5.60959409530421e-34,-2.588697658579072,0.0214679582317575,0.6666666666666666,24.0,2.0,2.0,12.0,4.0,4.0,0.1428571428571428,1.0,1.0,0.0,4.0,0.25,0.1428571428571428,,,1.0,1.0,0.0,4.0,0.0,0.1428571428571428,0.0
ttn,8,1,7,308149,256.0,0.2391061267428249,0.3793660659919547,0.1681006582277573,0.0182541364946017,6.909439923043035e-33,-1.738638706373492,0.0242927218151859,0.9583333333333334,0.002435256348587,7.0558810527579465e-34,-2.6134553157976246,0.0206311974140298,0.6666666666666666,24.0,2.0,2.0,12.0,4.0,4.0,0.1428571428571428,1.0,1.0,0.0,4.0,0.25,0.1428571428571428,,,1.0,1.0,0.0,4.0,0.0,0.1428571428571428,0.0
ttn,8,1,8,308150,256.0,0.2362547818514875,0.379933773485946,0.1590033794257329,0.0225141645512667,5.9445337077420287e-33,-1.6475441640688746,0.0279829789135125,0.9583333333333334,0.00275487952948,6.5620080466524436e-34,-2.5598973880376064,0.0220764271052167,0.6666666666666666,24.0,2.0,2.0,12.0,4.0,4.0,0.1428571428571428,1.0,1.0,0.0,4.0,0.25,0.1428571428571428,,,1.0,1.0,0.0,4.0,0.0,0.1428571428571428,0.0
ttn,8,1,9,308151,256.0,0.2109451393144608,0.3748438372575818,0.1429652644646034,0.0210797449681494,5.7941162870758e-33,-1.6761346477097478,0.0266602900724917,0.9583333333333334,0.002768822078401,7.245177150375952e-34,-2.5577049506651277,0.0229971319616552,0.6666666666666666,24.0,2.0,2.0,12.0,4.0,4.0,0.1428571428571428,1.0,1.0,0.0,4.0,0.25,0.1428571428571428,,,1.0,1.0,0.0,4.0,0.0,0.1428571428571428,0.0
ttn,8,2,0,308242,256.0,0.1057446656453742,0.5108295090385727,0.1633509914304401,0.014518397844654,5.205065395494391e-33,-1.8380813068877733,0.0276722191899268,0.875,0.0015573540942367,0.0008696279851676,-2.80761263104831,0.0216341847753907,0.3333333333333333,48.0,4.0,4.0,22.0,6.0,6.0,0.2142857142857142,1.5,2.0,0.5,2.0,0.5,0.3095238095238095,,,1.6666666666666667,3.0,0.0,3.0,1.0,0.2142857142857142,0.0
ttn,8,2,1,308243,256.0,0.1069263082512905,0.5312313698987502,0.1423109723200618,0.0137717327023231,6.545267958360298e-33,-1.8610114151739163,0.0271717138882978,0.875,0.0016853823944265,0.0008173536527644,-2.77330154704902,0.0222587401429862,0.3333333333333333,48.0,4.0,4.0,22.0,6.0,6.0,0.2142857142857142,1.5,2.0,0.5,2.0,0.5,0.3095238095238095,,,1.6666666666666667,3.0,0.0,3.0,1.0,0.2142857142857142,0.0
ttn,8,2,2,308244,256.0,0.1137151013625202,0.5104940995492027,0.1295279117168373,0.0144371528448888,5.816708164824409e-33,-1.8405184456633,0.0279523008062406,0.875,0.0017667450520137,0.0013140264994011,-2.7528261163065,0.0229207114695331,0.3333333333333333,48.0,4.0,4.0,22.0,6.0,6.0,0.2142857142857142,1.5,2.0,0.5,2.0,0.5,0.3095238095238095,,,1.6666666666666667,3.0,0.0,3.0,1.0,0.2142857142857142,0.0
ttn,8,2,3,308245,256.0,0.1106685274560157,0.5460886905367875,0.1435797499127578,0.0134314838466006,6.327978240665085e-33,-1.8718760058872963,0.0262189377810113,0.875,0.0017583136289948,0.0009331927289541,-2.7549036575935903,0.0226464264374522,0.3333333333333333,48.0,4.0,4.0,22.0,6.0,6.0,0.2142857142857142,1.5,2.0,0.5,2.0,0.5,0.3095238095238095,,,1.6666666666666667,3.0,0.0,3.0,1.0,0.2142857142857142,0.0
ttn,8,2,4,308246,256.0,0.111225302497172,0.5415281869189045,0.1395908240177989,0.0136291259459882,5.762054564274359e-33,-1.865531995156227,0.0267458366663971,0.875,0.0017000270941926,0.0007064624777806,-2.769544156995506,0.022183010144389,0.3333333333333333,48.0,4.0,4.0,22.0,6.0,6.0,0.2142857142857142,1.5,2.0,0.5,2.0,0.5,0.3095238095238095,,,1.6666666666666667,3.0,0.0,3.0,1.0,0.2142857142857142,0.0
ttn,8,2,5,308247,256.0,0.1075722676050598,0.5178488369445619,0.1439169441848339,0.0147019038092661,5.5159487121438766e-33,-1.8326264230529907,0.0284203137397092,0.875,0.0017082222776432,0.0009015132791518,-2.767455618615964,0.0228286036654372,0.3333333333333333,48.0,4.0,4.0,22.0,6.0,6.0,0.2142857142857142,1.5,2.0,0.5,2.0,0.5,0.3095238095238095,,,1.6666666666666667,3.0,0.0,3.0,1.0,0.2142857142857142,0.0
ttn,8,2,6,308248,256.0,0.1221245983558741,0.5405232794270267,0.1475828550192965,0.0144793400196086,6.0953282538969726e-33,-1.8392512331923505,0.0271967558402751,0.875,0.0016481304597849,0.0006577055220744,-2.7830084141666647,0.0223415684836549,0.3333333333333333,48.0,4.0,4.0,22.0,6.0,6.0,0.2142857142857142,1.5,2.0,0.5,2.0,0.5,0.3095238095238095,,,1.6666666666666667,3.0,0.0,3.0,1.0,0.2142857142857142,0.0
ttn,8,2,7,308249,256.0,0.1205287316558676,0.5278971506510292,0.1627090602049768,0.0148947244614371,5.4297542669394215e-33,-1.8269675264190108,0.0285695993029827,0.875,0.0017059628276506,0.0010007355548201,-2.7680304361943344,0.0230007238187259,0.3333333333333333,48.0,4.0,4.0,22.0,6.0,6.0,0.2142857142857142,1.5,2.0,0.5,2.0,0.5,0.3095238095238095,,,1.6666666666666667,3.0,0.0,3.0,1.0,0.2142857142857142,0.0
ttn,8,2,8,308250,256.0,0.1126117359785361,0.520492181213133,0.1473580081833227,0.0155467587116369,5.306415221175688e-33,-1.8083601417098505,0.0291503278917188,0.875,0.0017268902588799,0.0010393750613744,-2.762735260276888,0.0226328673917836,0.3333333333333333,48.0,4.0,4.0,22.0,6.0,6.0,0.2142857142857142,1.5,2.0,0.5,2.0,0.5,0.3095238095238095,,,1.6666666666666667,3.0,0.0,3.0,1.0,0.2142857142857142,0.0
ttn,8,2,9,308251,256.0,0.107021563465296,0.524407021224574,0.154728813784004,0.0137573112049947,5.477406115830944e-33,-1.8614664384071615,0.0269862079798034,0.875,0.0017006583624743,0.0008485681298834,-2.769382921069404,0.022749965083608,0.3333333333333333,48.0,4.0,4.0,22.0,6.0,6.0,0.2142857142857142,1.5,2.0,0.5,2.0,0.5,0.3095238095238095,,,1.6666666666666667,3.0,0.0,3.0,1.0,0.2142857142857142,0.0
ttn,8,3,0,308342,256.0,0.0606654551508387,0.5844923901862824,0.143584729946764,0.0097470650866583,4.353913609534589e-33,-2.011126133896143,0.0253808091147532,0.7777777777777778,0.0015248993713962,0.0015606771074,-2.816758814605228,0.0237137619990627,0.2222222222222222,72.0,6.0,6.0,31.0,7.0,7.0,0.25,1.75,3.0,0.82915619758885,1.0,1.0,0.5309523809523807,2.4285714285714284,5.0,2.4285714285714284,5.0,0.0,2.333333333333333,1.247219128924647,0.25,0.0
ttn,8,3,1,308343,256.0,0.0560776619462502,0.5784025599931758,0.1390494409785918,0.0086844783544678,4.938456288095658e-33,-2.061256262948595,0.0239384890986014,0.7777777777777778,0.0014540877357538,0.0015484913095516,-2.837409388522216,0.0233917113909053,0.2222222222222222,72.0,6.0,6.0,31.0,7.0,7.0,0.25,1.75,3.0,0.82915619758885,1.0,1.0,0.5309523809523807,2.4285714285714284,5.0,2.4285714285714284,5.0,0.0,2.333333333333333,1.247219128924647,0.25,0.0
ttn,8,3,2,308344,256.0,0.0811849031070867,0.5546801111993671,0.1161461578469232,0.0084623139339772,4.8339051892476544e-33,-2.072510867297682,0.0237772043495021,0.7777777777777778,0.0014095841723205,0.0012711593516872,-2.850908985430648,0.0228116075269385,0.2222222222222222,72.0,6.0,6.0,31.0,7.0,7.0,0.25,1.75,3.0,0.82915619758885,1.0,1.0,0.5309523809523807,2.4285714285714284,5.0,2.4285714285714284,5.0,0.0,2.333333333333333,1.247219128924647,0.25,0.0
ttn,8,3,3,308345,256.0,0.0610761291973727,0.5822247252469517,0.1395709480829441,0.0090670617990242,3.599252039287676e-33,-2.0425334242078934,0.0240379591654108,0.7777777777777778,0.0013274598946962,0.0011014244106757,-2.8769785909811127,0.0218634264448579,0.2222222222222222,72.0,6.0,6.0,31.0,7.0,7.0,0.25,1.75,3.0,0.82915619758885,1.0,1.0,0.5309523809523807,2.4285714285714284,5.0,2.4285714285714284,5.0,0.0,2.333333333333333,1.247219128924647,0.25,0.0
ttn,8,3,4,308346,256.0,0.0600305184632195,0.5570959474748113,0.1321815257799985,0.0094696316250587,4.002305786367496e-33,-2.02366691501108,0.024289929803002,0.7777777777777778,0.0014245722892624,0.0013068591059089,-2.8463155077925517,0.0227113650468274,0.2222222222222222,72.0,6.0,6.0,31.0,7.0,7.0,0.25,1.75,3.0,0.82915619758885,1.0,1.0,0.5309523809523807,2.4285714285714284,5.0,2.4285714285714284,5.0,0.0,2.333333333333333,1.247219128924647,0.25,0.0
ttn,8,3,5,308347,256.0,0.0764048222618423,0.5640125328947562,0.1480575541961468,0.0084012992500395,4.504708609795253e-33,-2.075653545665531,0.0226768502450004,0.7777777777777778,0.0014573116262194,0.0013912817406246,-2.836447570346368,0.02294311421999,0.2222222222222222,72.0,6.0,6.0,31.0,7.0,7.0,0.25,1.75,3.0,0.82915619758885,1.0,1.0,0.5309523809523807,2.4285714285714284,5.0,2.4285714285714284,5.0,0.0,2.333333333333333,1.247219128924647,0.25,0.0
ttn,8,3,6,308348,256.0,0.0730163446839207,0.568787967941292,0.1337764310739291,0.0094096548418615,3.63730930422831e-33,-2.026426306755967,0.0251677012611472,0.7777777777777778,0.001437067501965,0.0013783936937284,-2.842522831697087,0.0230874800313678,0.2222222222222222,72.0,6.0,6.0,31.0,7.0,7.0,0.25,1.75,3.0,0.82915619758885,1.0,1.0,0.5309523809523807,2.4285714285714284,5.0,2.4285714285714284,5.0,0.0,2.333333333333333,1.247219128924647,0.25,0.0
ttn,8,3,7,308349,256.0,0.0566985770449039,0.5854507982767145,0.1364905558226037,0.0077886395491927,4.3125357025204826e-33,-2.1085383944296856,0.0218346383720167,0.7777777777777778,0.0014017113115603,0.0014267256595061,-2.8533414219658497,0.0228000919323275,0.2222222222222222,72.0,6.0,6.0,31.0,7.0,7.0,0.25,1.75,3.0,0.82915619758885,1.0,1.0,0.5309523809523807,2.4285714285714284,5.0,2.4285714285714284,5.0,0.0,2.333333333333333,1.247219128924647,0.25,0.0
ttn,8,3,8,308350,256.0,0.0553738366736528,0.5734816973057344,0.1244990687781385,0.0081973782286236,4.032732424127722e-33,-2.08632502601933,0.0226672313033359,0.7777777777777778,0.0014504322761655,0.0014242107288452,-2.838502544540897,0.0230672419134156,0.2222222222222222,72.0,6.0,6.0,31.0,7.0,7.0,0.25,1.75,3.0,0.82915619758885,1.0,1.0,0.5309523809523807,2.4285714285714284,5.0,2.4285714285714284,5.0,0.0,2.333333333333333,1.247219128924647,0.25,0.0
ttn,8,3,9,308351,256.0,0.0563748936292055,0.5741621728478453,0.1431684673047196,0.0096047965748085,4.286148925073465e-33,-2.017511828863056,0.0252060436370416,0.7777777777777778,0.0014592965386789,0.0014181762884859,-2.835856447636333,0.0231592936412782,0.2222222222222222,72.0,6.0,6.0,31.0,7.0,7.0,0.25,1.75,3.0,0.82915619758885,1.0,1.0,0.5309523809523807,2.4285714285714284,5.0,2.4285714285714284,5.0,0.0,2.333333333333333,1.247219128924647,0.25,0.0
ttn,8,4,0,308442,256.0,0.0369889636705361,0.6954432966528488,0.1232291383758405,0.0047025244423773,4.28339911978343e-33,-2.327668938433185,0.0177653055642358,0.625,0.0010134854553624,0.0007560063696527,-2.9941824795325345,0.0184652028181816,0.1666666666666666,96.0,8.0,8.0,43.0,11.0,7.0,0.25,1.75,3.0,0.82915619758885,1.0,1.0,0.5309523809523807,2.4285714285714284,5.0,2.4285714285714284,5.0,0.0,2.75,1.299038105676658,0.25,0.3636363636363636
ttn,8,4,1,308443,256.0,0.0289950817572115,0.7159931900387018,0.1245729025810645,0.0047141314742818,5.106591572209541e-33,-2.3265983094317857,0.017644970601776,0.625,0.0010184694205913,0.0008677697818044,-2.9920520061020195,0.0193440246533421,0.1666666666666666,96.0,8.0,8.0,43.0,11.0,7.0,0.25,1.75,3.0,0.82915619758885,1.0,1.0,0.5309523809523807,2.4285714285714284,5.0,2.4285714285714284,5.0,0.0,2.75,1.299038105676658,0.25,0.3636363636363636
ttn,8,4,2,308444,256.0,0.0296927276111767,0.7216931249532357,0.1038596836889626,0.0040218944565496,3.135724408402973e-33,-2.3955693304422883,0.0157976634949696,0.6254166666666666,0.0010186966353394,0.0006795872744189,-2.9919551282736774,0.0187587081824336,0.1666666666666666,96.0,8.0,8.0,43.0,11.0,7.0,0.25,1.75,3.0,0.82915619758885,1.0,1.0,0.5309523809523807,2.4285714285714284,5.0,2.4285714285714284,5.0,0.0,2.75,1.299038105676658,0.25,0.3636363636363636
ttn,8,4,3,308445,256.0,0.0288512217627015,0.7194838751262372,0.103540148033773,0.0043153147340019,3.864439601136095e-33,-2.3649875238756324,0.016476010965987,0.625,0.001083227109481,0.0007771595329652,-2.9652804796128454,0.0194359482874714,0.1666666666666666,96.0,8.0,8.0,43.0,11.0,7.0,0.25,1.75,3.0,0.82915619758885,1.0,1.0,0.5309523809523807,2.4285714285714284,5.0,2.4285714285714284,5.0,0.0,2.75,1.299038105676658,0.25,0.3636363636363636
ttn,8,4,4,308446,256.0,0.0416915229991455,0.7148552506458843,0.1188230149848039,0.0044145577286886,3.8030797211709116e-33,-2.3551127995861325,0.0182315540144413,0.625,0.0011126929605491,0.0009488967072268,-2.953624659506617,0.0200852073015728,0.1666666666666666,96.0,8.0,8.0,43.0,11.0,7.0,0.25,1.75,3.0,0.82915619758885,1.0,1.0,0.5309523809523807,2.4285714285714284,5.0,2.4285714285714284,5.0,0.0,2.75,1.299038105676658,0.25,0.3636363636363636
ttn,8,4,5,308447,256.0,0.0409934242431476,0.7204986185613409,0.1164084739156325,0.004870915670616,4.202830315265296e-33,-2.312389389234046,0.0176005329164869,0.625,0.0009793457516189,0.0007741641570896,-3.009063956295988,0.0187059483214015,0.1666666666666666,96.0,8.0,8.0,43.0,11.0,7.0,0.25,1.75,3.0,0.82915619758885,1.0,1.0,0.5309523809523807,2.4285714285714284,5.0,2.4285714285714284,5.0,0.0,2.75,1.299038105676658,0.25,0.3636363636363636
ttn,8,4,6,308448,256.0,0.0275461742359996,0.7125383058976686,0.114170006622857,0.0045306678092614,4.23810660033324e-33,-2.343837779333389,0.0170573151763939,0.625,0.0010099380358171,0.0008172176497201,-2.99570527129478,0.019166206988059,0.1666666666666666,96.0,8.0,8.0,43.0,11.0,7.0,0.25,1.75,3.0,0.82915619758885,1.0,1.0,0.5309523809523807,2.4285714285714284,5.0,2.4285714285714284,5.0,0.0,2.75,1.299038105676658,0.25,0.3636363636363636
ttn,8,4,7,308449,256.0,0.0425235397020215,0.7238894332011142,0.112829097222216,0.004719537563411,4.295688401110838e-33,-2.3261005529544,0.0175109896809283,0.625,0.0009839155297063,0.0007748438019065,-3.007042184655128,0.0185402590911451,0.1666666666666666,96.0,8.0,8.0,43.0,11.0,7.0,0.25,1.75,3.0,0.82915619758885,1.0,1.0,0.5309523809523807,2.4285714285714284,5.0,2.4285714285714284,5.0,0.0,2.75,1.299038105676658,0.25,0.3636363636363636
ttn,8,4,8,308450,256.0,0.0391155984303755,0.7229357803910922,0.1082877687669324,0.0044683568379708,4.4748042317688935e-33,-2.349852151900756,0.0171234733195662,0.625,0.001071832842139,0.0008453168885044,-2.9698729398271886,0.0195499600051241,0.1666666666666666,96.0,8.0,8.0,43.0,11.0,7.0,0.25,1.75,3.0,0.82915619758885,1.0,1.0,0.5309523809523807,2.4285714285714284,5.0,2.4285714285714284,5.0,0.0,2.75,1.299038105676658,0.25,0.3636363636363636
ttn,8,4,9,308451,256.0,0.0453875303284787,0.7125995100719079,0.1094180719279522,0.0042559598361271,3.7227935068668834e-33,-2.3710024791694577,0.0166006669407674,0.625,0.0010669475040581,0.0008493151579617,-2.9718569482032104,0.0193588910888665,0.1666666666666666,96.0,8.0,8.0,43.0,11.0,7.0,0.25,1.75,3.0,0.82915619758885,1.0,1.0,0.5309523809523807,2.4285714285714284,5.0,2.4285714285714284,5.0,0.0,2.75,1.299038105676658,0.25,0.3636363636363636
ttn,8,5,0,308542,256.0,0.0260873977515815,0.7630017447062936,0.0918259182688836,0.0049870693740664,3.877452851222755e-33,-2.30215459036101,0.0220719813134573,0.6,0.0010464373754282,0.0011315821985413,-2.9802867571196026,0.0217011255697738,0.1333333333333333,120.0,10.0,10.0,53.0,13.0,7.0,0.25,1.75,3.0,0.82915619758885,1.0,1.0,0.5309523809523807,2.4285714285714284,5.0,2.4285714285714284,5.0,0.0,2.6,1.2000000000000002,0.25,0.4615384615384615
ttn,8,5,1,308543,256.0,0.0187697543911423,0.7562736518623454,0.0804288908181014,0.004584403493065,3.2209625522427725e-33,-2.338717165233547,0.0215419191222837,0.6,0.0010826175770682,0.0011659976217959,-2.9655249261071464,0.0221775526601996,0.1333333333333333,120.0,10.0,10.0,53.0,13.0,7.0,0.25,1.75,3.0,0.82915619758885,1.0,1.0,0.5309523809523807,2.4285714285714284,5.0,2.4285714285714284,5.0,0.0,2.6,1.2000000000000002,0.25,0.4615384615384615
ttn,8,5,2,308544,256.0,0.0240509950353235,0.7646396475678013,0.0930684795971364,0.004677576165277,3.125269894535133e-33,-2.329979132125068,0.0211147822067873,0.6,0.0009924983979198,0.0009966502434522,-3.003270185597709,0.0211134168000413,0.1333333333333333,120.0,10.0,10.0,53.0,13.0,7.0,0.25,1.75,3.0,0.82915619758885,1.0,1.0,0.5309523809523807,2.4285714285714284,5.0,2.4285714285714284,5.0,0.0,2.6,1.2000000000000002,0.25,0.4615384615384615
ttn,8,5,3,308545,256.0,0.0282816000892431,0.7517612643600674,0.0968696778272744,0.0043951469531382,3.4096740850792355e-33,-2.357026599573119,0.0207504037248519,0.6,0.0010353296404233,0.0011414794826214,-2.9849213524062987,0.0215127348346619,0.1333333333333333,120.0,10.0,10.0,53.0,13.0,7.0,0.25,1.75,3.0,0.82915619758885,1.0,1.0,0.5309523809523807,2.4285714285714284,5.0,2.4285714285714284,5.0,0.0,2.6,1.2000000000000002,0.25,0.4615384615384615
ttn,8,5,4,308546,256.0,0.0220503947795942,0.7594298904581623,0.0919905717750145,0.0044725379336877,3.39260480573506e-33,-2.349445967290184,0.0204884306661606,0.6,0.0010554993651257,0.0010835401045146,-2.9765420235808406,0.0215515903863668,0.1333333333333333,120.0,10.0,10.0,53.0,13.0,7.0,0.25,1.75,3.0,0.82915619758885,1.0,1.0,0.5309523809523807,2.4285714285714284,5.0,2.4285714285714284,5.0,0.0,2.6,1.2000000000000002,0.25,0.4615384615384615
ttn,8,5,5,308547,256.0,0.0238051022179936,0.746744625800335,0.0987496434159434,0.0045339578802724,3.699537312285501e-33,-2.343522518715506,0.0211097601228919,0.6,0.0009913311354446,0.0010660732904586,-3.003781253410639,0.0211269852845895,0.1333333333333333,120.0,10.0,10.0,53.0,13.0,7.0,0.25,1.75,3.0,0.82915619758885,1.0,1.0,0.5309523809523807,2.4285714285714284,5.0,2.4285714285714284,5.0,0.0,2.6,1.2000000000000002,0.25,0.4615384615384615
ttn,8,5,6,308548,256.0,0.0200621981007513,0.7775908390591694,0.0808561870333675,0.0043677076686722,3.246383167532281e-33,-2.359746436725269,0.0208218884528112,0.6,0.000966354075286,0.0010293055832389,-3.014863717509958,0.0206534978454595,0.1333333333333333,120.0,10.0,10.0,53.0,13.0,7.0,0.25,1.75,3.0,0.82915619758885,1.0,1.0,0.5309523809523807,2.4285714285714284,5.0,2.4285714285714284,5.0,0.0,2.6,1.2000000000000002,0.25,0.4615384615384615
ttn,8,5,7,308549,256.0,0.0183878221985802,0.7807051975253381,0.0819908649331692,0.004544767284271,3.725814654037473e-33,-2.342488350009553,0.0215762372482058,0.6,0.001084091405859,0.0012525371806406,-2.9649340984372725,0.0220584075665698,0.1333333333333333,120.0,10.0,10.0,53.0,13.0,7.0,0.25,1.75,3.0,0.82915619758885,1.0,1.0,0.5309523809523807,2.4285714285714284,5.0,2.4285714285714284,5.0,0.0,2.6,1.2000000000000002,0.25,0.4615384615384615
ttn,8,5,8,308550,256.0,0.0172121700176576,0.7602898259205044,0.1007048621552496,0.0050445085161584,3.7376704781561e-33,-2.2971811404514657,0.0224028366535183,0.6,0.0010340565666384,0.0011439710658051,-2.985455703111536,0.0213176303762549,0.1333333333333333,120.0,10.0,10.0,53.0,13.0,7.0,0.25,1.75,3.0,0.82915619758885,1.0,1.0,0.5309523809523807,2.4285714285714284,5.0,2.4285714285714284,5.0,0.0,2.6,1.2000000000000002,0.25,0.4615384615384615
ttn,8,5,9,308551,256.0,0.0179015177626399,0.7410432232725636,0.1003026794345121,0.0043968930787505,3.743882152835557e-33,-2.356854095188394,0.020409106837351,0.6,0.0010914122375802,0.0011701503448955,-2.962011180950713,0.0220011924861565,0.1333333333333333,120.0,10.0,10.0,53.0,13.0,7.0,0.25,1.75,3.0,0.82915619758885,1.0,1.0,0.5309523809523807,2.4285714285714284,5.0,2.4285714285714284,5.0,0.0,2.6,1.2000000000000002,0.25,0.4615384615384615
